"","Finished","Duration (in seconds)","Gender","Age","Serious_check","recall_score","block","number","Format","Conflict","NC_1","NC_2","NC_3","NC_4","NC_5","NC_6","NBS_1","NBS_2","NBS_3","NBS_4","NBS_5","NBS_6","Mistrust_expertise_1","Mistrust_expertise_2","Mistrust_expertise_3","GSS","Certainty_sci_know_1","Certainty_sci_know_2","Certainty_sci_know_3","Certainty_sci_know_4","Certainty_sci_know_5","Certainty_sci_know_6","Development_sci_know_1","Development_sci_know_2","Development_sci_know_3","Development_sci_know_4","Development_sci_know_5","Development_sci_know_6","confusion","backlash","mistrust","certainty","development"
"1",1,430,2,51,1,7,"Block","3","Qualified","Conf.",2,2,2,2,2,1,2,2,2,1,1,1,2,2,2,1,4,2,4,4,4,4,4,4,4,4,5,5,1.83333333333333,1.5,2,3.66666666666667,4.33333333333333
"2",1,454,1,19,1,7,"Block","3","Qualified","Conf.",2,2,2,4,3,3,5,3,2,2,2,4,2,1,2,1,5,3,5,5,5,5,5,4,5,4,5,4,2.66666666666667,3,1.66666666666667,4.66666666666667,4.5
"3",1,513,2,31,1,7,"Block","4","Qualified","Non-Conf.",2,1,1,2,2,2,1,2,2,2,2,2,1,1,5,1,5,4,5,3,5,5,5,5,5,5,5,5,1.66666666666667,1.83333333333333,2.33333333333333,4.5,5
"4",1,486,2,32,1,7,"Block","1","Generic","Conf.",5,4,3,4,2,2,4,4,4,3,3,4,3,2,3,2,3,2,4,3,5,5,5,4,4,4,4,4,3.33333333333333,3.66666666666667,2.66666666666667,3.66666666666667,4.16666666666667
"5",1,745,1,49,1,7,"Block","1","Generic","Conf.",4,4,4,4,4,4,4,2,2,2,2,2,2,1,2,1,4,2,5,2,5,4,4,5,4,5,5,4,4,2.33333333333333,1.66666666666667,3.66666666666667,4.5
"6",1,584,1,20,1,7,"Block","2","Generic","Non-Conf.",4,4,3,4,2,2,4,4,5,1,1,2,2,1,1,1,4,3,5,3,4,4,5,5,5,5,5,5,3.16666666666667,2.83333333333333,1.33333333333333,3.83333333333333,5
"7",1,476,2,20,1,7,"Block","4","Qualified","Non-Conf.",4,4,2,5,4,2,5,4,4,1,2,5,3,2,4,2,5,5,5,5,5,4,5,5,4,5,5,4,3.5,3.5,3,4.83333333333333,4.66666666666667
"8",1,674,2,29,1,7,"Block","2","Generic","Non-Conf.",1,1,4,1,4,4,3,4,4,2,2,2,1,1,2,1,2,1,5,4,3,5,5,5,5,5,5,5,2.5,2.83333333333333,1.33333333333333,3.33333333333333,5
"9",1,445,2,29,1,7,"Block","2","Generic","Non-Conf.",4,4,2,4,2,2,4,2,2,2,2,4,3,3,2,2,4,4,3,4,4,3,4,4,5,5,5,4,3,2.66666666666667,2.66666666666667,3.66666666666667,4.5
"10",1,629,2,18,1,7,"Block","1","Generic","Conf.",4,4,2,4,2,2,5,2,2,1,2,4,2,3,2,2,5,2,4,2,4,2,5,5,5,5,5,4,3,2.66666666666667,2.33333333333333,3.16666666666667,4.83333333333333
"11",1,374,2,31,1,5,"Block","2","Generic","Non-Conf.",3,3,3,3,3,3,4,4,3,3,3,3,3,3,3,2,3,3,3,3,3,3,3,3,2,2,2,3,3,3.33333333333333,3,3,2.5
"12",1,507,2,21,1,7,"Block","1","Generic","Conf.",4,4,2,3,3,2,4,2,4,2,3,4,3,3,2,1,4,2,4,4,4,4,4,4,4,4,4,2,3,3.16666666666667,2.66666666666667,3.66666666666667,3.66666666666667
"13",1,577,2,36,1,7,"Block","2","Generic","Non-Conf.",4,3,2,2,3,2,3,2,1,2,3,2,3,1,2,1,1,5,5,2,3,5,5,4,5,5,5,3,2.66666666666667,2.16666666666667,2,3.5,4.5
"14",1,550,2,35,1,7,"Block","4","Qualified","Non-Conf.",2,2,1,4,4,2,3,2,1,2,2,2,1,1,2,1,5,4,5,2,4,5,5,5,5,5,5,5,2.5,2,1.33333333333333,4.16666666666667,5
"15",1,484,2,37,1,7,"Block","3","Qualified","Conf.",4,4,2,4,4,4,3,2,3,2,2,4,3,3,2,2,5,5,5,5,5,5,5,5,5,5,5,5,3.66666666666667,2.66666666666667,2.66666666666667,5,5
"16",1,450,1,26,1,7,"Block","4","Qualified","Non-Conf.",1,1,1,3,3,2,3,1,1,1,1,3,2,1,1,2,4,3,5,4,5,5,5,5,5,5,5,5,1.83333333333333,1.66666666666667,1.33333333333333,4.33333333333333,5
"17",1,476,2,37,1,7,"Block","2","Generic","Non-Conf.",4,4,4,4,2,4,4,4,4,2,2,1,1,2,1,1,5,2,5,4,5,5,5,5,5,5,5,5,3.66666666666667,2.83333333333333,1.33333333333333,4.33333333333333,5
"18",1,499,2,22,1,7,"Block","1","Generic","Conf.",4,4,2,4,4,4,4,2,2,2,2,4,1,3,2,2,5,5,5,5,5,5,4,3,5,3,4,4,3.66666666666667,2.66666666666667,2,5,3.83333333333333
"19",1,548,2,24,1,7,"Block","2","Generic","Non-Conf.",5,4,2,3,2,4,5,3,4,2,3,4,2,3,1,2,5,2,5,5,5,5,5,4,5,5,5,4,3.33333333333333,3.5,2,4.5,4.66666666666667
"20",1,641,2,18,1,7,"Block","4","Qualified","Non-Conf.",5,4,2,4,3,2,4,2,2,2,2,3,1,1,1,1,4,3,5,4,5,5,5,5,5,5,5,5,3.33333333333333,2.5,1,4.33333333333333,5
"21",1,773,1,34,1,6,"Block","3","Qualified","Conf.",4,4,3,4,4,4,5,2,2,2,3,4,1,2,2,2,4,2,5,4,4,3,4,5,5,4,5,4,3.83333333333333,3,1.66666666666667,3.66666666666667,4.5
"22",1,564,1,29,1,6,"Block","3","Qualified","Conf.",4,4,2,3,3,3,1,2,2,1,2,2,3,2,2,2,5,4,5,5,5,5,5,5,5,5,5,4,3.16666666666667,1.66666666666667,2.33333333333333,4.83333333333333,4.83333333333333
"23",1,687,2,36,1,6,"Block","3","Qualified","Conf.",2,2,2,4,4,4,4,2,2,2,2,4,2,2,2,1,4,4,5,4,4,4,4,5,4,5,4,4,3,2.66666666666667,2,4.16666666666667,4.33333333333333
"24",1,592,1,18,1,6,"Block","3","Qualified","Conf.",4,2,2,2,2,2,2,2,2,2,2,3,2,2,2,1,5,4,4,5,5,4,5,5,5,4,5,4,2.33333333333333,2.16666666666667,2,4.5,4.66666666666667
"25",1,390,2,18,1,7,"Block","4","Qualified","Non-Conf.",4,5,4,3,2,1,3,4,3,5,4,3,1,2,1,1,2,2,5,4,5,5,5,5,5,5,5,5,3.16666666666667,3.66666666666667,1.33333333333333,3.83333333333333,5
"26",1,775,2,62,1,7,"Block","1","Generic","Conf.",4,4,4,4,4,4,5,5,5,4,4,4,3,3,4,3,5,4,5,4,5,5,5,5,5,5,5,5,4,4.5,3.33333333333333,4.66666666666667,5
"27",1,431,2,30,1,7,"Block","2","Generic","Non-Conf.",4,2,2,2,2,2,1,2,2,1,2,1,3,2,1,2,4,5,5,2,5,2,5,5,5,5,5,5,2.33333333333333,1.5,2,3.83333333333333,5
"28",1,450,2,25,1,7,"Block","3","Qualified","Conf.",2,4,1,3,2,1,4,2,1,2,2,4,3,2,2,1,4,1,5,4,5,5,5,5,5,5,5,5,2.16666666666667,2.5,2.33333333333333,4,5
"29",1,1282,2,29,1,7,"Block","4","Qualified","Non-Conf.",4,4,4,4,4,4,4,3,3,4,3,4,3,3,2,2,4,1,2,3,4,3,5,4,5,4,4,4,4,3.5,2.66666666666667,2.83333333333333,4.33333333333333
"30",1,620,2,30,1,5,"Block","3","Qualified","Conf.",4,4,2,2,2,2,3,2,2,2,2,2,2,2,2,1,5,5,5,4,5,5,5,5,4,5,5,5,2.66666666666667,2.16666666666667,2,4.83333333333333,4.83333333333333
"31",1,600,2,26,1,7,"Block","1","Generic","Conf.",4,2,1,2,2,2,2,2,2,1,1,2,2,2,1,1,5,5,4,4,4,4,4,5,5,5,5,5,2.16666666666667,1.66666666666667,1.66666666666667,4.33333333333333,4.83333333333333
"32",1,655,1,25,1,7,"Block","4","Qualified","Non-Conf.",4,4,4,5,5,4,5,3,3,3,3,5,2,2,2,2,3,3,5,2,4,5,5,4,5,4,4,5,4.33333333333333,3.66666666666667,2,3.66666666666667,4.5
"33",1,789,1,24,1,7,"Block","4","Qualified","Non-Conf.",4,2,2,3,2,3,2,1,2,1,2,2,1,1,2,1,4,3,5,4,5,5,5,5,5,5,5,5,2.66666666666667,1.66666666666667,1.33333333333333,4.33333333333333,5
"34",1,808,2,39,1,6,"Block","2","Generic","Non-Conf.",2,3,2,2,2,2,4,2,2,2,2,4,2,2,3,2,5,5,5,5,5,5,5,4,5,5,5,5,2.16666666666667,2.66666666666667,2.33333333333333,5,4.83333333333333
"35",1,850,2,18,1,7,"Block","1","Generic","Conf.",4,4,2,3,4,2,4,2,1,1,2,5,2,1,2,1,4,5,5,4,4,5,4,4,5,4,5,4,3.16666666666667,2.5,1.66666666666667,4.5,4.33333333333333
"37",1,1072,2,36,1,7,"Block","2","Generic","Non-Conf.",4,3,2,2,2,3,4,5,2,2,2,1,3,2,2,2,4,2,4,3,5,3,5,4,4,4,5,5,2.66666666666667,2.66666666666667,2.33333333333333,3.5,4.5
"38",1,566,2,31,1,6,"Block","4","Qualified","Non-Conf.",4,4,4,4,2,2,3,2,3,4,4,4,3,3,3,2,3,3,3,4,3,2,3,3,4,4,3,4,3.33333333333333,3.33333333333333,3,3,3.5
"39",1,794,2,22,1,6,"Block","3","Qualified","Conf.",4,4,4,4,4,4,4,2,3,2,2,3,1,1,1,2,2,1,5,5,4,5,5,5,4,5,5,5,4,2.66666666666667,1,3.66666666666667,4.83333333333333
"40",1,365,1,22,1,7,"Block","2","Generic","Non-Conf.",2,2,2,2,3,3,5,3,3,1,1,4,1,1,1,1,4,3,5,4,5,5,5,5,4,5,5,5,2.33333333333333,2.83333333333333,1,4.33333333333333,4.83333333333333
"41",1,439,2,30,1,7,"Block","3","Qualified","Conf.",2,2,2,4,4,4,4,3,4,2,4,4,2,2,2,2,5,3,5,3,5,5,5,4,4,4,4,4,3,3.5,2,4.33333333333333,4.16666666666667
"42",1,367,1,35,1,7,"Block","1","Generic","Conf.",4,4,2,4,2,4,1,4,3,4,4,4,2,2,2,1,4,2,5,3,4,4,5,4,4,4,4,4,3.33333333333333,3.33333333333333,2,3.66666666666667,4.16666666666667
"43",1,450,2,29,1,7,"Block","1","Generic","Conf.",4,5,2,5,4,4,4,4,4,3,4,5,5,2,3,2,5,4,5,4,5,5,5,5,5,5,5,5,4,4,3.33333333333333,4.66666666666667,5
"44",1,472,1,20,1,4,"Block","2","Generic","Non-Conf.",2,2,3,2,4,3,2,1,1,4,5,4,3,3,2,1,4,5,1,2,4,4,5,4,5,2,3,3,2.66666666666667,2.83333333333333,2.66666666666667,3.33333333333333,3.66666666666667
"45",1,421,1,21,1,5,"Block","3","Qualified","Conf.",2,1,1,1,1,1,2,2,1,1,1,1,1,1,1,1,5,5,5,2,5,5,5,5,5,5,5,5,1.16666666666667,1.33333333333333,1,4.5,5
"46",1,467,2,46,1,6,"Block","4","Qualified","Non-Conf.",3,4,2,3,3,4,3,4,2,3,3,4,3,2,2,1,5,5,5,5,5,5,5,5,5,5,5,5,3.16666666666667,3.16666666666667,2.33333333333333,5,5
"47",1,450,2,26,1,7,"Block","4","Qualified","Non-Conf.",4,4,3,2,2,2,5,2,2,2,2,5,2,2,2,2,4,2,5,2,3,4,5,4,4,4,5,4,2.83333333333333,3,2,3.33333333333333,4.33333333333333
"48",1,469,2,33,1,7,"Block","1","Generic","Conf.",1,2,1,2,2,1,4,1,1,2,1,3,1,1,1,1,5,4,5,3,5,5,5,5,4,5,5,5,1.5,2,1,4.5,4.83333333333333
"49",1,395,2,36,1,6,"Block","3","Qualified","Conf.",5,5,4,5,5,5,3,4,2,2,2,2,3,3,2,1,4,3,5,4,5,5,5,5,5,5,5,5,4.83333333333333,2.5,2.66666666666667,4.33333333333333,5
"50",1,444,1,22,1,7,"Block","1","Generic","Conf.",4,2,2,4,4,4,1,1,2,2,2,1,1,1,1,1,2,1,5,1,5,5,5,5,1,5,5,5,3.33333333333333,1.5,1,3.16666666666667,4.33333333333333
"51",1,466,1,34,1,6,"Block","4","Qualified","Non-Conf.",4,3,4,2,3,3,3,2,4,3,3,4,3,3,3,2,4,2,4,5,4,4,5,4,4,3,4,3,3.16666666666667,3.16666666666667,3,3.83333333333333,3.83333333333333
"52",1,490,2,46,1,7,"Block","1","Generic","Conf.",4,4,2,4,4,4,3,3,3,2,2,2,2,2,2,2,2,2,5,3,4,5,5,5,5,5,5,5,3.66666666666667,2.5,2,3.5,5
"53",1,475,2,26,1,7,"Block","1","Generic","Conf.",5,5,4,5,4,4,4,4,3,3,2,4,1,2,1,2,4,2,5,3,4,4,5,5,4,4,5,5,4.5,3.33333333333333,1.33333333333333,3.66666666666667,4.66666666666667
"54",1,424,1,21,1,7,"Block","3","Qualified","Conf.",4,4,3,2,2,3,2,4,4,4,3,3,3,3,3,2,2,1,5,3,3,4,5,4,4,4,4,4,3,3.33333333333333,3,3,4.16666666666667
"55",1,454,2,24,1,7,"Block","1","Generic","Conf.",2,4,1,4,2,2,5,2,2,1,2,2,1,2,1,1,4,5,5,4,5,5,5,5,2,5,5,5,2.5,2.33333333333333,1.33333333333333,4.66666666666667,4.5
"56",1,481,2,43,1,7,"Block","2","Generic","Non-Conf.",2,2,1,2,2,2,3,2,1,1,1,3,2,1,1,1,3,4,5,2,3,4,4,4,4,4,5,4,1.83333333333333,1.83333333333333,1.33333333333333,3.5,4.16666666666667
"57",1,457,2,26,1,7,"Block","3","Qualified","Conf.",4,4,3,5,3,3,5,4,4,2,2,3,2,3,2,2,4,4,5,3,5,2,5,4,4,4,5,4,3.66666666666667,3.33333333333333,2.33333333333333,3.83333333333333,4.33333333333333
"58",1,547,1,26,1,7,"Block","4","Qualified","Non-Conf.",2,4,1,3,2,2,4,3,2,3,2,4,2,1,2,1,5,4,5,4,5,5,5,5,4,5,5,3,2.33333333333333,3,1.66666666666667,4.66666666666667,4.5
"59",1,515,1,33,1,7,"Block","3","Qualified","Conf.",4,4,4,4,4,2,5,2,3,2,2,4,2,2,5,2,4,2,5,5,4,5,5,5,4,5,5,5,3.66666666666667,3,3,4.16666666666667,4.83333333333333
"60",1,445,2,33,1,7,"Block","2","Generic","Non-Conf.",5,5,5,5,3,3,5,3,3,2,2,2,3,3,2,2,4,5,5,3,4,4,4,4,5,4,5,4,4.33333333333333,2.83333333333333,2.66666666666667,4.16666666666667,4.33333333333333
"61",1,477,2,28,1,7,"Block","2","Generic","Non-Conf.",3,2,2,1,2,2,4,3,2,1,2,3,2,2,2,1,4,4,5,4,5,5,4,4,4,5,5,5,2,2.5,2,4.5,4.5
"62",1,461,3,43,1,7,"Block","4","Qualified","Non-Conf.",2,4,2,4,4,4,5,5,5,4,4,4,2,2,2,2,4,5,5,4,5,5,5,5,5,5,5,5,3.33333333333333,4.5,2,4.66666666666667,5
"63",1,544,2,20,1,7,"Block","1","Generic","Conf.",5,4,2,4,5,3,3,2,3,2,2,2,2,3,2,2,2,5,5,5,5,5,5,5,5,5,5,5,3.83333333333333,2.33333333333333,2.33333333333333,4.5,5
"64",1,521,2,37,1,7,"Block","3","Qualified","Conf.",2,2,2,3,2,2,3,2,2,2,2,2,3,2,2,2,4,4,5,2,5,5,5,5,5,5,5,5,2.16666666666667,2.16666666666667,2.33333333333333,4.16666666666667,5
"65",1,438,1,40,1,6,"Block","1","Generic","Conf.",2,3,2,3,3,3,3,4,4,4,5,2,1,1,1,1,5,3,5,2,2,3,5,5,5,5,5,5,2.66666666666667,3.66666666666667,1,3.33333333333333,5
"66",1,464,2,34,1,7,"Block","2","Generic","Non-Conf.",5,4,4,4,3,3,4,3,2,2,2,3,2,2,2,1,3,4,4,2,3,4,4,4,4,4,4,4,3.83333333333333,2.66666666666667,2,3.33333333333333,4
"67",1,522,2,62,1,7,"Block","4","Qualified","Non-Conf.",2,4,1,2,2,1,1,1,3,4,2,1,2,1,2,1,4,1,5,5,5,5,5,5,5,5,5,5,2,2,1.66666666666667,4.16666666666667,5
"68",1,544,1,50,1,7,"Block","3","Qualified","Conf.",4,4,2,3,4,2,2,3,2,2,2,3,2,2,2,2,4,2,5,4,5,5,5,5,5,5,5,5,3.16666666666667,2.33333333333333,2,4.16666666666667,5
"69",1,508,1,53,1,7,"Block","2","Generic","Non-Conf.",4,3,3,3,2,2,2,2,1,1,2,2,2,3,3,2,3,2,2,3,3,1,4,3,3,3,4,4,2.83333333333333,1.66666666666667,2.66666666666667,2.33333333333333,3.5
"70",1,525,1,36,1,7,"Block","3","Qualified","Conf.",4,4,3,4,3,2,2,4,2,1,1,2,2,2,1,1,4,4,5,3,5,2,5,5,4,5,5,5,3.33333333333333,2,1.66666666666667,3.83333333333333,4.83333333333333
"71",1,483,2,42,1,7,"Block","2","Generic","Non-Conf.",2,3,1,2,2,2,2,3,1,2,3,3,1,2,1,1,5,4,5,2,3,3,5,5,3,4,5,5,2,2.33333333333333,1.33333333333333,3.66666666666667,4.5
"72",1,413,1,42,1,7,"Block","2","Generic","Non-Conf.",2,4,2,3,2,2,5,2,3,2,2,3,1,2,1,1,2,2,4,2,4,5,5,5,5,5,5,5,2.5,2.83333333333333,1.33333333333333,3.16666666666667,5
"73",1,457,2,31,1,7,"Block","3","Qualified","Conf.",4,5,2,2,2,2,5,4,3,2,2,1,3,2,2,2,5,4,5,4,5,5,5,5,4,5,5,5,2.83333333333333,2.83333333333333,2.33333333333333,4.66666666666667,4.83333333333333
"74",1,416,2,22,1,7,"Block","4","Qualified","Non-Conf.",4,3,2,2,2,2,1,2,2,2,2,3,1,1,2,1,4,3,4,4,5,5,5,4,3,4,5,4,2.5,2,1.33333333333333,4.16666666666667,4.16666666666667
"75",1,438,2,27,1,6,"Block","2","Generic","Non-Conf.",4,4,2,3,2,2,4,2,2,2,2,3,2,1,2,2,4,2,5,4,5,5,5,5,4,5,5,5,2.83333333333333,2.5,1.66666666666667,4.16666666666667,4.83333333333333
"76",1,454,1,27,1,6,"Block","3","Qualified","Conf.",4,5,4,5,4,4,4,3,1,2,2,3,2,3,2,2,5,4,5,5,5,5,5,5,5,5,5,5,4.33333333333333,2.5,2.33333333333333,4.83333333333333,5
"77",1,476,2,31,1,7,"Block","3","Qualified","Conf.",4,4,2,4,2,2,4,2,1,1,2,2,1,1,1,1,2,4,5,1,4,4,5,5,5,5,5,5,3,2,1,3.33333333333333,5
"78",1,575,1,48,1,7,"Block","3","Qualified","Conf.",4,3,2,4,3,2,4,3,2,2,2,3,1,1,1,1,2,4,5,2,4,4,4,4,3,4,4,3,3,2.66666666666667,1,3.5,3.66666666666667
"79",1,436,2,34,1,7,"Block","4","Qualified","Non-Conf.",4,3,4,3,4,5,4,2,5,4,3,4,5,3,4,2,4,3,5,5,5,4,5,4,5,5,5,4,3.83333333333333,3.66666666666667,4,4.33333333333333,4.66666666666667
"80",1,559,2,47,1,7,"Block","4","Qualified","Non-Conf.",4,3,2,3,3,3,3,4,3,2,2,2,3,3,2,2,4,4,3,3,3,3,4,4,4,4,4,4,3,2.66666666666667,2.66666666666667,3.33333333333333,4
"81",1,448,1,64,1,7,"Block","3","Qualified","Conf.",2,2,2,2,2,2,2,3,2,2,2,2,1,1,2,2,5,5,5,5,5,4,5,5,5,5,5,5,2,2.16666666666667,1.33333333333333,4.83333333333333,5
"82",1,561,2,33,1,7,"Block","4","Qualified","Non-Conf.",3,5,3,3,3,3,3,3,3,2,3,3,1,1,2,1,4,4,5,4,5,5,5,4,4,5,5,4,3.33333333333333,2.83333333333333,1.33333333333333,4.5,4.5
"83",1,519,2,18,1,7,"Block","1","Generic","Conf.",4,4,2,2,2,2,2,1,1,2,2,3,2,1,1,1,4,3,5,3,5,5,5,5,4,5,5,5,2.66666666666667,1.83333333333333,1.33333333333333,4.16666666666667,4.83333333333333
"84",1,493,2,45,1,7,"Block","2","Generic","Non-Conf.",1,4,1,2,2,2,2,2,2,2,2,2,1,1,1,1,5,5,5,5,5,5,5,5,5,5,5,5,2,2,1,5,5
"85",1,571,2,22,1,6,"Block","4","Qualified","Non-Conf.",3,3,2,2,3,2,4,4,3,2,3,4,3,3,1,1,3,3,5,4,4,4,4,4,4,4,4,4,2.5,3.33333333333333,2.33333333333333,3.83333333333333,4
"86",1,476,1,42,1,7,"Block","3","Qualified","Conf.",5,4,4,5,5,4,5,4,2,2,2,4,1,2,2,2,3,4,5,5,5,5,5,5,5,4,5,5,4.5,3.16666666666667,1.66666666666667,4.5,4.83333333333333
"87",1,511,2,36,1,7,"Block","4","Qualified","Non-Conf.",4,3,2,3,3,2,3,3,2,2,2,4,1,1,1,1,4,4,5,3,5,5,5,4,3,5,5,5,2.83333333333333,2.66666666666667,1,4.33333333333333,4.5
"88",1,468,1,30,1,7,"Block","2","Generic","Non-Conf.",2,2,2,2,2,2,4,4,2,2,2,4,1,1,5,1,5,5,5,5,5,5,5,5,1,5,5,5,2,3,2.33333333333333,5,4.33333333333333
"89",1,586,2,27,1,7,"Block","3","Qualified","Conf.",2,1,1,1,5,1,1,2,1,1,1,1,1,1,1,1,4,2,5,5,5,4,5,5,5,5,5,4,1.83333333333333,1.16666666666667,1,4.16666666666667,4.83333333333333
"90",1,447,2,32,1,7,"Block","1","Generic","Conf.",4,5,2,5,4,4,5,2,4,2,4,4,2,2,2,1,5,4,5,4,5,5,5,5,4,5,5,5,4,3.5,2,4.66666666666667,4.83333333333333
"91",1,532,2,31,1,7,"Block","4","Qualified","Non-Conf.",1,1,1,1,1,1,2,1,1,1,1,3,2,1,2,1,5,5,5,3,5,5,5,5,5,5,5,5,1,1.5,1.66666666666667,4.66666666666667,5
"92",1,472,1,47,1,6,"Block","1","Generic","Conf.",3,4,1,2,2,2,4,3,2,2,2,3,1,1,1,1,3,2,5,2,3,4,5,5,3,5,5,5,2.33333333333333,2.66666666666667,1,3.16666666666667,4.66666666666667
"93",1,476,2,28,1,6,"Block","2","Generic","Non-Conf.",4,3,5,4,4,4,4,2,4,2,3,4,3,3,2,2,4,3,5,3,4,5,5,5,5,5,5,4,4,3.16666666666667,2.66666666666667,4,4.83333333333333
"94",1,557,2,53,1,7,"Block","1","Generic","Conf.",4,3,4,3,3,3,3,2,3,2,3,2,3,3,2,2,4,3,5,3,5,5,5,5,5,5,5,5,3.33333333333333,2.5,2.66666666666667,4.16666666666667,5
"95",1,556,1,38,1,7,"Block","1","Generic","Conf.",4,2,2,4,4,4,2,1,1,1,1,2,1,1,1,1,4,2,5,2,4,4,5,5,5,5,5,5,3.33333333333333,1.33333333333333,1,3.5,5
"96",1,464,2,22,1,7,"Block","4","Qualified","Non-Conf.",4,4,3,5,3,4,4,3,4,2,3,4,2,2,2,2,4,2,5,4,5,5,4,4,5,4,4,3,3.83333333333333,3.33333333333333,2,4.16666666666667,4
"97",1,493,1,20,1,6,"Block","2","Generic","Non-Conf.",4,4,2,3,2,1,4,2,2,2,2,4,2,2,3,2,4,4,5,2,4,2,5,5,5,4,5,5,2.66666666666667,2.66666666666667,2.33333333333333,3.5,4.83333333333333
"98",1,592,1,29,1,6,"Block","1","Generic","Conf.",4,4,3,4,3,3,4,3,3,3,3,3,3,3,3,2,3,3,3,3,3,4,3,3,3,3,3,4,3.5,3.16666666666667,3,3.16666666666667,3.16666666666667
"99",1,483,2,37,1,7,"Block","1","Generic","Conf.",2,2,2,2,2,2,2,2,2,2,2,4,2,2,2,1,4,4,5,4,4,4,3,4,5,4,4,4,2,2.33333333333333,2,4.16666666666667,4
"100",1,610,2,26,1,7,"Block","3","Qualified","Conf.",4,5,4,3,2,3,4,3,2,2,3,1,3,2,2,1,5,1,5,3,5,4,5,4,4,5,4,3,3.5,2.5,2.33333333333333,3.83333333333333,4.16666666666667
"101",1,564,2,61,1,7,"Block","4","Qualified","Non-Conf.",3,2,2,3,2,3,4,3,3,2,3,2,2,2,2,2,4,2,5,5,5,5,5,4,5,4,4,4,2.5,2.83333333333333,2,4.33333333333333,4.33333333333333
"102",1,451,1,42,1,7,"Block","3","Qualified","Conf.",4,3,3,3,3,3,2,3,3,3,3,4,3,3,3,2,4,2,3,3,3,3,3,3,3,4,3,3,3.16666666666667,3,3,3,3.16666666666667
"103",1,561,2,32,1,7,"Block","4","Qualified","Non-Conf.",5,4,1,4,4,2,5,3,2,1,3,3,2,3,3,1,5,4,4,4,4,4,5,4,5,4,4,4,3.33333333333333,2.83333333333333,2.66666666666667,4.16666666666667,4.33333333333333
"104",1,493,2,31,1,7,"Block","3","Qualified","Conf.",4,2,2,3,4,3,4,3,2,2,2,4,3,3,2,1,4,4,4,4,5,4,4,4,4,5,5,4,3,2.83333333333333,2.66666666666667,4.16666666666667,4.33333333333333
"105",1,551,1,22,1,7,"Block","1","Generic","Conf.",2,1,2,2,2,4,2,2,1,2,2,4,1,1,1,1,4,1,5,2,4,5,5,5,5,5,5,5,2.16666666666667,2.16666666666667,1,3.5,5
"106",1,445,2,24,1,7,"Block","1","Generic","Conf.",4,4,2,4,4,4,4,4,3,2,2,4,2,2,2,2,5,2,5,4,4,5,5,5,5,5,5,5,3.66666666666667,3.16666666666667,2,4.16666666666667,5
"107",1,577,1,20,1,7,"Block","4","Qualified","Non-Conf.",1,1,1,1,1,1,3,2,1,1,1,1,3,1,2,1,1,1,4,2,4,5,5,5,5,5,5,5,1,1.5,2,2.83333333333333,5
"108",1,503,1,29,1,7,"Block","3","Qualified","Conf.",3,2,2,2,2,2,4,4,3,3,3,4,3,3,2,1,5,4,5,4,5,5,5,5,5,5,5,5,2.16666666666667,3.5,2.66666666666667,4.66666666666667,5
"109",1,563,1,53,1,7,"Block","1","Generic","Conf.",4,4,2,3,2,2,2,2,1,2,1,4,1,1,1,1,4,2,5,4,5,4,4,4,4,5,5,5,2.83333333333333,2,1,4,4.5
"110",1,622,1,56,1,5,"Block","4","Qualified","Non-Conf.",3,3,2,3,2,2,3,2,3,2,2,3,3,2,2,1,4,2,3,4,4,3,3,3,4,4,4,4,2.5,2.5,2.33333333333333,3.33333333333333,3.66666666666667
"111",1,448,1,28,1,6,"Block","2","Generic","Non-Conf.",3,2,2,2,2,2,4,3,2,2,2,2,2,2,3,1,4,3,5,4,4,4,5,5,5,5,5,5,2.16666666666667,2.5,2.33333333333333,4,5
"112",1,524,2,32,1,7,"Block","4","Qualified","Non-Conf.",2,4,2,3,3,3,3,3,2,2,2,3,2,1,2,1,4,2,5,3,3,4,5,5,5,5,5,3,2.83333333333333,2.5,1.66666666666667,3.5,4.66666666666667
"113",1,460,2,24,1,7,"Block","4","Qualified","Non-Conf.",2,2,2,4,4,2,1,2,2,2,2,1,2,2,2,1,5,4,4,2,4,4,5,5,4,4,5,5,2.66666666666667,1.66666666666667,2,3.83333333333333,4.66666666666667
"114",1,497,2,32,1,7,"Block","1","Generic","Conf.",1,2,1,2,2,1,4,1,2,2,2,2,1,1,1,1,4,4,5,2,4,5,5,5,2,5,5,5,1.5,2.16666666666667,1,4,4.5
"115",1,618,1,64,1,6,"Block","1","Generic","Conf.",4,4,3,4,3,3,3,2,2,2,2,3,2,3,2,1,5,3,2,3,4,5,5,4,4,5,5,5,3.5,2.33333333333333,2.33333333333333,3.66666666666667,4.66666666666667
"116",1,603,2,22,1,7,"Block","3","Qualified","Conf.",4,2,2,1,2,1,2,1,1,1,2,4,1,1,1,1,5,5,5,5,5,5,5,5,5,5,5,5,2,1.83333333333333,1,5,5
"117",1,537,2,22,1,7,"Block","1","Generic","Conf.",2,2,2,2,2,2,2,2,2,2,2,1,3,2,1,1,4,5,4,3,4,4,5,5,5,5,5,5,2,1.83333333333333,2,4,5
"118",1,641,2,34,1,5,"Block","2","Generic","Non-Conf.",4,5,4,5,2,1,4,5,4,2,3,1,3,5,2,1,4,3,2,1,2,2,3,4,5,4,3,4,3.5,3.16666666666667,3.33333333333333,2.33333333333333,3.83333333333333
"119",1,614,2,29,1,7,"Block","2","Generic","Non-Conf.",4,2,2,2,2,4,4,4,4,2,2,1,3,2,2,2,4,2,5,5,3,5,5,4,5,4,4,4,2.66666666666667,2.83333333333333,2.33333333333333,4,4.33333333333333
"120",1,533,1,32,1,6,"Block","2","Generic","Non-Conf.",4,4,4,4,4,4,5,3,3,3,3,4,2,2,3,2,5,5,5,5,5,5,5,5,5,5,5,5,4,3.5,2.33333333333333,5,5
"121",1,652,1,52,1,7,"Block","3","Qualified","Conf.",5,5,2,4,4,4,5,5,4,4,4,3,3,3,3,2,5,5,5,5,5,5,5,5,5,5,5,5,4,4.16666666666667,3,5,5
"122",1,508,1,21,1,7,"Block","3","Qualified","Conf.",4,3,2,4,3,2,2,2,2,2,2,3,2,1,2,2,4,3,5,4,5,4,5,4,4,4,4,3,3,2.16666666666667,1.66666666666667,4.16666666666667,4
"123",1,687,1,20,1,7,"Block","1","Generic","Conf.",2,2,2,2,1,1,3,2,2,2,2,4,1,1,1,1,2,1,5,4,5,5,5,5,5,5,5,5,1.66666666666667,2.5,1,3.66666666666667,5
"124",1,665,2,20,1,7,"Block","3","Qualified","Conf.",4,4,3,2,2,2,2,2,3,3,4,2,2,2,2,1,4,3,5,3,4,4,5,4,4,4,5,4,2.83333333333333,2.66666666666667,2,3.83333333333333,4.33333333333333
"125",1,455,2,31,1,7,"Block","4","Qualified","Non-Conf.",4,3,2,4,2,2,2,2,1,1,2,2,1,1,1,1,5,4,5,4,5,5,5,5,5,5,5,5,2.83333333333333,1.66666666666667,1,4.66666666666667,5
"126",1,536,1,20,1,6,"Block","4","Qualified","Non-Conf.",4,3,4,3,2,3,1,4,3,2,2,5,3,3,1,2,1,1,2,5,4,3,5,5,5,5,4,5,3.16666666666667,2.83333333333333,2.33333333333333,2.66666666666667,4.83333333333333
"127",1,565,1,73,1,7,"Block","3","Qualified","Conf.",4,4,3,3,2,3,4,2,2,2,2,2,3,2,2,2,4,2,4,3,4,4,4,4,4,4,4,4,3.16666666666667,2.33333333333333,2.33333333333333,3.5,4
"128",1,511,2,36,1,6,"Block","3","Qualified","Conf.",5,5,4,5,4,4,5,4,4,3,4,3,3,2,2,2,4,4,5,4,5,5,5,4,5,5,5,4,4.5,3.83333333333333,2.33333333333333,4.5,4.66666666666667
"129",1,404,2,20,1,7,"Block","1","Generic","Conf.",4,4,2,4,4,2,3,4,2,2,4,4,2,2,2,2,4,2,4,4,4,5,5,5,4,4,4,4,3.33333333333333,3.16666666666667,2,3.83333333333333,4.33333333333333
"130",1,544,2,25,1,6,"Block","1","Generic","Conf.",2,2,2,2,2,2,4,2,1,2,2,4,1,1,2,1,4,4,4,2,4,3,5,5,5,5,5,5,2,2.5,1.33333333333333,3.5,5
"131",1,539,1,52,1,7,"Block","2","Generic","Non-Conf.",2,2,2,3,2,3,3,2,2,2,2,3,3,2,2,1,5,4,5,3,5,5,5,4,5,5,5,5,2.33333333333333,2.33333333333333,2.33333333333333,4.5,4.83333333333333
"132",1,581,2,26,1,7,"Block","3","Qualified","Conf.",4,2,1,2,3,2,1,1,1,3,2,3,1,1,1,1,5,4,5,3,5,4,4,4,5,4,4,3,2.33333333333333,1.83333333333333,1,4.33333333333333,4
"133",1,674,2,24,1,7,"Block","3","Qualified","Conf.",5,2,2,5,5,4,4,3,2,3,2,2,1,2,4,2,3,4,5,4,4,2,5,5,4,5,3,5,3.83333333333333,2.66666666666667,2.33333333333333,3.66666666666667,4.5
"134",1,488,1,26,1,7,"Block","3","Qualified","Conf.",4,3,2,3,4,3,4,3,2,1,3,4,3,3,2,2,3,2,3,4,5,3,4,4,5,5,4,4,3.16666666666667,2.83333333333333,2.66666666666667,3.33333333333333,4.33333333333333
"135",1,625,1,29,1,7,"Block","1","Generic","Conf.",4,2,2,2,2,3,3,2,4,2,3,2,2,2,2,1,2,2,5,3,4,3,5,4,4,5,5,4,2.5,2.66666666666667,2,3.16666666666667,4.5
"136",1,717,2,60,1,7,"Block","4","Qualified","Non-Conf.",4,3,2,3,3,2,2,2,2,2,2,2,2,2,2,2,5,3,5,5,5,5,5,5,5,5,5,5,2.83333333333333,2,2,4.66666666666667,5
"137",1,579,2,34,1,7,"Block","3","Qualified","Conf.",4,4,1,4,2,2,5,2,3,1,1,4,2,2,2,2,5,1,3,4,1,4,5,5,5,5,5,5,2.83333333333333,2.66666666666667,2,3,5
"138",1,574,1,35,1,7,"Block","2","Generic","Non-Conf.",2,4,2,4,3,2,2,3,2,4,4,4,3,2,2,1,5,5,5,4,5,5,5,5,5,5,5,5,2.83333333333333,3.16666666666667,2.33333333333333,4.83333333333333,5
"139",1,686,1,37,1,7,"Block","2","Generic","Non-Conf.",4,4,4,4,4,4,2,1,1,2,2,3,1,1,1,1,4,1,5,3,4,4,5,5,5,5,4,4,4,1.83333333333333,1,3.5,4.66666666666667
"140",1,654,1,42,1,7,"Block","4","Qualified","Non-Conf.",4,4,2,4,3,3,4,2,2,2,3,3,2,2,2,2,4,3,4,3,4,4,4,4,5,5,5,4,3.33333333333333,2.66666666666667,2,3.66666666666667,4.5
"141",1,722,1,23,1,7,"Block","2","Generic","Non-Conf.",2,2,2,3,2,2,3,3,4,2,3,3,1,2,2,1,3,2,4,2,3,4,5,5,4,5,5,5,2.16666666666667,3,1.66666666666667,3,4.83333333333333
"142",1,574,2,23,1,7,"Block","3","Qualified","Conf.",4,4,2,2,4,4,4,2,1,2,4,4,1,2,1,1,4,4,5,4,4,4,5,4,4,4,4,4,3.33333333333333,2.83333333333333,1.33333333333333,4.16666666666667,4.16666666666667
"143",1,668,1,59,1,7,"Block","2","Generic","Non-Conf.",4,4,3,4,3,4,4,2,3,2,3,4,3,2,3,2,5,4,5,5,5,5,5,5,5,5,5,5,3.66666666666667,3,2.66666666666667,4.83333333333333,5
"144",1,677,1,30,1,7,"Block","4","Qualified","Non-Conf.",4,4,2,3,3,3,2,4,3,2,2,2,3,2,2,2,4,4,5,4,5,3,5,5,4,4,5,5,3.16666666666667,2.5,2.33333333333333,4.16666666666667,4.66666666666667
"145",1,661,1,30,1,7,"Block","4","Qualified","Non-Conf.",4,2,2,4,4,4,4,4,4,3,4,4,2,2,4,1,4,2,5,4,4,5,4,4,5,4,5,4,3.33333333333333,3.83333333333333,2.66666666666667,4,4.33333333333333
"146",1,613,2,46,1,7,"Block","2","Generic","Non-Conf.",4,4,3,4,4,2,4,2,2,1,1,2,1,1,1,1,4,4,5,4,5,5,5,4,5,4,5,4,3.5,2,1,4.5,4.5
"147",1,653,2,21,1,7,"Block","2","Generic","Non-Conf.",4,2,2,4,2,2,3,1,1,2,2,4,1,1,1,1,5,5,5,4,5,5,5,5,4,5,5,5,2.66666666666667,2.16666666666667,1,4.83333333333333,4.83333333333333
"148",1,596,2,25,1,6,"Block","1","Generic","Conf.",1,1,1,1,1,2,1,1,1,1,2,3,1,1,1,1,2,2,4,2,2,5,5,5,5,5,5,5,1.16666666666667,1.5,1,2.83333333333333,5
"149",1,651,2,48,1,7,"Block","3","Qualified","Conf.",2,3,2,3,3,2,3,2,2,3,2,4,2,2,2,1,4,5,5,3,4,5,5,5,5,5,5,5,2.5,2.66666666666667,2,4.33333333333333,5
"150",1,664,1,50,1,5,"Block","4","Qualified","Non-Conf.",3,1,2,2,2,2,2,1,1,2,2,3,1,1,2,1,5,5,5,4,5,5,2,5,5,5,5,5,2,1.83333333333333,1.33333333333333,4.83333333333333,4.5
"151",1,644,1,30,1,7,"Block","1","Generic","Conf.",1,2,1,3,2,2,2,3,2,2,2,4,2,2,2,1,5,2,5,4,5,5,5,5,3,5,5,5,1.83333333333333,2.5,2,4.33333333333333,4.66666666666667
"152",1,680,2,31,1,7,"Block","1","Generic","Conf.",4,3,3,5,3,3,4,3,3,2,2,3,2,3,2,1,4,2,4,4,5,4,4,4,4,4,4,4,3.5,2.83333333333333,2.33333333333333,3.83333333333333,4
"153",1,363,2,27,1,7,"Block","2","Generic","Non-Conf.",3,4,2,3,2,2,4,2,3,2,2,3,3,3,2,2,4,4,4,3,4,3,4,4,4,4,4,4,2.66666666666667,2.66666666666667,2.66666666666667,3.66666666666667,4
"154",1,668,2,51,1,7,"Block","3","Qualified","Conf.",4,4,2,4,2,2,2,2,2,2,2,2,2,2,2,2,5,4,4,3,5,2,4,4,5,4,5,4,3,2,2,3.83333333333333,4.33333333333333
"156",1,643,1,21,1,7,"Block","2","Generic","Non-Conf.",2,4,1,2,4,2,5,3,2,1,1,4,1,1,1,1,4,4,5,4,4,4,5,5,5,5,5,5,2.5,2.66666666666667,1,4.16666666666667,5
"157",1,670,2,30,1,7,"Block","1","Generic","Conf.",4,4,2,4,3,3,2,3,4,2,4,4,3,3,3,3,4,1,5,4,5,5,5,4,5,5,5,5,3.33333333333333,3.16666666666667,3,4,4.83333333333333
"158",1,647,1,63,1,7,"Block","4","Qualified","Non-Conf.",4,3,2,2,1,2,2,2,1,2,1,4,2,1,1,1,5,1,5,4,5,5,5,4,5,5,5,5,2.33333333333333,2,1.33333333333333,4.16666666666667,4.83333333333333
"159",1,744,2,56,1,7,"Block","1","Generic","Conf.",1,4,1,4,4,4,4,2,2,2,2,3,2,2,2,2,5,4,4,5,5,5,5,5,5,5,5,5,3,2.5,2,4.66666666666667,5
"160",1,630,2,41,1,7,"Block","4","Qualified","Non-Conf.",1,2,5,4,2,2,3,2,4,2,2,2,2,2,2,2,4,2,4,4,4,4,4,4,4,4,4,4,2.66666666666667,2.5,2,3.66666666666667,4
"161",1,432,2,20,1,7,"Block","1","Generic","Conf.",2,4,3,4,4,3,5,4,4,2,3,5,3,2,2,2,5,2,5,5,5,5,4,5,5,5,5,5,3.33333333333333,3.83333333333333,2.33333333333333,4.5,4.83333333333333
"162",1,714,1,65,1,7,"Block","2","Generic","Non-Conf.",2,3,2,2,3,2,4,2,2,3,2,3,2,2,1,1,4,2,5,5,5,5,5,5,5,5,5,5,2.33333333333333,2.66666666666667,1.66666666666667,4.33333333333333,5
"163",1,378,1,25,1,7,"Block","1","Generic","Conf.",1,1,1,1,1,1,5,3,1,1,1,1,3,2,2,1,2,3,5,2,4,5,5,5,5,5,5,5,1,2,2.33333333333333,3.5,5
"164",1,655,2,37,1,7,"Block","4","Qualified","Non-Conf.",4,3,2,4,3,4,4,4,4,3,3,3,2,1,2,1,4,4,5,3,5,5,5,4,4,5,5,5,3.33333333333333,3.5,1.66666666666667,4.33333333333333,4.66666666666667
"165",1,405,1,19,1,6,"Block","3","Qualified","Conf.",4,4,4,4,3,3,4,4,3,2,2,3,1,1,3,1,2,3,3,3,2,3,4,4,3,5,5,4,3.66666666666667,3,1.66666666666667,2.66666666666667,4.16666666666667
"166",1,687,1,37,1,7,"Block","1","Generic","Conf.",4,4,2,5,4,4,5,3,4,2,3,3,2,2,2,2,5,4,5,5,5,5,5,5,5,4,5,2,3.83333333333333,3.33333333333333,2,4.83333333333333,4.33333333333333
"167",1,668,2,27,1,7,"Block","1","Generic","Conf.",4,4,2,5,2,3,4,4,4,3,2,2,2,2,2,2,4,4,5,2,5,4,5,5,5,5,5,5,3.33333333333333,3.16666666666667,2,4,5
"168",1,401,2,19,1,7,"Block","1","Generic","Conf.",1,1,1,1,1,1,4,4,2,1,1,1,1,1,2,1,5,4,5,5,5,5,5,5,5,5,5,5,1,2.16666666666667,1.33333333333333,4.83333333333333,5
"169",1,417,2,24,1,6,"Block","4","Qualified","Non-Conf.",5,5,4,5,5,4,4,2,4,2,2,4,1,2,1,2,5,4,5,4,5,5,5,5,5,5,5,5,4.66666666666667,3,1.33333333333333,4.66666666666667,5
"170",1,663,2,52,1,7,"Block","1","Generic","Conf.",1,2,1,2,2,2,2,2,2,2,2,2,1,1,1,1,3,1,4,3,5,4,5,4,5,4,5,5,1.66666666666667,2,1,3.33333333333333,4.66666666666667
"171",1,720,1,22,1,7,"Block","4","Qualified","Non-Conf.",4,4,3,4,2,2,4,2,2,2,2,3,2,1,2,1,5,2,5,2,3,3,4,4,5,4,5,4,3.16666666666667,2.5,1.66666666666667,3.33333333333333,4.33333333333333
"172",1,705,1,25,1,7,"Block","1","Generic","Conf.",4,4,4,4,4,3,4,4,3,2,3,4,2,2,2,2,4,2,5,4,4,4,5,5,3,4,4,4,3.83333333333333,3.33333333333333,2,3.83333333333333,4.16666666666667
"173",1,737,2,43,1,7,"Block","2","Generic","Non-Conf.",3,3,3,4,3,3,4,4,3,2,3,2,3,3,3,2,3,3,4,3,3,3,4,4,4,4,4,4,3.16666666666667,3,3,3.16666666666667,4
"174",1,431,2,26,1,7,"Block","3","Qualified","Conf.",1,2,1,2,2,2,4,3,2,2,2,2,2,1,1,1,4,4,5,4,5,5,5,5,5,5,5,5,1.66666666666667,2.5,1.33333333333333,4.5,5
"175",1,402,2,19,1,6,"Block","2","Generic","Non-Conf.",2,2,2,2,2,2,4,4,4,4,4,4,2,2,2,1,4,4,4,3,4,4,4,4,4,4,4,4,2,4,2,3.83333333333333,4
"176",1,682,2,22,1,7,"Block","1","Generic","Conf.",4,4,4,4,4,3,4,4,5,3,4,4,1,1,2,1,4,2,5,5,5,5,5,5,5,5,5,5,3.83333333333333,4,1.33333333333333,4.33333333333333,5
"177",1,778,2,20,1,6,"Block","3","Qualified","Conf.",2,3,2,4,3,4,3,2,3,3,4,3,3,2,2,2,4,3,5,2,3,4,4,4,4,4,4,3,3,3,2.33333333333333,3.5,3.83333333333333
"178",1,585,1,48,1,6,"Block","2","Generic","Non-Conf.",2,4,5,4,4,5,5,3,4,3,4,2,3,2,2,2,3,2,4,4,3,4,4,5,5,4,5,5,4,3.5,2.33333333333333,3.33333333333333,4.66666666666667
"179",1,375,2,18,1,7,"Block","4","Qualified","Non-Conf.",4,4,5,4,2,3,4,4,3,2,3,5,2,1,2,1,5,5,5,4,5,5,5,5,5,4,4,5,3.66666666666667,3.5,1.66666666666667,4.83333333333333,4.66666666666667
"180",1,754,2,45,1,7,"Block","2","Generic","Non-Conf.",2,2,2,2,2,2,3,2,2,2,3,2,2,1,2,1,4,2,4,3,4,4,4,3,4,4,4,3,2,2.33333333333333,1.66666666666667,3.5,3.66666666666667
"181",1,712,2,25,1,6,"Block","4","Qualified","Non-Conf.",2,2,2,4,3,3,2,2,3,1,3,4,3,3,3,2,4,2,4,4,4,2,4,4,5,4,4,4,2.66666666666667,2.5,3,3.33333333333333,4.16666666666667
"182",1,446,1,64,1,7,"Block","3","Qualified","Conf.",5,4,3,4,2,2,2,3,3,2,2,2,2,3,2,1,4,3,5,3,4,4,5,4,5,4,5,4,3.33333333333333,2.33333333333333,2.33333333333333,3.83333333333333,4.5
"183",1,458,2,19,1,7,"Block","1","Generic","Conf.",4,2,2,4,3,2,3,3,3,3,3,4,3,2,2,1,4,4,5,5,5,5,5,5,5,5,5,5,2.83333333333333,3.16666666666667,2.33333333333333,4.66666666666667,5
"184",1,366,1,30,1,7,"Block","1","Generic","Conf.",4,3,2,3,3,2,2,2,2,3,2,3,2,2,2,1,4,2,4,3,4,4,4,4,4,4,4,4,2.83333333333333,2.33333333333333,2,3.5,4
"185",1,436,1,21,1,6,"Block","2","Generic","Non-Conf.",2,3,2,3,2,2,3,2,2,2,2,4,1,1,2,1,4,4,5,3,4,4,5,5,3,5,5,4,2.33333333333333,2.5,1.33333333333333,4,4.5
"186",1,488,2,26,1,7,"Block","4","Qualified","Non-Conf.",4,5,4,5,4,2,4,2,4,1,2,2,1,1,1,1,4,5,5,5,5,5,5,5,5,5,5,5,4,2.5,1,4.83333333333333,5
"187",1,752,1,27,1,7,"Block","2","Generic","Non-Conf.",2,2,2,2,2,2,4,2,2,2,2,3,1,2,1,1,4,4,5,4,5,5,5,5,3,5,5,5,2,2.5,1.33333333333333,4.5,4.66666666666667
"188",1,444,2,42,1,7,"Block","1","Generic","Conf.",5,4,4,4,3,3,4,3,4,3,3,4,3,2,2,2,4,2,4,3,4,4,4,4,4,4,4,4,3.83333333333333,3.5,2.33333333333333,3.5,4
"189",1,586,1,56,1,7,"Block","1","Generic","Conf.",2,5,2,3,3,3,5,3,4,2,2,3,2,2,2,2,5,1,5,2,5,5,5,5,5,5,5,5,3,3.16666666666667,2,3.83333333333333,5
"190",1,822,2,29,1,4,"Block","2","Generic","Non-Conf.",2,4,3,4,2,2,4,2,3,2,3,4,3,3,4,2,3,3,2,3,3,3,3,3,4,2,3,4,2.83333333333333,3,3.33333333333333,2.83333333333333,3.16666666666667
"191",1,453,2,31,1,6,"Block","3","Qualified","Conf.",2,4,2,4,3,3,4,3,3,2,3,4,2,1,2,1,5,4,4,4,4,4,5,5,5,5,5,4,3,3.16666666666667,1.66666666666667,4.16666666666667,4.83333333333333
"192",1,521,1,24,1,6,"Block","3","Qualified","Conf.",2,2,2,3,3,2,2,1,1,2,2,3,1,1,2,1,5,4,5,5,5,5,5,5,5,5,5,5,2.33333333333333,1.83333333333333,1.33333333333333,4.83333333333333,5
"193",1,804,2,35,1,7,"Block","2","Generic","Non-Conf.",4,3,2,2,2,2,4,3,3,2,3,2,3,3,2,2,2,3,5,5,5,2,4,5,5,5,5,5,2.5,2.83333333333333,2.66666666666667,3.66666666666667,4.83333333333333
"194",1,451,1,19,1,7,"Block","4","Qualified","Non-Conf.",4,2,2,4,3,2,3,2,1,2,2,4,2,2,2,2,3,4,5,5,5,5,5,5,5,5,5,5,2.83333333333333,2.33333333333333,2,4.5,5
"195",1,839,2,38,1,6,"Block","4","Qualified","Non-Conf.",4,4,2,2,3,3,5,2,2,2,2,4,2,3,2,2,4,2,4,4,4,4,4,4,5,5,5,4,3,2.83333333333333,2.33333333333333,3.66666666666667,4.5
"196",1,404,2,48,1,7,"Block","3","Qualified","Conf.",4,2,2,2,2,2,4,2,1,2,2,2,1,1,2,1,4,3,4,2,2,3,5,5,3,4,4,4,2.33333333333333,2.16666666666667,1.33333333333333,3,4.16666666666667
"197",1,478,1,29,1,7,"Block","3","Qualified","Conf.",4,3,2,3,3,3,4,3,2,2,2,5,1,2,2,1,3,1,5,1,3,4,5,5,5,5,5,5,3,3,1.66666666666667,2.83333333333333,5
"198",1,858,1,58,1,7,"Block","3","Qualified","Conf.",4,4,3,3,2,3,2,2,3,2,2,2,2,2,1,1,4,3,5,3,4,5,5,4,4,4,5,4,3.16666666666667,2.16666666666667,1.66666666666667,4,4.33333333333333
"199",1,440,2,53,1,7,"Block","4","Qualified","Non-Conf.",2,4,2,4,2,2,2,2,4,2,3,2,2,2,2,2,5,3,4,3,4,2,4,4,4,4,4,4,2.66666666666667,2.5,2,3.5,4
"200",1,778,1,50,1,4,"Block","2","Generic","Non-Conf.",4,3,2,4,2,1,4,2,1,1,2,3,2,2,2,1,4,3,4,3,4,3,5,4,5,5,5,1,2.66666666666667,2.16666666666667,2,3.5,4.16666666666667
"201",1,456,1,30,1,7,"Block","2","Generic","Non-Conf.",4,3,2,4,3,2,4,3,2,2,2,4,3,2,4,2,4,2,4,2,3,5,4,5,5,4,4,4,3,2.83333333333333,3,3.33333333333333,4.33333333333333
"202",1,410,2,19,1,7,"Block","1","Generic","Conf.",2,4,2,4,3,2,3,2,2,4,2,4,2,3,3,1,4,4,2,3,4,4,5,5,4,4,4,4,2.83333333333333,2.83333333333333,2.66666666666667,3.5,4.33333333333333
"203",1,481,2,25,1,7,"Block","1","Generic","Conf.",4,4,2,2,2,2,5,4,1,2,2,3,1,1,1,1,4,2,5,4,5,4,5,5,2,5,5,5,2.66666666666667,2.83333333333333,1,4,4.5
"204",1,551,2,63,1,6,"Block","2","Generic","Non-Conf.",2,2,2,2,2,2,5,4,4,2,3,4,3,3,4,2,4,4,5,5,5,4,5,5,5,5,5,5,2,3.66666666666667,3.33333333333333,4.5,5
"205",1,464,1,34,1,6,"Block","1","Generic","Conf.",5,2,2,4,2,2,3,4,3,2,2,4,1,1,2,1,5,4,5,4,5,5,4,4,1,4,5,4,2.83333333333333,3,1.33333333333333,4.66666666666667,3.66666666666667
"206",1,503,2,37,1,7,"Block","1","Generic","Conf.",4,3,4,4,2,2,4,3,2,2,2,3,3,2,2,2,2,3,4,2,2,3,4,4,4,4,4,4,3.16666666666667,2.66666666666667,2.33333333333333,2.66666666666667,4
"207",1,418,2,36,1,7,"Block","1","Generic","Conf.",4,3,2,2,2,2,2,2,1,2,2,2,2,1,1,1,4,4,5,4,4,5,5,4,4,4,4,4,2.5,1.83333333333333,1.33333333333333,4.33333333333333,4.16666666666667
"208",1,570,2,37,1,7,"Block","2","Generic","Non-Conf.",2,2,2,2,2,2,4,2,2,2,2,3,2,2,2,1,5,2,5,4,4,5,5,5,5,5,5,4,2,2.5,2,4.16666666666667,4.83333333333333
"209",1,484,2,32,1,7,"Block","2","Generic","Non-Conf.",4,4,5,5,3,3,2,3,4,2,2,3,3,2,2,1,3,3,5,4,4,4,5,5,5,5,5,4,4,2.66666666666667,2.33333333333333,3.83333333333333,4.83333333333333
"210",1,874,2,38,1,7,"Block","2","Generic","Non-Conf.",4,4,2,5,4,4,5,4,2,4,2,4,3,2,2,1,2,3,4,2,4,3,5,5,3,5,5,5,3.83333333333333,3.5,2.33333333333333,3,4.66666666666667
"211",1,576,2,27,1,7,"Block","2","Generic","Non-Conf.",5,5,4,5,5,5,4,4,5,3,2,5,2,1,1,2,5,2,5,5,5,5,5,5,5,5,5,5,4.83333333333333,3.83333333333333,1.33333333333333,4.5,5
"212",1,420,2,19,1,5,"Block","4","Qualified","Non-Conf.",4,4,3,4,3,4,4,4,2,2,3,4,3,3,2,2,4,2,4,2,3,2,2,3,4,2,3,4,3.66666666666667,3.16666666666667,2.66666666666667,2.83333333333333,3
"213",1,831,1,40,1,4,"Block","3","Qualified","Conf.",2,3,3,4,4,3,2,3,3,4,2,3,2,3,3,2,2,4,5,3,3,2,5,4,2,3,3,4,3.16666666666667,2.83333333333333,2.66666666666667,3.16666666666667,3.5
"214",1,591,2,26,1,7,"Block","3","Qualified","Conf.",5,5,5,5,4,4,4,3,4,3,2,5,3,3,2,2,3,2,2,2,2,2,4,4,5,4,4,4,4.66666666666667,3.5,2.66666666666667,2.16666666666667,4.16666666666667
"215",1,402,1,26,1,7,"Block","4","Qualified","Non-Conf.",2,2,1,2,1,1,4,4,1,2,1,3,1,1,1,1,4,5,5,5,5,5,5,5,5,5,5,5,1.5,2.5,1,4.83333333333333,5
"216",1,492,1,22,1,7,"Block","2","Generic","Non-Conf.",4,4,3,3,4,4,3,4,2,2,2,3,3,1,2,2,4,4,5,4,4,4,4,3,4,3,3,2,3.66666666666667,2.66666666666667,2,4.16666666666667,3.16666666666667
"217",1,575,1,34,1,7,"Block","4","Qualified","Non-Conf.",4,3,2,4,4,4,4,3,2,2,3,4,3,3,3,2,4,3,5,5,4,3,4,3,4,5,5,3,3.5,3,3,4,4
"218",1,341,1,50,1,5,"Block","1","Generic","Conf.",3,3,2,2,3,3,3,2,2,3,4,3,3,3,3,1,3,3,4,3,3,3,3,3,4,4,3,4,2.66666666666667,2.83333333333333,3,3.16666666666667,3.5
"219",1,587,2,31,1,7,"Block","4","Qualified","Non-Conf.",3,4,2,4,4,2,3,4,2,2,3,4,2,3,2,1,4,4,4,2,3,4,5,4,4,4,4,4,3.16666666666667,3,2.33333333333333,3.5,4.16666666666667
"220",1,696,2,51,1,6,"Block","3","Qualified","Conf.",4,4,2,4,2,2,2,2,2,2,2,2,2,2,2,2,4,4,4,4,4,4,4,4,4,4,4,4,3,2,2,4,4
"221",1,605,1,64,1,7,"Block","4","Qualified","Non-Conf.",2,4,2,4,2,2,4,2,4,2,1,3,2,2,2,2,4,2,5,4,4,3,5,2,4,4,5,4,2.66666666666667,2.66666666666667,2,3.66666666666667,4
"222",1,473,2,32,1,7,"Block","2","Generic","Non-Conf.",4,4,2,3,3,4,2,2,1,2,2,4,3,2,2,2,4,5,5,5,5,5,5,5,5,5,5,5,3.33333333333333,2.16666666666667,2.33333333333333,4.83333333333333,5
"223",1,577,1,18,1,7,"Block","2","Generic","Non-Conf.",4,4,5,5,5,3,2,2,1,2,1,4,3,2,2,1,4,4,5,4,5,5,5,4,5,5,5,4,4.33333333333333,2,2.33333333333333,4.5,4.66666666666667
"224",1,541,2,25,1,7,"Block","3","Qualified","Conf.",4,4,3,4,3,3,5,2,2,2,2,2,3,2,2,2,3,3,2,2,3,3,3,3,3,3,4,3,3.5,2.5,2.33333333333333,2.66666666666667,3.16666666666667
"225",1,494,2,46,1,6,"Block","1","Generic","Conf.",4,2,2,2,2,2,2,2,1,2,2,2,1,1,2,1,4,2,5,2,4,5,5,4,5,5,5,5,2.33333333333333,1.83333333333333,1.33333333333333,3.66666666666667,4.83333333333333
"226",1,494,2,28,1,7,"Block","2","Generic","Non-Conf.",2,2,2,4,4,2,5,4,2,2,4,4,1,1,1,1,4,5,5,2,5,5,5,2,4,5,5,5,2.66666666666667,3.5,1,4.33333333333333,4.33333333333333
"227",1,478,1,21,1,7,"Block","4","Qualified","Non-Conf.",4,3,1,1,1,1,3,1,1,3,1,5,1,1,1,1,5,5,5,5,5,5,5,5,5,5,5,5,1.83333333333333,2.33333333333333,1,5,5
"228",1,450,1,32,1,7,"Block","1","Generic","Conf.",1,1,1,1,2,2,2,3,2,1,1,2,1,1,1,2,2,4,4,3,4,4,5,5,5,5,5,5,1.33333333333333,1.83333333333333,1,3.5,5
"229",1,400,2,35,1,7,"Block","3","Qualified","Conf.",4,2,1,4,3,3,4,4,4,3,4,4,3,2,3,2,5,4,5,3,5,5,5,5,5,5,5,5,2.83333333333333,3.83333333333333,2.66666666666667,4.5,5
"230",1,600,1,33,1,6,"Block","1","Generic","Conf.",2,2,1,4,5,2,3,4,2,2,2,2,1,1,2,1,4,5,4,2,3,4,5,4,4,4,5,3,2.66666666666667,2.5,1.33333333333333,3.66666666666667,4.16666666666667
"231",1,616,2,43,1,6,"Block","2","Generic","Non-Conf.",1,2,1,2,2,2,4,2,2,2,2,2,1,1,3,1,4,4,4,2,4,4,3,4,4,4,4,4,1.66666666666667,2.33333333333333,1.66666666666667,3.66666666666667,3.83333333333333
"232",1,938,2,60,1,7,"Block","2","Generic","Non-Conf.",4,4,1,4,2,2,5,5,4,3,3,4,3,3,4,1,2,2,5,2,5,5,4,4,5,5,5,5,2.83333333333333,4,3.33333333333333,3.5,4.66666666666667
"233",1,630,2,29,1,7,"Block","2","Generic","Non-Conf.",4,5,2,4,2,1,2,2,2,1,3,2,3,1,2,2,4,2,5,4,5,5,5,5,5,5,5,5,3,2,2,4.16666666666667,5
"234",1,521,1,58,1,7,"Block","4","Qualified","Non-Conf.",4,4,3,4,3,3,4,3,2,2,3,4,2,2,2,1,3,4,5,4,4,4,5,5,4,5,5,5,3.5,3,2,4,4.83333333333333
"235",1,640,1,54,1,7,"Block","3","Qualified","Conf.",4,4,4,3,3,4,3,4,3,2,3,3,1,3,2,2,3,2,5,4,4,5,5,5,5,5,5,5,3.66666666666667,3,2,3.83333333333333,5
"236",1,640,1,35,1,6,"Block","4","Qualified","Non-Conf.",2,1,4,2,2,2,3,3,4,4,4,4,2,3,2,1,4,4,5,5,5,5,5,5,5,5,5,5,2.16666666666667,3.66666666666667,2.33333333333333,4.66666666666667,5
"237",1,535,2,44,1,7,"Block","4","Qualified","Non-Conf.",2,5,2,3,3,2,3,3,3,2,2,3,3,2,3,2,4,4,5,4,4,1,5,5,5,5,5,5,2.83333333333333,2.66666666666667,2.66666666666667,3.66666666666667,5
"238",1,527,2,35,1,6,"Block","4","Qualified","Non-Conf.",2,2,2,2,2,3,2,4,4,2,2,2,3,2,2,1,4,2,4,3,2,4,4,4,4,4,4,5,2.16666666666667,2.66666666666667,2.33333333333333,3.16666666666667,4.16666666666667
"239",1,519,1,23,1,7,"Block","4","Qualified","Non-Conf.",2,2,2,3,3,3,2,2,1,1,2,3,2,2,1,1,4,3,5,4,4,5,5,5,5,5,5,5,2.5,1.83333333333333,1.66666666666667,4.16666666666667,5
"240",1,415,2,26,1,7,"Block","1","Generic","Conf.",2,2,2,4,3,2,4,2,2,2,2,3,1,2,1,2,4,4,5,4,5,5,5,5,4,5,5,5,2.5,2.5,1.33333333333333,4.5,4.83333333333333
"241",1,597,2,49,1,7,"Block","1","Generic","Conf.",5,3,2,3,3,2,4,4,2,2,2,2,2,2,2,1,5,5,5,5,5,5,5,5,5,5,5,5,3,2.66666666666667,2,5,5
"242",1,473,1,42,1,7,"Block","1","Generic","Conf.",2,2,2,2,4,2,2,2,2,2,2,2,2,2,2,2,5,5,5,5,5,5,5,5,5,5,5,5,2.33333333333333,2,2,5,5
"243",1,447,2,22,1,7,"Block","3","Qualified","Conf.",1,3,1,1,1,1,4,4,4,1,1,1,1,1,1,1,3,4,5,4,5,5,5,5,5,5,5,5,1.33333333333333,2.5,1,4.33333333333333,5
"244",1,578,2,24,1,7,"Block","2","Generic","Non-Conf.",2,4,1,2,2,4,5,5,4,2,2,3,3,2,3,1,5,5,5,3,5,5,5,4,5,5,5,5,2.5,3.5,2.66666666666667,4.66666666666667,4.83333333333333
"245",1,352,2,39,1,7,"Block","3","Qualified","Conf.",4,4,3,3,2,3,4,3,2,2,2,2,2,1,2,1,5,5,5,5,5,5,5,5,5,5,5,5,3.16666666666667,2.5,1.66666666666667,5,5
"246",1,486,1,30,1,7,"Block","4","Qualified","Non-Conf.",4,5,3,5,3,2,5,3,4,1,3,4,1,1,2,1,4,1,4,2,5,5,5,5,4,5,5,3,3.66666666666667,3.33333333333333,1.33333333333333,3.5,4.5
"247",1,444,2,32,1,7,"Block","1","Generic","Conf.",2,4,1,4,2,2,5,4,2,2,2,2,2,2,2,1,4,2,4,2,4,5,5,5,4,5,5,5,2.5,2.83333333333333,2,3.5,4.83333333333333
"248",1,545,1,48,1,7,"Block","2","Generic","Non-Conf.",2,4,2,3,2,3,4,4,3,2,3,3,2,2,2,2,4,2,4,3,4,4,4,4,4,4,4,4,2.66666666666667,3.16666666666667,2,3.5,4
"249",1,495,2,21,1,7,"Block","1","Generic","Conf.",2,3,1,2,2,2,4,2,2,1,3,4,2,2,2,1,5,4,4,5,5,5,4,4,5,4,5,4,2,2.66666666666667,2,4.66666666666667,4.33333333333333
"250",1,627,2,21,1,5,"Block","2","Generic","Non-Conf.",2,1,1,3,3,2,4,2,1,2,2,4,2,2,2,1,4,4,5,3,4,4,4,4,5,4,5,4,2,2.5,2,4,4.33333333333333
"251",1,973,2,29,1,7,"Block","2","Generic","Non-Conf.",2,4,2,3,3,2,4,2,2,3,2,2,1,1,2,1,5,4,5,4,5,5,5,5,5,5,5,5,2.66666666666667,2.5,1.33333333333333,4.66666666666667,5
"252",1,675,2,51,1,7,"Block","4","Qualified","Non-Conf.",2,4,2,5,4,3,4,1,4,2,2,2,2,2,1,2,5,3,5,5,5,5,4,5,5,5,5,5,3.33333333333333,2.5,1.66666666666667,4.66666666666667,4.83333333333333
"253",1,493,2,21,1,7,"Block","2","Generic","Non-Conf.",5,5,4,5,2,3,4,3,4,2,3,2,1,2,4,2,2,2,4,2,4,4,5,5,5,5,5,5,4,3,2.33333333333333,3,5
"254",1,628,2,34,1,5,"Block","4","Qualified","Non-Conf.",3,4,2,4,2,2,3,2,1,5,3,4,2,2,2,1,4,3,5,4,5,4,4,4,5,5,4,5,2.83333333333333,3,2,4.16666666666667,4.5
"255",1,460,2,25,1,6,"Block","3","Qualified","Conf.",4,4,4,5,2,1,2,2,4,4,3,2,1,1,1,2,4,4,5,4,4,4,5,5,4,5,5,5,3.33333333333333,2.83333333333333,1,4.16666666666667,4.83333333333333
"256",1,555,2,24,1,7,"Block","3","Qualified","Conf.",2,2,1,2,3,2,5,3,2,1,1,1,2,2,2,1,5,5,5,3,5,5,4,4,4,4,5,4,2,2.16666666666667,2,4.66666666666667,4.16666666666667
"257",1,563,1,32,1,7,"Block","3","Qualified","Conf.",4,2,2,4,2,2,3,4,2,1,2,4,1,1,1,1,2,2,5,2,5,5,5,5,5,5,5,5,2.66666666666667,2.66666666666667,1,3.5,5
"258",1,499,1,29,1,7,"Block","3","Qualified","Conf.",2,2,1,3,3,2,4,3,2,3,4,5,2,2,2,1,5,4,5,5,5,5,5,5,5,5,5,5,2.16666666666667,3.5,2,4.83333333333333,5
"259",1,967,1,24,1,7,"Block","2","Generic","Non-Conf.",2,3,2,3,3,2,3,2,2,2,2,3,2,2,2,1,5,4,5,5,5,5,4,4,5,4,4,4,2.5,2.33333333333333,2,4.83333333333333,4.16666666666667
"260",1,554,2,50,1,7,"Block","3","Qualified","Conf.",1,3,1,2,2,2,3,4,2,1,2,2,2,1,3,1,3,5,5,4,5,5,5,5,3,5,5,5,1.83333333333333,2.33333333333333,2,4.5,4.66666666666667
"261",1,518,2,37,1,7,"Block","3","Qualified","Conf.",2,4,2,3,4,4,2,2,2,3,2,4,2,1,2,1,4,3,5,4,5,4,4,4,4,4,4,4,3.16666666666667,2.5,1.66666666666667,4.16666666666667,4
"262",1,549,2,27,1,7,"Block","2","Generic","Non-Conf.",2,4,2,3,3,3,4,3,3,2,3,4,3,2,2,2,5,5,5,5,5,5,5,5,5,5,5,5,2.83333333333333,3.16666666666667,2.33333333333333,5,5
"263",1,484,2,24,1,7,"Block","1","Generic","Conf.",4,5,3,3,2,2,4,3,3,1,3,2,2,2,2,2,4,2,4,4,3,4,5,4,3,5,5,4,3.16666666666667,2.66666666666667,2,3.5,4.33333333333333
"264",1,490,1,24,1,7,"Block","1","Generic","Conf.",3,4,5,4,3,2,1,2,3,2,3,2,3,3,2,2,2,3,3,2,2,1,4,3,5,3,3,3,3.5,2.16666666666667,2.66666666666667,2.16666666666667,3.5
"265",1,610,2,25,1,7,"Block","2","Generic","Non-Conf.",4,4,2,4,2,4,2,1,2,2,2,1,3,2,2,2,4,2,5,4,5,5,5,5,4,5,5,4,3.33333333333333,1.66666666666667,2.33333333333333,4.16666666666667,4.66666666666667
"266",1,482,2,29,1,6,"Block","4","Qualified","Non-Conf.",3,4,2,3,3,4,3,2,2,2,2,3,2,1,2,1,4,4,5,4,4,5,5,5,5,5,5,4,3.16666666666667,2.33333333333333,1.66666666666667,4.33333333333333,4.83333333333333
"267",1,631,2,30,1,7,"Block","1","Generic","Conf.",4,4,3,4,3,3,4,3,3,2,2,4,3,3,3,2,3,2,4,3,4,4,4,4,5,4,4,5,3.5,3,3,3.33333333333333,4.33333333333333
"268",1,414,1,24,1,7,"Block","4","Qualified","Non-Conf.",2,2,1,1,2,2,1,2,2,1,1,1,1,1,1,1,5,5,5,5,5,5,5,5,5,5,5,5,1.66666666666667,1.33333333333333,1,5,5
"269",1,590,2,28,1,7,"Block","3","Qualified","Conf.",3,3,2,3,2,2,2,2,2,2,2,3,2,2,2,1,4,4,3,2,4,4,5,4,4,4,4,4,2.5,2.16666666666667,2,3.5,4.16666666666667
"270",1,498,2,41,1,7,"Block","3","Qualified","Conf.",2,2,2,2,2,3,4,3,2,2,3,4,1,2,1,1,5,5,5,3,5,5,5,5,5,5,5,5,2.16666666666667,3,1.33333333333333,4.66666666666667,5
"271",1,555,2,20,1,7,"Block","2","Generic","Non-Conf.",1,4,1,1,1,1,5,2,2,1,2,1,2,1,1,1,3,5,5,5,5,5,5,5,5,5,5,5,1.5,2.16666666666667,1.33333333333333,4.66666666666667,5
"272",1,696,2,56,1,7,"Block","2","Generic","Non-Conf.",2,2,1,2,2,2,2,3,2,2,2,2,2,2,2,2,5,4,5,4,4,4,4,4,2,4,4,5,1.83333333333333,2.16666666666667,2,4.33333333333333,3.83333333333333
"273",1,710,2,43,1,7,"Block","4","Qualified","Non-Conf.",1,2,1,3,3,3,5,5,3,2,2,4,1,3,4,2,5,4,5,4,5,5,4,5,5,5,5,5,2.16666666666667,3.5,2.66666666666667,4.66666666666667,4.83333333333333
"274",1,509,2,27,1,7,"Block","4","Qualified","Non-Conf.",4,3,4,3,2,2,2,2,2,2,2,3,2,2,2,2,2,2,4,3,5,3,4,4,4,4,5,3,3,2.16666666666667,2,3.16666666666667,4
"275",1,442,2,20,1,7,"Block","4","Qualified","Non-Conf.",2,3,2,4,3,2,4,2,2,2,2,3,1,1,1,1,4,2,4,3,4,4,5,4,4,4,5,3,2.66666666666667,2.5,1,3.5,4.16666666666667
"276",1,563,2,45,1,6,"Block","3","Qualified","Conf.",2,5,1,5,4,5,4,4,2,4,4,5,3,3,2,2,5,4,5,5,5,5,5,5,5,5,5,4,3.66666666666667,3.83333333333333,2.66666666666667,4.83333333333333,4.83333333333333
"277",1,471,2,25,1,7,"Block","1","Generic","Conf.",2,2,1,2,2,2,4,2,2,2,2,2,1,1,1,1,4,3,5,3,5,5,5,5,5,5,5,5,1.83333333333333,2.33333333333333,1,4.16666666666667,5
"278",1,491,2,23,1,6,"Block","4","Qualified","Non-Conf.",2,4,2,4,4,2,2,2,2,2,2,4,2,2,2,2,4,4,4,4,4,4,4,4,4,4,4,4,3,2.33333333333333,2,4,4
"279",1,434,2,32,1,7,"Block","1","Generic","Conf.",4,5,2,4,2,2,2,4,2,4,2,3,3,1,2,1,3,4,5,2,3,4,5,4,5,4,4,4,3.16666666666667,2.83333333333333,2,3.5,4.33333333333333
"280",1,516,1,22,1,7,"Block","2","Generic","Non-Conf.",2,4,1,4,3,3,4,5,2,2,2,4,2,1,2,1,3,2,5,3,4,4,5,5,3,5,5,5,2.83333333333333,3.16666666666667,1.66666666666667,3.5,4.66666666666667
"281",1,506,1,41,1,6,"Block","4","Qualified","Non-Conf.",4,4,4,2,4,4,1,3,2,1,1,2,1,2,1,2,5,4,5,5,5,2,5,5,5,5,5,5,3.66666666666667,1.66666666666667,1.33333333333333,4.33333333333333,5
"282",1,725,2,42,1,7,"Block","2","Generic","Non-Conf.",4,4,3,3,3,2,4,3,2,2,2,3,3,3,2,2,4,2,5,3,4,4,3,4,5,4,4,4,3.16666666666667,2.66666666666667,2.66666666666667,3.66666666666667,4
"283",1,587,1,25,1,7,"Block","4","Qualified","Non-Conf.",4,4,2,5,4,4,4,2,2,1,2,3,1,1,1,1,4,5,5,2,4,5,5,5,5,5,5,5,3.83333333333333,2.33333333333333,1,4.16666666666667,5
"284",1,517,2,24,1,7,"Block","2","Generic","Non-Conf.",2,4,2,4,4,2,4,4,3,3,2,3,2,2,1,1,5,5,5,5,5,5,5,5,4,5,5,5,3,3.16666666666667,1.66666666666667,5,4.83333333333333
"285",1,500,1,27,1,7,"Block","3","Qualified","Conf.",4,4,2,4,4,4,4,5,4,3,4,4,3,2,2,1,1,1,5,3,4,5,5,5,2,4,5,4,3.66666666666667,4,2.33333333333333,3.16666666666667,4.16666666666667
"286",1,521,2,24,1,7,"Block","1","Generic","Conf.",2,2,1,2,2,2,3,2,2,2,2,3,2,2,2,1,3,4,5,3,4,5,5,4,5,5,5,4,1.83333333333333,2.33333333333333,2,4,4.66666666666667
"287",1,459,2,28,1,7,"Block","2","Generic","Non-Conf.",2,2,1,3,2,2,4,3,2,2,3,4,2,3,3,2,2,4,4,3,4,5,4,4,5,4,4,4,2,3,2.66666666666667,3.66666666666667,4.16666666666667
"288",1,609,1,23,1,6,"Block","1","Generic","Conf.",5,4,5,5,3,1,5,3,1,1,1,4,3,1,1,2,3,2,5,4,4,5,4,4,5,5,5,4,3.83333333333333,2.5,1.66666666666667,3.83333333333333,4.5
"289",1,537,1,65,1,7,"Block","1","Generic","Conf.",4,4,3,4,3,2,4,4,4,3,3,3,3,3,3,2,3,2,2,4,2,3,4,4,4,4,4,4,3.33333333333333,3.5,3,2.66666666666667,4
"290",1,463,2,30,1,7,"Block","4","Qualified","Non-Conf.",4,3,3,4,2,2,4,4,3,2,2,3,1,1,1,1,4,4,5,4,5,5,5,5,5,5,5,5,3,3,1,4.5,5
"291",1,583,2,31,1,7,"Block","2","Generic","Non-Conf.",5,5,2,5,4,2,5,5,4,3,2,5,2,2,3,2,5,4,5,4,5,5,5,5,5,5,5,5,3.83333333333333,4,2.33333333333333,4.66666666666667,5
"292",1,581,2,47,1,7,"Block","4","Qualified","Non-Conf.",1,2,1,2,1,1,2,1,3,2,1,1,1,1,2,1,5,5,5,5,5,5,5,5,5,5,5,5,1.33333333333333,1.66666666666667,1.33333333333333,5,5
"293",1,634,2,26,1,7,"Block","3","Qualified","Conf.",4,4,4,2,3,3,2,3,2,2,2,3,2,2,2,1,3,3,4,3,4,4,5,4,4,4,4,4,3.33333333333333,2.33333333333333,2,3.5,4.16666666666667
"294",1,766,2,62,1,7,"Block","3","Qualified","Conf.",2,4,2,3,2,2,5,2,2,2,2,2,3,2,2,2,4,4,5,4,5,5,5,4,5,5,5,4,2.5,2.5,2.33333333333333,4.5,4.66666666666667
"295",1,614,2,43,1,7,"Block","1","Generic","Conf.",4,4,1,4,3,2,4,2,3,2,2,2,2,3,2,2,2,2,5,3,4,4,5,4,5,5,5,4,3,2.5,2.33333333333333,3.33333333333333,4.66666666666667
"296",1,488,2,37,1,7,"Block","3","Qualified","Conf.",2,3,1,2,2,2,4,2,2,2,2,3,2,1,2,1,4,4,5,2,4,5,5,5,3,4,5,4,2,2.5,1.66666666666667,4,4.33333333333333
"297",1,677,2,34,1,7,"Block","3","Qualified","Conf.",3,2,2,3,2,2,3,3,2,2,2,1,2,3,3,2,3,2,2,2,2,2,4,4,4,4,4,3,2.33333333333333,2.16666666666667,2.66666666666667,2.16666666666667,3.83333333333333
"298",1,598,2,44,1,7,"Block","2","Generic","Non-Conf.",2,2,2,2,2,2,2,2,3,2,2,2,1,2,2,1,4,5,5,4,5,5,4,3,4,3,5,3,2,2.16666666666667,1.66666666666667,4.66666666666667,3.66666666666667
"299",1,738,1,32,1,7,"Block","3","Qualified","Conf.",4,3,2,3,3,2,4,2,2,2,3,4,1,1,2,1,4,5,5,4,5,4,5,4,3,4,5,4,2.83333333333333,2.83333333333333,1.33333333333333,4.5,4.16666666666667
"300",1,570,2,26,1,7,"Block","2","Generic","Non-Conf.",5,4,3,5,5,4,4,2,4,3,4,5,3,2,4,2,5,2,5,2,5,4,2,5,5,4,5,5,4.33333333333333,3.66666666666667,3,3.83333333333333,4.33333333333333
"301",1,603,2,22,1,7,"Block","1","Generic","Conf.",1,2,1,2,2,2,5,2,1,3,2,4,1,2,2,1,4,5,5,4,5,5,5,4,4,5,5,2,1.66666666666667,2.83333333333333,1.66666666666667,4.66666666666667,4.16666666666667
"302",1,597,2,21,1,6,"Block","3","Qualified","Conf.",2,2,1,3,2,2,2,4,2,2,2,4,2,3,4,2,5,3,5,3,4,4,2,4,4,4,4,4,2,2.66666666666667,3,4,3.66666666666667
"303",1,651,1,23,1,7,"Block","1","Generic","Conf.",4,3,1,4,2,2,2,1,1,1,2,4,1,1,1,1,1,5,5,1,2,3,5,3,5,5,5,2,2.66666666666667,1.83333333333333,1,2.83333333333333,4.16666666666667
"304",1,524,2,21,1,7,"Block","1","Generic","Conf.",4,4,2,3,4,3,4,4,4,2,3,4,2,2,2,2,4,4,4,4,5,4,4,4,5,4,4,3,3.33333333333333,3.5,2,4.16666666666667,4
"305",1,1002,2,50,1,7,"Block","1","Generic","Conf.",1,1,1,1,2,2,1,3,1,3,3,2,3,3,4,1,2,2,3,2,3,3,5,5,5,5,5,5,1.33333333333333,2.16666666666667,3.33333333333333,2.5,5
"306",1,573,2,29,1,7,"Block","2","Generic","Non-Conf.",5,5,2,5,2,2,5,2,2,1,2,4,1,1,4,1,4,4,5,2,4,4,5,4,5,5,5,5,3.5,2.66666666666667,2,3.83333333333333,4.83333333333333
"307",1,562,2,53,1,7,"Block","4","Qualified","Non-Conf.",4,4,2,4,3,2,4,3,4,3,3,4,3,2,2,2,5,4,5,4,5,5,5,5,5,5,5,5,3.16666666666667,3.5,2.33333333333333,4.66666666666667,5
"308",1,592,2,29,1,7,"Block","1","Generic","Conf.",4,3,1,4,4,4,4,4,2,2,3,4,2,2,2,2,4,4,5,4,5,5,5,4,4,5,5,4,3.33333333333333,3.16666666666667,2,4.5,4.5
"309",1,660,1,31,1,5,"Block","3","Qualified","Conf.",2,2,4,5,4,4,2,2,1,1,2,4,2,2,5,2,2,2,5,2,4,5,4,5,5,4,5,5,3.5,2,3,3.33333333333333,4.66666666666667
"310",1,551,2,27,1,7,"Block","3","Qualified","Conf.",3,2,2,4,2,2,4,2,2,2,2,4,2,1,1,1,3,2,5,3,5,5,5,5,5,5,5,5,2.5,2.66666666666667,1.33333333333333,3.83333333333333,5
"311",1,627,2,24,1,7,"Block","4","Qualified","Non-Conf.",4,4,1,4,4,2,3,2,2,2,2,3,2,2,2,1,3,2,4,3,2,4,5,5,5,5,5,5,3.16666666666667,2.33333333333333,2,3,5
"312",1,629,2,25,1,7,"Block","3","Qualified","Conf.",1,2,1,2,2,2,1,2,1,2,2,2,2,1,2,1,5,4,5,2,5,5,5,5,5,5,5,5,1.66666666666667,1.66666666666667,1.66666666666667,4.33333333333333,5
"313",1,677,2,22,1,7,"Block","2","Generic","Non-Conf.",2,3,3,2,2,2,2,2,1,2,3,4,1,2,1,1,5,4,5,3,5,2,5,4,5,4,5,2,2.33333333333333,2.33333333333333,1.33333333333333,4,4.16666666666667
"314",1,845,2,34,1,7,"Block","2","Generic","Non-Conf.",2,2,2,3,2,2,5,3,4,2,3,5,2,2,2,1,4,3,5,3,2,5,5,5,5,5,5,5,2.16666666666667,3.66666666666667,2,3.66666666666667,5
"315",1,663,2,30,1,7,"Block","3","Qualified","Conf.",3,4,2,4,4,3,2,2,2,2,2,3,1,2,2,1,3,2,4,3,4,4,4,4,4,4,4,4,3.33333333333333,2.16666666666667,1.66666666666667,3.33333333333333,4
"316",1,541,2,23,1,7,"Block","1","Generic","Conf.",4,4,3,4,2,1,2,1,1,2,1,2,1,1,1,1,5,4,5,5,5,5,5,5,5,5,5,5,3,1.5,1,4.83333333333333,5
"317",1,594,1,58,1,7,"Block","1","Generic","Conf.",4,4,4,3,5,5,5,5,5,3,5,5,5,5,5,3,1,1,1,1,1,1,5,5,5,5,5,5,4.16666666666667,4.66666666666667,5,1,5
"318",1,899,1,31,1,6,"Block","4","Qualified","Non-Conf.",2,1,2,2,2,2,1,1,1,2,2,2,5,1,2,1,2,2,4,4,4,4,5,5,5,5,5,5,1.83333333333333,1.5,2.66666666666667,3.33333333333333,5
"319",1,595,1,29,1,7,"Block","2","Generic","Non-Conf.",5,4,4,4,4,5,5,4,4,2,3,5,1,1,1,1,4,5,5,4,5,5,5,4,1,5,5,4,4.33333333333333,3.83333333333333,1,4.66666666666667,4
"320",1,808,2,33,1,4,"Block","4","Qualified","Non-Conf.",2,2,2,2,2,2,2,2,2,2,1,4,2,2,2,1,5,4,4,2,4,4,5,5,5,4,4,5,2,2.16666666666667,2,3.83333333333333,4.66666666666667
"321",1,557,1,35,1,7,"Block","3","Qualified","Conf.",5,4,4,5,3,3,4,2,3,2,2,3,3,2,2,1,3,2,5,2,3,4,5,4,5,4,5,5,4,2.66666666666667,2.33333333333333,3.16666666666667,4.66666666666667
"322",1,532,2,27,1,7,"Block","3","Qualified","Conf.",2,4,2,2,2,2,3,2,3,2,3,2,2,2,2,2,5,4,5,5,5,5,5,5,5,5,5,5,2.33333333333333,2.5,2,4.83333333333333,5
"323",1,564,2,31,1,7,"Block","2","Generic","Non-Conf.",4,3,2,3,2,2,4,2,3,1,2,2,2,1,1,1,3,2,5,2,4,5,5,4,3,4,5,4,2.66666666666667,2.33333333333333,1.33333333333333,3.5,4.16666666666667
"324",1,707,2,47,1,7,"Block","4","Qualified","Non-Conf.",2,4,2,2,3,2,2,3,2,2,2,2,3,2,3,2,3,4,4,3,4,4,4,3,4,4,4,3,2.5,2.16666666666667,2.66666666666667,3.66666666666667,3.66666666666667
"325",1,611,2,24,1,7,"Block","3","Qualified","Conf.",2,4,5,3,3,4,4,1,1,2,2,3,1,1,2,1,5,5,5,2,4,3,5,5,5,5,5,5,3.5,2.16666666666667,1.33333333333333,4,5
"326",1,583,2,44,1,7,"Block","4","Qualified","Non-Conf.",2,3,1,2,2,3,2,1,1,2,2,3,1,1,2,1,5,4,5,3,5,3,5,5,5,5,5,5,2.16666666666667,1.83333333333333,1.33333333333333,4.16666666666667,5
"327",1,432,1,19,1,7,"Block","4","Qualified","Non-Conf.",2,2,1,4,4,2,2,2,3,1,2,2,2,1,4,1,4,2,5,3,5,4,4,4,4,4,5,4,2.5,2,2.33333333333333,3.83333333333333,4.16666666666667
"328",1,613,2,28,1,6,"Block","3","Qualified","Conf.",1,4,1,3,3,2,4,2,3,2,3,4,2,1,2,1,4,2,5,3,4,4,5,4,2,3,4,2,2.33333333333333,3,1.66666666666667,3.66666666666667,3.33333333333333
"329",1,622,1,21,1,7,"Block","1","Generic","Conf.",1,2,1,3,3,2,1,2,2,1,2,4,2,3,2,1,5,4,5,5,4,5,5,5,4,5,5,5,2,2,2.33333333333333,4.66666666666667,4.83333333333333
"330",1,612,2,22,1,7,"Block","1","Generic","Conf.",2,2,2,2,2,2,2,1,1,2,1,3,1,1,1,1,5,3,5,2,5,5,5,5,5,5,5,5,2,1.66666666666667,1,4.16666666666667,5
"331",1,683,2,31,1,7,"Block","4","Qualified","Non-Conf.",4,4,4,4,4,4,4,2,3,3,2,2,2,2,2,2,5,3,4,4,5,5,5,5,5,5,5,5,4,2.66666666666667,2,4.33333333333333,5
"332",1,600,2,18,1,7,"Block","4","Qualified","Non-Conf.",4,4,2,4,2,1,2,2,1,2,1,2,2,2,1,1,4,3,5,3,4,4,5,5,5,5,5,5,2.83333333333333,1.66666666666667,1.66666666666667,3.83333333333333,5
"333",1,1136,2,26,1,7,"Block","3","Qualified","Conf.",2,4,2,4,4,2,4,3,2,2,2,3,1,1,1,1,4,3,5,4,4,4,5,4,4,4,4,4,3,2.66666666666667,1,4,4.16666666666667
"334",1,637,3,24,1,7,"Block","1","Generic","Conf.",4,4,4,5,4,3,2,2,3,2,2,4,2,3,1,2,4,3,5,4,5,5,5,5,5,5,5,5,4,2.5,2,4.33333333333333,5
"335",1,662,2,72,1,7,"Block","3","Qualified","Conf.",4,4,4,4,3,3,2,2,2,2,2,2,2,2,2,2,3,2,5,4,3,5,5,4,4,4,5,4,3.66666666666667,2,2,3.66666666666667,4.33333333333333
"336",1,711,2,46,1,7,"Block","1","Generic","Conf.",2,4,2,3,2,2,4,3,4,2,3,2,2,2,2,2,4,2,4,3,4,4,4,4,4,4,4,4,2.5,3,2,3.5,4
"337",1,664,1,31,1,7,"Block","4","Qualified","Non-Conf.",3,4,2,4,4,3,4,4,4,3,3,4,3,2,2,2,2,3,5,4,5,4,5,5,4,4,5,3,3.33333333333333,3.66666666666667,2.33333333333333,3.83333333333333,4.33333333333333
"338",1,673,1,63,1,7,"Block","4","Qualified","Non-Conf.",4,3,2,3,2,2,5,3,2,1,2,4,5,3,2,1,4,1,5,3,4,4,5,4,4,5,5,4,2.66666666666667,2.83333333333333,3.33333333333333,3.5,4.5
"339",1,624,2,35,1,6,"Block","1","Generic","Conf.",4,4,4,4,3,3,4,5,4,3,2,2,5,3,3,2,4,1,5,2,5,2,5,5,5,5,5,4,3.66666666666667,3.33333333333333,3.66666666666667,3.16666666666667,4.83333333333333
"340",1,850,1,57,1,7,"Block","3","Qualified","Conf.",4,4,2,4,4,2,3,4,4,2,2,4,2,2,2,1,2,4,4,4,4,4,5,4,4,4,4,4,3.33333333333333,3.16666666666667,2,3.66666666666667,4.16666666666667
"341",1,935,1,36,1,7,"Block","4","Qualified","Non-Conf.",4,3,2,1,2,2,4,2,2,1,2,4,1,1,2,1,4,3,5,4,5,5,5,5,5,5,5,5,2.33333333333333,2.5,1.33333333333333,4.33333333333333,5
"342",1,642,1,18,1,7,"Block","3","Qualified","Conf.",4,4,3,4,1,2,5,4,3,1,2,5,3,1,3,1,5,5,5,4,5,5,4,4,5,5,4,4,3,3.33333333333333,2.33333333333333,4.83333333333333,4.33333333333333
"343",1,807,2,49,1,7,"Block","4","Qualified","Non-Conf.",5,5,2,5,3,4,4,2,3,2,2,4,1,2,2,2,4,4,5,2,5,5,5,5,5,5,5,5,4,2.83333333333333,1.66666666666667,4.16666666666667,5
"344",1,851,1,21,1,7,"Block","2","Generic","Non-Conf.",2,3,1,2,2,2,2,1,1,1,2,3,2,1,1,1,3,2,4,3,3,4,5,5,5,5,5,4,2,1.66666666666667,1.33333333333333,3.16666666666667,4.83333333333333
"345",1,1279,1,26,1,7,"Block","4","Qualified","Non-Conf.",2,2,1,3,2,2,2,2,2,2,2,2,2,2,2,1,5,3,5,3,4,3,5,5,5,5,5,4,2,2,2,3.83333333333333,4.83333333333333
"346",1,456,2,26,1,7,"Block","2","Generic","Non-Conf.",5,5,4,4,3,3,3,4,2,2,2,3,2,2,3,1,3,5,5,3,5,5,5,5,4,4,5,5,4,2.66666666666667,2.33333333333333,4.33333333333333,4.66666666666667
"347",1,520,1,49,1,7,"Block","4","Qualified","Non-Conf.",5,4,4,3,2,2,2,1,2,1,2,2,1,1,1,1,5,2,5,5,5,5,5,5,5,5,5,5,3.33333333333333,1.66666666666667,1,4.5,5
"348",1,744,1,48,1,7,"Block","3","Qualified","Conf.",5,1,1,1,4,3,4,1,4,1,2,5,3,1,2,2,5,2,4,4,5,5,5,5,4,4,5,2,2.5,2.83333333333333,2,4.16666666666667,4.16666666666667
"349",1,683,2,32,1,4,"Block","1","Generic","Conf.",2,4,2,4,2,2,4,2,2,2,2,2,2,1,2,1,4,4,5,4,4,5,4,4,4,5,5,4,2.66666666666667,2.33333333333333,1.66666666666667,4.33333333333333,4.33333333333333
"350",1,587,2,52,1,7,"Block","2","Generic","Non-Conf.",2,2,1,2,1,1,1,1,2,1,1,1,1,1,1,1,5,4,5,4,5,5,5,5,5,5,5,5,1.5,1.16666666666667,1,4.66666666666667,5
"352",1,793,1,29,1,6,"Block","4","Qualified","Non-Conf.",1,2,1,2,3,2,4,2,2,2,2,5,2,3,4,1,4,5,3,3,2,5,5,4,4,2,4,4,1.83333333333333,2.83333333333333,3,3.66666666666667,3.83333333333333
"353",1,660,2,18,1,7,"Block","1","Generic","Conf.",4,5,2,4,4,2,4,2,3,2,3,3,2,2,2,2,4,4,5,4,4,5,5,4,5,5,5,4,3.5,2.83333333333333,2,4.33333333333333,4.66666666666667
"354",1,853,2,35,1,5,"Block","1","Generic","Conf.",3,4,2,3,3,2,3,3,3,3,3,3,3,3,3,1,3,3,3,3,3,3,3,3,3,3,3,3,2.83333333333333,3,3,3,3
"355",1,609,1,32,1,7,"Block","2","Generic","Non-Conf.",4,2,2,2,1,2,2,2,1,2,1,2,2,1,1,1,5,2,5,2,5,3,4,4,2,4,4,5,2.16666666666667,1.66666666666667,1.33333333333333,3.66666666666667,3.83333333333333
"356",1,782,2,46,1,7,"Block","2","Generic","Non-Conf.",3,2,2,3,3,2,4,4,1,2,2,3,1,1,2,1,4,4,5,3,4,5,5,5,5,5,5,5,2.5,2.66666666666667,1.33333333333333,4.16666666666667,5
"357",1,878,2,20,1,7,"Block","4","Qualified","Non-Conf.",4,4,2,4,2,3,4,2,1,1,1,1,1,1,1,1,4,4,3,4,5,4,5,4,5,5,5,5,3.16666666666667,1.66666666666667,1,4,4.83333333333333
"358",1,897,1,44,1,6,"Block","3","Qualified","Conf.",4,3,2,2,3,3,4,3,3,2,3,2,3,3,2,2,4,3,4,4,3,3,4,3,4,4,4,4,2.83333333333333,2.83333333333333,2.66666666666667,3.5,3.83333333333333
"359",1,780,1,61,1,7,"Block","3","Qualified","Conf.",3,3,2,3,2,2,4,3,2,2,2,3,2,2,2,2,4,2,5,4,4,3,4,4,5,4,4,4,2.5,2.66666666666667,2,3.66666666666667,4.16666666666667
"361",1,683,2,26,1,7,"Block","1","Generic","Conf.",2,2,2,4,3,3,3,2,2,3,3,3,1,1,1,1,3,3,5,4,4,4,5,5,5,5,5,5,2.66666666666667,2.66666666666667,1,3.83333333333333,5
"362",1,561,1,20,1,7,"Block","4","Qualified","Non-Conf.",3,3,3,1,1,2,4,4,3,2,3,2,5,3,4,3,1,2,2,2,3,2,4,5,3,5,5,5,2.16666666666667,3,4,2,4.5
"363",1,893,1,42,1,7,"Block","3","Qualified","Conf.",3,3,2,3,2,2,1,3,2,4,2,1,3,3,2,3,3,3,5,5,3,3,3,2,5,3,4,5,2.5,2.16666666666667,2.66666666666667,3.66666666666667,3.66666666666667
"364",1,863,2,46,1,7,"Block","2","Generic","Non-Conf.",2,2,2,3,2,2,2,2,2,3,2,4,2,2,2,2,4,4,5,4,4,5,5,5,5,5,5,5,2.16666666666667,2.5,2,4.33333333333333,5
"365",1,827,2,33,1,7,"Block","4","Qualified","Non-Conf.",4,3,2,4,2,2,2,1,3,1,3,4,3,2,2,2,5,4,5,5,5,4,5,5,5,5,4,5,2.83333333333333,2.33333333333333,2.33333333333333,4.66666666666667,4.83333333333333
"366",1,840,1,59,1,7,"Block","2","Generic","Non-Conf.",1,4,1,2,2,2,1,1,1,1,1,1,1,1,1,1,5,4,5,5,5,5,5,5,5,5,5,5,2,1,1,4.83333333333333,5
"367",1,800,2,24,1,7,"Block","2","Generic","Non-Conf.",1,1,1,3,1,1,2,1,1,1,2,2,2,1,1,1,4,1,5,4,5,5,5,5,4,5,5,5,1.33333333333333,1.5,1.33333333333333,4,4.83333333333333
"368",1,606,2,20,1,7,"Block","3","Qualified","Conf.",2,1,1,3,2,2,5,2,2,2,2,4,1,1,1,1,4,2,5,1,5,5,5,5,2,5,5,4,1.83333333333333,2.83333333333333,1,3.66666666666667,4.33333333333333
"369",1,1494,1,36,1,7,"Block","1","Generic","Conf.",4,1,2,3,2,4,5,3,4,1,4,3,3,2,3,2,5,5,4,4,5,5,5,5,5,4,5,4,2.66666666666667,3.33333333333333,2.66666666666667,4.66666666666667,4.66666666666667
"370",1,999,2,38,1,7,"Block","2","Generic","Non-Conf.",2,2,2,3,3,3,2,3,2,2,2,2,2,2,2,1,4,3,4,4,4,4,5,4,5,4,5,4,2.5,2.16666666666667,2,3.83333333333333,4.5
"371",1,1034,1,57,1,7,"Block","2","Generic","Non-Conf.",4,3,3,2,4,2,5,4,5,3,3,2,3,2,2,2,3,3,5,5,5,5,5,5,5,5,5,5,3,3.66666666666667,2.33333333333333,4.33333333333333,5
"372",1,1327,1,49,1,7,"Block","3","Qualified","Conf.",4,4,2,4,4,3,4,2,2,3,3,4,1,2,2,1,5,4,5,2,5,5,5,5,5,5,5,5,3.5,3,1.66666666666667,4.33333333333333,5
"373",1,1076,2,42,1,7,"Block","1","Generic","Conf.",2,3,2,4,3,2,4,2,2,2,3,2,2,2,2,2,4,4,5,5,4,4,5,5,5,5,5,5,2.66666666666667,2.5,2,4.33333333333333,5
"374",1,981,1,37,1,6,"Block","2","Generic","Non-Conf.",2,4,2,4,2,2,2,2,2,4,4,4,3,2,2,1,4,2,5,2,2,4,5,5,5,4,4,4,2.66666666666667,3,2.33333333333333,3.16666666666667,4.5
"375",1,866,2,28,1,7,"Block","2","Generic","Non-Conf.",4,5,4,5,4,4,5,1,4,2,2,1,1,1,2,2,4,4,4,2,4,5,5,5,2,5,5,5,4.33333333333333,2.5,1.33333333333333,3.83333333333333,4.5
"376",1,887,1,21,1,7,"Block","3","Qualified","Conf.",4,5,2,5,5,5,5,2,5,4,5,3,1,3,1,2,2,2,5,2,5,2,5,4,5,4,5,4,4.33333333333333,4,1.66666666666667,3,4.5
"377",1,1059,2,39,1,7,"Block","3","Qualified","Conf.",4,4,3,4,3,3,3,3,2,2,2,2,2,1,2,2,4,3,5,3,4,2,4,4,4,4,4,4,3.5,2.33333333333333,1.66666666666667,3.5,4
"378",1,1000,2,40,1,6,"Block","1","Generic","Conf.",2,3,1,5,1,2,4,1,4,1,1,2,3,2,2,1,2,1,3,2,3,1,4,5,3,5,4,5,2.33333333333333,2.16666666666667,2.33333333333333,2,4.33333333333333
"379",1,967,2,25,1,7,"Block","2","Generic","Non-Conf.",4,5,4,4,4,4,3,2,4,3,2,2,2,2,2,2,5,4,5,5,5,5,5,5,5,5,5,5,4.16666666666667,2.66666666666667,2,4.83333333333333,5
"380",1,1097,1,43,1,7,"Block","2","Generic","Non-Conf.",4,4,4,4,4,4,4,4,4,2,2,2,2,2,2,2,4,2,4,4,4,4,4,4,5,5,5,5,4,3,2,3.66666666666667,4.66666666666667
"381",1,978,1,41,1,7,"Block","3","Qualified","Conf.",4,5,2,3,2,3,2,3,4,5,4,4,3,2,2,2,4,3,5,5,5,5,5,5,5,5,5,5,3.16666666666667,3.66666666666667,2.33333333333333,4.5,5
"382",1,469,1,42,1,7,"Block","4","Qualified","Non-Conf.",2,2,2,3,2,2,3,2,2,2,3,4,3,2,2,1,5,3,5,4,4,4,5,5,5,5,5,5,2.16666666666667,2.66666666666667,2.33333333333333,4.16666666666667,5
"383",1,801,2,55,1,6,"Block","2","Generic","Non-Conf.",1,2,1,2,3,2,4,2,3,2,2,3,3,2,3,2,4,2,4,4,4,4,4,4,4,4,4,4,1.83333333333333,2.66666666666667,2.66666666666667,3.66666666666667,4
"384",1,1106,1,23,1,4,"Block","3","Qualified","Conf.",2,4,2,4,3,4,4,2,2,2,3,3,2,2,2,2,5,4,4,5,4,4,4,4,5,4,4,5,3.16666666666667,2.66666666666667,2,4.33333333333333,4.33333333333333
"385",1,1246,1,19,1,6,"Block","4","Qualified","Non-Conf.",2,4,2,2,2,2,2,4,4,4,4,3,2,2,2,2,5,2,5,5,4,5,5,4,5,4,5,5,2.33333333333333,3.5,2,4.33333333333333,4.66666666666667
"386",1,817,2,26,1,6,"Block","1","Generic","Conf.",4,5,4,5,4,4,2,3,4,4,4,3,3,3,3,2,2,3,5,2,2,3,4,5,4,3,4,4,4.33333333333333,3.33333333333333,3,2.83333333333333,4
"387",1,758,1,45,1,7,"Block","2","Generic","Non-Conf.",2,4,2,2,2,2,1,1,1,1,2,2,1,1,1,1,4,4,5,5,4,5,5,5,5,5,5,5,2.33333333333333,1.33333333333333,1,4.5,5
"388",1,1324,2,19,1,7,"Block","1","Generic","Conf.",2,3,2,4,3,2,4,2,2,2,2,4,1,2,2,1,5,2,5,4,5,4,5,5,5,5,5,4,2.66666666666667,2.66666666666667,1.66666666666667,4.16666666666667,4.83333333333333
"389",1,1378,1,35,1,7,"Block","1","Generic","Conf.",2,2,1,2,2,2,4,2,2,2,2,2,2,1,2,1,2,4,4,2,5,4,4,4,5,4,4,4,1.83333333333333,2.33333333333333,1.66666666666667,3.5,4.16666666666667
"390",1,1481,1,30,1,7,"Block","3","Qualified","Conf.",4,4,2,4,3,4,4,4,3,1,2,3,2,2,2,2,4,2,5,3,4,5,5,4,5,4,5,4,3.5,2.83333333333333,2,3.83333333333333,4.5
"391",1,1329,2,30,1,5,"Block","2","Generic","Non-Conf.",4,3,2,2,2,3,5,5,2,2,3,3,3,2,2,1,4,2,5,4,5,4,4,5,4,4,5,4,2.66666666666667,3.33333333333333,2.33333333333333,4,4.33333333333333
"392",1,1910,1,30,1,7,"Block","4","Qualified","Non-Conf.",2,2,2,2,5,2,3,4,4,2,5,5,3,3,1,2,4,2,5,4,5,5,5,4,5,5,5,5,2.5,3.83333333333333,2.33333333333333,4.16666666666667,4.83333333333333
"393",1,1741,1,35,1,7,"Block","4","Qualified","Non-Conf.",2,1,2,1,1,2,4,2,1,4,2,2,2,1,2,1,3,4,5,4,5,5,5,4,5,5,5,5,1.5,2.5,1.66666666666667,4.33333333333333,4.83333333333333
"394",1,1596,1,37,1,5,"Block","4","Qualified","Non-Conf.",4,4,4,4,3,3,4,4,4,2,2,1,3,2,2,2,2,2,2,1,2,3,4,4,2,4,4,4,3.66666666666667,2.83333333333333,2.33333333333333,2,3.66666666666667
"395",1,1686,2,27,1,6,"Block","4","Qualified","Non-Conf.",4,4,1,4,4,2,3,2,4,2,4,2,1,2,2,2,4,2,4,4,4,5,5,5,5,5,5,5,3.16666666666667,2.83333333333333,1.66666666666667,3.83333333333333,5
"396",1,581,2,24,1,7,"Block","3","Qualified","Conf.",4,4,4,4,4,4,5,2,3,2,3,5,2,2,2,2,5,5,5,3,5,5,4,4,5,5,5,5,4,3.33333333333333,2,4.66666666666667,4.66666666666667
"397",1,509,1,20,1,7,"Block","4","Qualified","Non-Conf.",1,2,1,5,5,5,5,5,5,5,5,5,5,3,4,2,4,2,5,2,4,5,5,5,5,5,5,5,3.16666666666667,5,4,3.66666666666667,5
"398",1,2685,2,25,1,7,"Block","1","Generic","Conf.",4,3,4,5,3,2,3,2,2,3,4,5,2,2,1,2,5,3,5,5,5,5,4,5,5,4,4,4,3.5,3.16666666666667,1.66666666666667,4.66666666666667,4.33333333333333
"399",1,3457,2,18,1,7,"Block","4","Qualified","Non-Conf.",4,4,3,4,3,2,4,3,4,2,4,4,2,2,2,2,5,5,5,5,4,5,4,5,5,5,4,5,3.33333333333333,3.5,2,4.83333333333333,4.66666666666667
"400",1,475,2,22,1,7,"Block","2","Generic","Non-Conf.",5,3,3,4,2,2,4,3,2,2,1,2,1,2,2,2,3,1,5,4,5,4,3,4,5,5,5,4,3.16666666666667,2.33333333333333,1.66666666666667,3.66666666666667,4.33333333333333
"401",1,604,1,32,1,7,"Block","2","Generic","Non-Conf.",4,3,2,4,2,2,2,2,2,2,2,4,1,1,2,1,4,3,5,4,5,5,5,5,4,4,5,5,2.83333333333333,2.33333333333333,1.33333333333333,4.33333333333333,4.66666666666667
"402",1,769,2,20,1,7,"Block","1","Generic","Conf.",2,3,1,4,3,2,4,4,3,3,2,5,2,1,1,1,1,1,5,1,5,2,5,5,5,5,5,4,2.5,3.5,1.33333333333333,2.5,4.83333333333333
"403",1,801,2,32,1,7,"Block","3","Qualified","Conf.",4,5,5,3,3,3,4,5,3,3,2,3,2,2,1,1,5,3,5,2,4,4,4,4,4,2,5,3,3.83333333333333,3.33333333333333,1.66666666666667,3.83333333333333,3.66666666666667
"404",1,8036,2,41,1,7,"Block","4","Qualified","Non-Conf.",4,3,2,4,4,3,2,1,2,2,3,4,3,2,1,2,2,3,5,3,5,4,5,4,5,4,5,3,3.33333333333333,2.33333333333333,2,3.66666666666667,4.33333333333333
