participant,sex,age,relat,income,poli_soc,poli_econ,trust_gen,HH1,HH2,HH3,HH4,HH5,HH6,HH7,HH8,HH9,HH10,AG1,AG2,AG3,AG4,AG5,AG6,AG7,AG8,AG9,AG10,DS1,DS2,DS3,DS4,DS5,DS6,DS7,target_sex,target_category,relate_length,partner_age,partner_proximity,partner_height,partner_weight,partner_attractive,partner_hygiene,comf1,comf2,comf3,comf4,comf5,comf6,comf7,comf8,comf9,comf10,75_109,75_94,75_79,75_64,75_49,75_34,75_19,75_4,75_-11,75_-26,19_28,19_24,19_20,19_16,19_12,19_9,19_5,19_1,19_-3,19_-7,46_67,46_58,46_48,46_39,46_30,46_21,46_12,46_2,46_-7,46_-16,English_exclude
1,2,20,2,10,4,4,6,3,3,4,3,3,3,3,3,3,3,3,3,3,4,3,4,3,3,2,3,7,5,5,5,7,7,6,1,1,6,21,1,11,12,5,6,3,2,3,2,1,2,3,2,3,4,0,0,0,0,0,0,0,0,-0.05,-0.25,0,0,0,0,0,0,0,0.15,-0.05,-0.25,0,0,0,0,0,0,0,0,-0.05,-0.25,0
2,2,46,1,3,1,1,4,4,2,4,5,4,2,2,5,4,3,1,2,2,3,3,4,4,2,4,4,3,1,1,1,3,3,1,1,1,12,25,1,11,17,4,7,3,7,5,4,2,3,7,6,3,7,0,1.35,0,0.95,0.75,0.55,0.35,0.15,-0.05,-0.25,1.55,0,0,0.95,0.75,0.55,0.35,0.15,-0.05,-0.25,0,1.35,1.15,0.95,0.75,0.55,0.35,0.15,-0.05,-0.25,0
3,1,38,1,6,1,1,7,5,1,1,4,5,2,4,5,5,1,1,2,2,3,3,3,4,1,3,2,3,6,4,4,5,3,5,1,1,13,38,3,12,6,8,6,3,3,3,2,6,5,7,4,4,5,0,0,0,0.95,0.75,0.55,0.35,0.15,-0.05,-0.25,0,0,0,0.95,0.75,0.55,0.35,0.15,-0.05,-0.25,0,0,0,0.95,0.75,0.55,0.35,0.15,-0.05,-0.25,0
4,1,42,1,9,1,2,8,5,2,5,5,5,3,5,5,5,3,5,3,2,5,4,3,4,3,4,4,6,3,3,4,4,6,3,1,1,13,43,3,14,15,4,11,7,7,7,1,2,7,7,3,7,6,0,0,0,0.95,0.75,0.55,0.35,0.15,-0.05,-0.25,0,0,0,0.95,0.75,0.55,0,0.15,-0.05,-0.25,0,0,0,0.95,0.75,0.55,0.35,0.15,-0.05,-0.25,0
5,2,56,1,17,6,6,8,3,4,2,3,4,2,2,4,4,4,3,4,4,4,4,4,4,4,3,4,5,5,4,5,3,4,5,1,1,13,50,3,6,7,8,10,5,2,5,2,3,3,5,2,4,6,0,0,0,0,0,0,0,0,-0.05,-0.25,0,0,0,0,0,0,0,0,-0.05,-0.25,0,0,0,0,0,0,0,0,-0.05,-0.25,0
6,2,42,1,3,2,2,2,3,1,1,3,4,2,1,3,2,1,2,4,3,5,3,2,3,3,4,4,7,3,4,5,6,6,6,1,1,11,55,2,14,8,5,6,7,4,7,2,7,7,7,3,7,7,0,0,0,0.95,0.75,0.55,0.35,0.15,-0.05,-0.25,0,0,0,0,0.75,0.55,0.35,0.15,-0.05,-0.25,0,0,0,0.95,0.75,0.55,0.35,0.15,-0.05,-0.25,0
7,1,30,1,14,6,6,10,5,1,4,2,2,4,2,1,4,2,4,2,1,2,5,5,4,4,4,1,7,7,6,6,5,6,6,1,1,7,29,4,9,7,9,10,5,6,7,6,5,7,6,6,6,5,0,0,0,0,0.75,0,0,0.15,0,-0.25,1.55,0,0,0,0,0.55,0,0,-0.05,-0.45,0,1.35,1.15,0.95,0.75,0,0,0,0,-0.45,1
8,2,39,2,10,1,2,6,4,4,2,4,4,4,2,4,4,4,1,4,2,4,1,2,2,3,2,2,5,2,2,4,2,5,2,1,1,13,45,1,11,10,9,8,7,5,7,3,6,5,7,2,7,7,0,0,0,0,0.75,0.55,0.35,0.15,-0.05,-0.25,0,0,0,0,0,0.55,0.35,0.15,-0.05,-0.25,0,0,0,0,0,0.55,0.35,0.15,-0.05,-0.25,0
9,2,27,1,16,5,5,9,2,4,4,4,2,4,2,4,4,5,1,4,1,2,2,2,4,4,2,4,4,3,2,1,2,6,3,1,1,12,28,1,12,9,8,6,5,2,7,6,3,5,7,2,5,6,0,0,1.15,0,0,0.55,0.35,0.15,-0.05,-0.25,0,0,0,0,0.75,0.55,0.35,0.15,-0.05,-0.25,0,0,0,0.95,0.75,0.55,0.35,0.15,-0.05,-0.25,0
10,2,43,1,20,6,6,9,5,5,4,3,5,5,5,5,5,5,4,5,3,5,3,3,4,3,4,3,6,4,3,3,7,7,6,1,1,11,43,8,13,10,11,11,7,7,7,1,7,7,7,4,7,7,0,0,0,0.95,0.75,0.55,0.35,0.15,-0.05,-0.25,0,0,0,0.95,0.75,0.55,0.35,0.15,-0.05,-0.25,0,0,0,0.95,0.75,0.55,0.35,0.15,-0.05,-0.25,0
11,1,36,1,18,6,6,8,4,5,3,4,4,5,2,5,4,5,4,4,5,5,4,5,4,5,4,4,6,3,3,5,4,3,4,1,1,13,37,1,13,12,7,9,4,4,6,3,3,6,6,3,3,6,1.55,0,0,0,0,0,0,0.15,-0.05,-0.25,0,0,0,0,0,0,0,0.15,-0.05,-0.25,1.55,0,0,0,0,0,0,0.15,-0.05,-0.25,0
12,1,22,2,29,2,2,6,3,4,3,3,5,3,4,5,4,5,5,5,2,5,4,4,5,4,3,4,6,4,5,3,5,4,4,1,1,13,23,1,10,6,6,10,3,4,5,1,1,2,6,4,4,4,0,0,0,0.95,0,0.55,0.35,0.15,-0.05,-0.25,0,0,0,0.95,0.75,0.55,0.35,0.15,-0.05,-0.25,0,0,0,0.95,0.75,0,0.35,0.15,-0.05,-0.25,0
13,2,27,1,4,2,2,7,2,2,3,3,2,2,4,4,4,4,4,3,2,4,3,4,3,4,2,2,5,5,2,4,3,3,6,1,1,13,28,1,7,5,7,10,6,5,6,4,5,4,6,3,6,5,0,0,0,0,0,0.55,0.35,0.15,-0.05,-0.25,0,0,0,0.95,0,0.55,0.35,0.15,-0.05,-0.25,0,0,0,0,0,0.55,0.35,0.15,-0.05,-0.25,0
14,1,28,2,19,2,6,4,3,4,3,4,3,3,3,4,3,5,1,4,2,3,2,4,4,4,3,3,7,4,4,5,5,5,7,1,1,13,25,1,16,10,7,8,6,2,4,2,4,4,3,2,5,4,0,0,0,0,0,0.55,0.35,0.15,-0.05,-0.25,0,0,0,0,0.75,0.55,0.35,0.15,-0.05,-0.25,0,0,0,0,0,0.55,0.35,0.15,-0.05,-0.25,0
15,2,25,2,13,5,5,10,4,5,4,2,5,3,1,2,3,4,2,5,5,4,2,3,2,5,4,3,4,6,5,4,7,6,5,1,1,7,27,4,9,7,11,11,7,5,6,5,7,7,7,5,7,7,0,0,0,0.95,0.75,0.55,0.35,0.15,-0.05,-0.25,0,0,0,0.95,0.75,0.55,0.35,0.15,-0.05,-0.25,0,0,0,0.95,0.75,0.55,0.35,0.15,-0.05,-0.25,0
16,2,39,1,10,1,1,8,3,5,4,4,4,4,4,4,4,4,3,4,4,5,4,4,2,4,2,4,6,1,4,2,4,2,2,1,1,13,54,1,10,9,6,8,6,6,7,3,6,7,7,2,6,7,0,0,0,0.95,0.75,0.55,0.35,0.15,-0.05,-0.25,0,0,0,0.95,0.75,0.55,0.35,0.15,-0.05,-0.25,0,0,0,0.95,0.75,0.55,0.35,0.15,-0.05,-0.25,0
17,1,31,1,4,5,5,3,4,3,2,5,5,2,3,4,4,4,2,4,2,1,2,4,4,1,4,4,5,6,4,5,3,4,5,1,1,13,62,4,12,8,7,9,6,4,5,3,5,5,6,2,6,4,0,0,0,0.95,0.75,0.55,0.35,0.15,-0.05,-0.25,0,0,1.15,0.95,0.75,0.55,0.35,0.15,-0.05,-0.25,0,0,0,0.95,0.75,0.55,0.35,0.15,-0.05,-0.25,0
18,1,28,1,19,5,4,8,2,5,4,5,2,4,5,5,5,5,2,2,1,4,2,2,5,2,3,2,5,4,4,2,5,3,3,1,1,13,29,1,10,7,5,5,6,6,7,3,5,3,5,2,6,7,0,0,0,0.95,0.75,0.55,0.35,0.15,-0.05,-0.25,0,0,0,0.95,0.75,0.55,0.35,0.15,-0.05,-0.25,0,0,0,0.95,0.75,0.55,0.35,0.15,-0.05,-0.25,0
19,1,27,1,14,6,6,6,2,4,4,2,2,4,2,2,5,2,4,3,2,2,4,4,2,4,4,2,4,4,2,4,6,3,5,1,1,13,28,8,13,8,9,8,6,6,5,6,5,5,5,5,5,5,0,0,0,0,0,0,0,0,-0.05,-0.25,0,0,0,0,0,0,0,0.15,-0.05,-0.25,0,0,0,0,0,0,0,0,-0.05,-0.25,0
20,2,32,1,3,4,4,8,4,4,3,4,5,4,2,3,4,5,2,2,3,4,3,2,4,3,2,3,6,3,3,4,3,3,4,1,1,13,28,8,9,7,8,9,7,7,7,7,7,7,7,5,7,7,0,0,0,0.95,0.75,0.55,0.35,0.15,-0.05,-0.25,0,0,0,0.95,0.75,0.55,0.35,0.15,-0.05,-0.25,0,0,0,0.95,0.75,0.55,0.35,0.15,-0.05,-0.25,0
21,2,55,2,14,2,2,9,5,5,2,4,5,5,2,5,5,5,1,2,2,4,1,2,2,4,2,2,4,7,4,5,6,7,5,1,1,12,45,5,10,9,8,10,6,6,6,2,6,5,6,3,7,6,0,0,0,0,0,0.55,0.35,0.15,-0.05,-0.25,0,0,0,0,0,0.55,0.35,0.15,-0.05,-0.25,0,0,0,0,0,0,0.35,0.15,-0.05,-0.25,0
22,1,65,2,5,2,2,8,5,5,3,3,5,5,3,4,5,5,5,5,4,5,5,4,3,4,4,5,6,6,3,4,5,4,2,1,1,13,31,3,12,11,8,9,6,4,4,3,4,6,6,6,6,5,0,0,0,0.95,0.75,0.55,0.35,0.15,-0.05,-0.25,0,0,0,0.95,0.75,0.55,0.35,0.15,-0.05,-0.25,0,0,0,0.95,0.75,0.55,0.35,0.15,-0.05,-0.25,0
23,1,33,1,5,2,2,5,5,5,2,5,5,5,3,4,5,5,2,2,2,2,2,3,3,2,2,2,6,4,5,7,5,6,6,1,1,7,26,3,14,12,9,6,6,3,6,1,3,5,7,3,5,7,1.55,1.35,1.15,0.95,0.75,0.55,0.35,0.15,-0.05,-0.25,1.55,1.35,1.15,0.95,0.75,0.55,0.35,0.15,-0.05,-0.25,1.55,1.35,1.15,0.95,0.75,0.55,0.35,0.15,-0.05,-0.25,0
24,1,37,1,10,6,6,6,4,5,2,4,4,4,4,4,5,5,4,5,5,5,4,4,4,5,4,5,5,6,5,6,6,5,5,1,1,13,38,3,16,14,6,11,5,2,4,2,4,4,5,2,2,2,0,0,0,0.95,0,0.55,0.35,0.15,-0.05,-0.25,0,0,0,0.95,0.75,0.55,0.35,0.15,-0.05,-0.25,0,0,0,0.95,0.75,0,0.35,0.15,-0.05,-0.25,0
25,2,36,1,15,1,1,3,3,1,2,5,2,1,4,4,4,1,1,1,1,1,3,1,1,1,1,1,4,6,6,1,5,4,7,1,1,13,35,1,13,9,6,8,1,1,5,1,1,2,7,1,1,3,0,0,0,0,0,0,0,0.15,-0.05,-0.25,0,0,0,0,0,0,0.35,0.15,-0.05,-0.25,0,0,0,0,0,0,0,0.15,-0.05,-0.25,0
26,1,32,2,14,1,3,6,4,4,4,5,4,4,4,5,4,4,1,2,2,3,1,2,2,3,2,4,5,2,3,2,3,4,3,1,1,13,32,1,7,7,2,6,4,3,3,3,1,4,3,3,4,5,0,0,0,0.95,0.75,0.55,0.35,0.15,-0.05,-0.25,0,0,0,0.95,0.75,0.55,0.35,0.15,-0.05,-0.25,0,0,0,0.95,0.75,0.55,0.35,0.15,-0.05,-0.25,0
27,1,29,1,24,2,6,3,4,1,4,4,4,2,4,4,4,1,4,2,2,2,4,4,5,3,4,4,4,5,3,6,4,2,7,1,1,13,30,3,19,22,7,9,7,7,7,5,5,5,7,7,7,7,1.55,1.35,1.15,0.95,0.75,0.55,0.35,0.15,-0.05,-0.25,1.55,1.35,1.15,0.95,0.75,0.55,0.35,0.15,-0.05,-0.25,1.55,1.35,1.15,0.95,0.75,0.55,0.35,0.15,-0.05,-0.25,0
28,1,32,1,15,5,4,4,4,5,4,3,5,5,2,3,4,5,4,5,4,5,5,4,5,4,4,5,7,4,6,7,5,6,3,1,1,8,38,6,11,11,8,10,6,2,1,1,2,2,2,1,3,1,1.55,0,0,0.95,0.75,0,0.35,0.15,-0.05,-0.25,0,0,0,0.95,0.75,0.55,0.35,0.15,-0.05,-0.25,0,0,0,0.95,0.75,0.55,0.35,0.15,-0.05,-0.25,0
29,1,37,1,9,3,5,3,2,1,2,4,2,2,2,3,2,1,2,2,2,2,2,4,4,2,2,3,5,6,5,5,6,4,7,1,1,13,38,1,17,11,7,9,7,7,7,7,7,7,7,6,7,7,0,0,0,0,0,0,0,0,-0.05,-0.25,0,0,0,0,0,0,0,0.15,-0.05,-0.25,0,0,0,0,0,0,0,0,-0.05,-0.25,0
30,2,36,1,11,2,6,6,5,5,3,5,5,4,5,5,5,5,4,3,4,5,4,3,3,4,3,4,4,6,5,5,6,5,6,1,1,10,34,1,11,8,6,8,4,1,3,1,2,2,2,2,4,1,0,0,0,0,0,0.55,0.35,0.15,-0.05,-0.25,0,0,0,0,0,0.55,0.35,0.15,-0.05,-0.25,0,0,0,0.95,0,0.55,0.35,0.15,-0.05,-0.25,0
31,1,36,1,10,2,3,4,3,1,2,4,4,4,4,5,4,2,2,4,2,4,2,2,3,4,4,2,4,3,3,4,3,3,4,1,1,13,37,1,14,13,8,9,5,3,6,3,2,6,6,5,2,6,0,0,0,0,0,0,0.35,0.15,-0.05,-0.25,0,0,0,0,0,0,0.35,0.15,-0.05,-0.25,0,0,0,0,0,0.55,0.35,0.15,-0.05,-0.25,0
32,1,23,1,11,3,3,5,4,2,4,3,2,2,4,2,3,2,5,4,4,5,4,4,4,5,2,4,5,3,2,3,3,3,3,1,1,13,24,4,14,12,9,6,2,5,5,2,4,4,6,4,3,6,0,0,0,0.95,0.75,0.55,0.35,0.15,-0.05,-0.25,0,0,0,0.95,0.75,0.55,0.35,0.15,-0.05,-0.25,0,0,0,0.95,0.75,0.55,0.35,0.15,-0.05,-0.25,0
33,1,29,1,4,2,2,9,4,4,4,3,4,4,4,4,2,4,4,4,4,4,4,4,4,4,2,4,4,4,3,3,3,3,4,1,1,13,29,3,12,10,9,9,7,6,7,5,6,7,7,6,7,6,0,0,0,0.95,0.75,0.55,0.35,0.15,-0.05,-0.25,0,0,0,0.95,0.75,0.55,0.35,0.15,-0.05,-0.25,0,0,0,0.95,0.75,0.55,0.35,0.15,-0.05,-0.25,0
34,1,27,1,8,1,2,7,5,5,2,5,1,5,2,2,5,5,5,5,5,5,5,5,2,5,5,5,6,4,3,5,5,6,5,1,1,10,31,8,8,13,7,11,7,7,7,1,7,7,7,7,7,7,0,0,0,0.95,0.75,0.55,0.35,0.15,-0.05,-0.25,0,0,0,0.95,0.75,0.55,0.35,0.15,-0.05,-0.25,0,0,0,0.95,0.75,0.55,0.35,0.15,-0.05,-0.25,0
35,1,26,1,9,4,4,9,1,1,2,3,2,1,1,2,1,2,2,4,2,5,2,5,4,5,2,4,4,3,5,5,5,5,6,1,1,13,26,5,14,10,7,5,6,6,7,1,1,7,7,5,6,5,0,0,0,0,0,0,0,0,-0.05,-0.25,0,0,0,0,0,0,0,0,-0.05,-0.25,0,0,0,0,0,0,0,0,-0.05,-0.25,0
36,1,33,2,7,2,3,6,4,4,2,4,4,4,4,4,4,4,4,4,4,4,4,4,4,4,4,4,5,3,4,3,4,3,6,1,1,13,31,1,14,10,6,8,6,2,5,2,3,5,4,3,4,3,0,0,0,0,0,0.55,0.35,0.15,-0.05,-0.25,0,0,0,0,0,0.55,0.35,0.15,-0.05,-0.25,0,0,0,0,0,0,0.35,0.15,-0.05,-0.25,0
37,2,55,2,12,1,1,4,2,5,2,4,4,5,5,4,4,5,3,5,5,4,4,1,4,4,4,4,4,5,4,6,7,6,5,1,1,12,58,5,17,12,7,9,7,3,6,4,4,5,7,1,6,7,0,0,0,0,0,0,0,0.15,-0.05,-0.25,0,0,0,0,0,0,0,0.15,-0.05,-0.25,0,0,0,0,0,0,0,0.15,-0.05,-0.25,0
38,1,30,1,10,1,1,8,4,5,5,4,4,5,5,5,4,5,4,2,2,4,5,4,3,3,4,4,3,4,3,4,4,2,5,1,1,13,30,2,9,11,5,11,5,6,5,2,7,7,7,2,6,7,0,0,0,0.95,0.75,0.55,0.35,0.15,-0.05,-0.25,0,0,0,0.95,0.75,0.55,0.35,0.15,-0.05,-0.25,0,1.35,0,0.95,0.75,0.55,0.35,0.15,-0.05,-0.25,0
39,2,28,2,2,2,2,7,2,2,4,4,4,2,2,4,2,2,4,4,2,5,4,2,2,4,4,2,7,5,6,6,5,5,7,1,1,7,29,1,15,9,5,10,6,2,7,1,6,3,7,2,6,7,0,0,0,0,0,0,0.35,0.15,-0.05,-0.25,0,0,0,0,0,0.55,0.35,0.15,-0.05,-0.25,0,0,0,0,0,0,0.35,0.15,-0.05,-0.25,0
40,2,42,2,7,2,2,6,5,5,4,4,5,5,3,4,5,5,3,4,4,4,2,3,3,4,4,4,6,4,4,6,5,5,5,1,1,4,52,3,19,16,7,7,6,3,5,3,5,5,5,3,5,4,0,0,0,0,0,0,0,0,-0.05,-0.25,0,0,0,0,0,0,0,0,-0.05,-0.25,0,0,0,0,0,0,0,0,-0.05,-0.25,0
41,2,27,2,3,1,1,1,5,5,5,5,5,5,5,5,5,5,1,5,5,5,1,5,5,1,3,1,6,1,2,7,5,4,1,1,1,4,29,1,16,7,8,8,7,1,1,1,7,7,7,7,7,1,0,0,0,0,0,0,0,0,-0.05,-0.25,0,0,0,0,0,0,0,0,-0.05,-0.25,0,0,0,0,0,0,0,0,-0.05,-0.25,0
42,1,40,2,8,1,1,5,4,5,4,4,5,5,3,4,5,5,4,5,5,5,4,4,3,4,4,3,4,4,4,4,5,4,4,1,1,10,38,3,14,9,6,7,4,4,4,1,1,3,1,1,1,4,0,0,0,0,0,0,0.35,0.15,-0.05,-0.25,0,0,0,0,0,0,0.35,0.15,-0.05,-0.25,0,0,0,0,0,0,0.35,0.15,-0.05,-0.25,0
43,1,37,2,10,1,2,8,4,5,4,5,4,5,5,5,5,5,2,4,2,5,3,3,3,4,3,4,6,5,4,3,6,2,4,1,1,10,30,4,13,12,8,10,5,2,6,7,6,6,7,3,6,5,0,0,1.15,0,0.75,0.55,0.35,0.15,-0.05,-0.25,0,0,0,0,0,0,0,0.15,-0.05,-0.25,1.55,0,0,0,0,0.55,0,0.15,-0.05,-0.25,0
44,2,38,1,8,1,1,4,4,3,2,3,2,5,3,3,4,2,2,2,2,2,2,3,3,2,2,3,6,4,2,6,3,6,4,1,1,10,37,8,14,13,9,9,7,7,7,6,7,7,7,7,7,7,0,0,0,0,0,0.55,0.35,0.15,-0.05,-0.25,0,0,0,0,0,0.55,0.35,0.15,-0.05,-0.25,0,0,0,0,0,0.55,0.35,0.15,-0.05,-0.25,0
45,2,66,1,11,1,1,9,4,5,2,4,4,4,3,4,4,5,4,4,4,5,4,4,3,4,3,3,6,5,5,5,7,6,5,1,1,13,65,8,14,11,8,10,5,4,6,4,5,3,7,3,6,6,0,0,0,0,0.75,0.55,0.35,0.15,-0.05,-0.25,0,0,0,0,0,0,0,0.15,-0.05,-0.25,0,0,0,0,0.75,0.55,0.35,0.15,-0.05,-0.25,0
46,2,31,1,9,5,5,7,5,5,4,5,5,5,4,5,5,5,4,4,2,4,1,4,2,2,2,4,7,4,5,7,7,7,5,1,1,13,40,8,10,12,11,11,7,7,7,1,5,3,7,1,7,5,0,0,0,0.95,0.75,0.55,0.35,0.15,-0.05,-0.25,0,0,0,0.95,0.75,0.55,0.35,0.15,-0.05,-0.25,0,0,0,0.95,0.75,0,0.35,0.15,-0.05,-0.25,0
47,1,31,2,15,4,4,4,5,4,3,5,5,3,4,5,5,5,2,2,2,5,2,2,3,4,2,3,3,3,4,6,3,4,5,1,1,13,31,1,17,10,6,8,2,5,3,1,4,1,4,3,2,3,0,0,0,0.95,0.75,0.55,0.35,0.15,-0.05,-0.25,0,0,0,0.95,0.75,0.55,0.35,0.15,-0.05,-0.25,0,0,0,0.95,0.75,0.55,0.35,0.15,-0.05,-0.25,0
48,1,25,1,6,2,2,2,3,2,4,4,2,2,2,4,4,2,4,4,4,4,4,4,4,3,3,2,6,6,6,4,6,7,6,1,1,13,25,2,9,5,7,10,7,3,3,4,3,6,6,6,3,6,0,0,0,0,0,0,0,0,-0.05,-0.25,0,0,0,0,0,0,0,0,-0.05,-0.25,0,0,0,0,0,0,0,0,-0.05,-0.25,0
49,2,44,1,21,2,2,3,4,2,4,5,4,4,4,5,4,2,2,2,4,4,2,2,4,2,2,4,4,6,5,3,7,4,6,1,1,13,36,2,11,10,10,11,7,7,7,7,7,7,7,7,7,7,1.55,1.35,1.15,0.95,0.75,0.55,0.35,0.15,-0.05,-0.25,1.55,1.35,1.15,0.95,0.75,0.55,0.35,0.15,-0.05,-0.25,1.55,1.35,1.15,0.95,0.75,0.55,0.35,0.15,-0.05,-0.25,0
50,2,51,2,6,1,1,7,1,4,2,5,5,5,2,5,5,4,2,5,2,5,2,4,4,4,4,2,4,7,6,3,7,2,7,1,1,6,45,1,7,9,8,8,4,1,6,3,3,6,7,5,5,3,0,0,0,0,0,0.55,0.35,0.15,-0.05,-0.25,0,0,0,0,0,0.55,0.35,0.15,-0.05,-0.25,0,0,0,0,0,0.55,0.35,0.15,-0.05,-0.25,0
51,2,39,1,11,1,2,1,5,5,2,5,5,5,2,3,5,5,5,5,5,5,5,5,4,5,5,5,7,7,1,4,7,4,7,1,1,13,46,5,20,10,6,8,7,1,7,1,1,5,7,1,7,7,0,0,0,0,0,0.55,0.35,0.15,-0.05,-0.25,1.55,0,0,0,0.75,0.55,0,0.15,-0.05,-0.25,0,0,0,0.95,0,0.55,0.35,0.15,-0.05,-0.25,0
52,1,47,1,10,7,7,1,1,1,2,1,5,1,1,4,2,1,1,1,1,1,1,1,1,1,1,1,7,7,7,7,7,7,7,1,1,13,54,2,18,9,6,10,1,1,1,1,1,1,1,1,1,1,0,0,0,0,0,0,0,0,-0.05,-0.25,0,0,0,0,0,0,0,0,-0.05,-0.25,0,0,0,0,0,0,0,0,-0.05,-0.45,0
53,1,39,1,20,4,4,6,4,2,2,4,3,4,5,4,4,5,5,5,5,5,5,4,4,5,4,5,5,3,4,5,5,4,3,1,1,7,33,4,16,11,7,10,5,1,4,2,1,3,5,1,2,5,0,0,0,0,0,0,0,0.15,-0.05,-0.25,0,0,0,0,0,0,0,0.15,-0.05,-0.25,0,0,0,0,0,0,0,0.15,-0.05,-0.25,0
54,1,32,2,7,3,4,7,1,4,2,4,4,4,2,3,1,4,2,4,4,4,4,4,5,3,4,5,3,3,1,2,5,4,5,1,1,13,40,3,11,10,6,7,5,3,5,1,1,3,4,1,4,5,0,0,0,0.95,0.75,0.55,0.35,0.15,-0.05,-0.25,0,0,0,0.95,0.75,0.55,0,0.15,-0.05,-0.25,0,0,0,0.95,0.75,0.55,0.35,0.15,-0.05,-0.25,0
55,1,34,1,5,5,5,8,4,2,4,2,2,4,1,2,4,2,4,2,2,2,4,5,3,5,5,1,6,6,6,5,5,5,6,1,1,9,32,4,5,7,8,8,6,6,6,6,6,6,6,6,7,6,0,0,0,0.95,0,0.55,0,0.15,0,-0.45,0,0,0,0.95,0,0,0,0.15,0,-0.45,1.55,1.35,1.15,0,0.75,0,0.35,0,-0.05,-0.25,1
56,1,36,1,18,1,1,9,5,5,1,3,5,5,4,5,5,5,5,5,4,5,5,4,1,5,5,5,7,7,7,7,7,7,7,1,1,13,37,8,10,11,8,10,1,1,1,1,1,1,4,1,1,1,0,0,0,0,0,0,0,0.15,-0.05,-0.25,0,0,0,0,0,0,0,0.15,-0.05,-0.25,0,0,0,0,0,0,0.35,0.15,-0.05,-0.25,0
57,1,33,1,10,2,6,7,2,2,2,2,2,3,2,2,2,3,3,4,5,5,3,4,4,4,4,4,4,6,5,2,6,4,5,1,1,6,32,2,16,10,9,10,5,5,5,2,5,4,7,3,6,4,0,0,0,0,0,0,0,0.15,-0.05,-0.25,0,0,0,0,0,0,0,0.15,-0.05,-0.25,0,0,0,0,0,0,0,0.15,-0.05,-0.25,0
58,1,52,1,3,4,4,1,3,1,1,3,2,3,3,3,4,2,4,2,2,3,4,3,4,5,3,1,7,7,7,7,7,7,7,1,1,13,76,1,12,22,6,6,1,1,1,1,1,1,1,1,1,1,0,0,0,0.95,0,0,0.35,0.15,-0.05,-0.25,0,0,1.15,0,0.75,0.55,0,0.15,-0.05,-0.45,0,0,0,0.95,0,0,0.35,0.15,-0.05,-0.45,0
59,2,26,1,8,4,4,6,5,5,1,3,5,5,1,3,5,5,5,5,4,5,5,5,3,5,4,5,7,7,7,7,7,7,7,1,1,9,29,8,15,8,11,11,4,7,7,1,7,1,7,1,7,1,0,0,1.15,0.95,0.75,0.55,0.35,0.15,-0.05,-0.25,1.55,0,1.15,0.95,0.75,0.55,0.35,0.15,-0.05,-0.45,1.55,0,1.15,0.95,0.75,0.55,0.35,0.15,-0.05,-0.25,0
60,2,64,2,1,4,5,7,4,5,2,4,5,5,3,3,4,5,4,2,2,4,3,2,4,4,2,4,7,5,5,4,6,4,4,1,1,13,60,4,8,5,6,5,3,1,3,3,2,3,5,3,3,5,0,0,0,0,0,0.55,0.35,0.15,-0.05,-0.25,0,0,0,0,0,0.55,0.35,0.15,-0.05,-0.25,0,0,0,0,0.75,0.55,0.35,0.15,-0.05,-0.25,0
61,2,34,1,11,6,6,7,4,4,4,4,4,2,5,4,2,4,4,4,4,4,3,4,4,4,4,4,6,4,4,5,6,5,4,1,1,13,36,8,16,15,9,10,7,7,7,5,7,7,7,7,7,7,0,1.35,0,0.95,0.75,0.55,0.35,0.15,-0.05,-0.25,0,0,0,0,0,0.55,0,0.15,-0.05,-0.45,0,1.35,0,0,0.75,0,0.35,0.15,-0.05,-0.25,0
62,1,35,1,3,5,4,9,5,4,4,4,3,2,1,2,4,1,2,2,2,2,4,4,4,5,4,2,6,7,6,6,5,5,5,1,1,6,29,3,5,3,9,9,5,6,7,6,6,6,5,5,5,5,1.55,0,0,0.95,0,0.55,0.35,0.15,-0.05,-0.25,1.55,0,0,0,0.75,0.55,0.35,0,0,-0.45,1.55,0,0,0.95,0,0,0,0,0,-0.25,1
63,1,26,2,7,3,3,1,5,5,4,4,5,3,5,5,5,5,3,5,5,4,3,5,4,3,5,3,4,4,2,4,3,4,4,1,1,10,32,2,11,8,7,8,7,4,7,4,3,7,7,3,7,7,0,1.35,0,0.95,0.75,0.55,0.35,0.15,-0.05,-0.25,0,0,0,0.95,0.75,0.55,0.35,0.15,-0.05,-0.25,0,0,0,0.95,0.75,0.55,0.35,0.15,-0.05,-0.25,0
64,1,30,1,2,3,4,3,3,2,2,4,4,3,4,5,4,4,2,2,2,2,2,3,2,2,2,3,2,3,2,5,4,4,3,1,1,9,27,3,16,20,4,4,2,1,4,1,1,3,4,1,2,2,0,0,0,0.95,0.75,0.55,0.35,0.15,-0.05,-0.25,0,0,1.15,0,0,0.55,0,0.15,-0.05,-0.25,0,0,1.15,0.95,0,0.55,0.35,0.15,-0.05,-0.25,0
65,2,29,1,6,6,4,6,1,4,4,2,4,3,4,3,2,2,3,2,2,1,2,5,3,4,4,4,3,4,3,5,7,2,6,1,1,6,31,4,12,15,8,9,1,5,3,5,4,5,2,3,4,6,0,0,0,0,0,0,0.35,0.15,-0.05,-0.25,0,0,0,0.95,0,0.55,0.35,0.15,-0.05,-0.25,0,0,0,0,0,0,0.35,0.15,-0.05,-0.25,0
66,1,27,1,9,3,4,4,4,2,3,4,2,3,3,2,2,3,4,2,4,4,4,4,3,4,4,4,7,5,6,5,5,4,6,1,1,11,26,2,17,17,8,10,3,2,2,3,2,2,5,4,1,4,0,0,0,0,0.75,0.55,0.35,0.15,-0.05,-0.25,0,0,0,0.95,0.75,0.55,0.35,0.15,-0.05,-0.25,0,0,0,0.95,0.75,0.55,0.35,0.15,-0.05,-0.25,0
67,1,31,1,25,2,3,7,2,2,1,2,2,4,2,4,2,5,2,1,1,2,2,1,3,2,2,3,5,7,5,3,6,4,5,1,1,13,31,1,9,8,6,11,3,2,2,2,1,6,6,1,2,5,0,0,0,0.95,0.75,0.55,0.35,0.15,-0.05,-0.25,0,0,0,0.95,0.75,0.55,0.35,0.15,-0.05,-0.25,0,0,0,0.95,0.75,0.55,0.35,0.15,-0.05,-0.25,0
68,1,34,1,12,4,5,2,2,5,4,5,3,5,5,5,3,5,2,4,3,2,2,2,4,3,2,2,4,2,4,3,6,5,2,1,1,13,33,1,15,14,8,9,3,3,2,1,3,4,1,3,2,2,0,0,0,0,0,0.55,0.35,0.15,-0.05,-0.25,0,0,0,0,0,0.55,0.35,0.15,-0.05,-0.25,0,0,0,0,0,0,0.35,0.15,-0.05,-0.25,0
69,1,27,1,9,3,5,1,5,5,2,4,5,3,3,4,5,5,1,2,2,5,1,4,4,5,4,4,4,5,4,5,4,3,6,1,1,13,26,1,8,9,6,10,3,6,6,4,1,4,6,3,4,5,0,0,0,0.95,0.75,0.55,0.35,0.15,-0.05,-0.25,0,0,0,0.95,0.75,0.55,0.35,0.15,-0.05,-0.25,0,1.35,0,0.95,0.75,0.55,0.35,0.15,-0.05,-0.25,0
70,2,23,2,1,4,4,2,4,3,4,4,4,2,4,4,4,3,2,4,4,4,2,4,2,4,4,2,6,2,3,6,3,5,1,1,1,9,23,8,15,6,8,8,6,6,6,2,4,5,7,3,6,2,0,0,0,0.95,0.75,0.55,0.35,0.15,-0.05,-0.25,0,0,0,0.95,0.75,0.55,0.35,0.15,-0.05,-0.25,0,0,0,0.95,0.75,0.55,0.35,0.15,-0.05,-0.25,0
71,1,26,1,8,7,7,8,4,1,2,4,4,3,2,4,4,4,1,4,2,4,2,2,2,2,4,2,6,6,4,5,6,2,5,2,1,13,25,2,3,2,9,10,7,7,7,3,7,7,7,7,7,7,0,0,0,0.95,0.75,0.55,0.35,0.15,-0.05,-0.25,0,0,0,0.95,0,0.55,0.35,0.15,-0.05,-0.25,0,0,0,0.95,0.75,0.55,0.35,0.15,-0.05,-0.25,0
72,1,24,1,8,2,1,7,5,4,4,2,5,5,4,5,1,4,4,5,2,4,4,4,4,5,2,2,5,5,5,6,6,5,6,2,1,9,23,4,7,8,8,10,6,2,5,1,6,5,7,3,5,6,0,0,0,0,0,0,0.35,0.15,-0.05,-0.25,0,0,0,0.95,0.75,0.55,0.35,0.15,-0.05,-0.25,0,0,0,0,0,0,0.35,0.15,-0.05,-0.25,0
73,2,29,1,12,1,1,8,4,5,2,4,4,5,4,2,4,5,3,2,3,5,3,4,4,5,4,5,4,4,4,3,5,6,3,2,1,5,30,1,4,3,7,9,7,2,7,5,3,5,7,2,6,7,0,0,0,0.95,0.75,0.55,0.35,0.15,-0.05,-0.25,0,0,0,0.95,0.75,0.55,0.35,0.15,-0.05,-0.25,0,0,0,0.95,0.75,0.55,0.35,0.15,-0.05,-0.25,0
74,2,25,1,10,4,4,4,3,2,3,4,3,3,3,4,4,3,4,2,1,4,3,2,4,2,3,4,6,4,1,4,4,6,2,2,1,5,30,8,8,13,7,6,4,5,7,2,2,6,7,4,3,6,0,0,0,0,0.75,0.55,0.35,0.15,-0.05,-0.25,0,0,1.15,0.95,0,0.55,0.35,0.15,-0.05,-0.25,0,0,0,0.95,0.75,0.55,0.35,0.15,-0.05,-0.25,0
75,1,32,1,12,5,5,8,4,4,2,4,4,4,2,2,2,4,4,4,4,4,4,4,4,4,4,4,6,4,5,5,5,6,5,2,1,4,26,5,9,7,8,10,6,3,5,2,5,5,6,3,6,6,1.55,1.35,1.15,0.95,0.75,0.55,0.35,0.15,-0.05,-0.25,1.55,1.35,1.15,0.95,0.75,0.55,0.35,0.15,-0.05,-0.25,1.55,1.35,1.15,0.95,0.75,0.55,0.35,0.15,-0.05,-0.25,0
76,1,27,2,5,3,4,7,2,4,3,4,2,4,3,4,5,5,4,5,4,5,4,4,2,5,4,4,2,3,1,2,3,2,2,2,1,6,28,4,6,3,6,9,7,4,7,4,5,3,7,4,7,7,0,0,0,0.95,0.75,0.55,0.35,0.15,-0.05,-0.25,0,0,0,0.95,0.75,0.55,0.35,0.15,-0.05,-0.25,0,0,0,0.95,0.75,0.55,0.35,0.15,-0.05,-0.25,0
77,1,26,1,10,7,7,11,5,1,5,3,4,2,3,1,5,5,5,5,4,5,5,5,5,4,5,1,7,4,7,7,4,4,7,2,1,4,25,3,6,8,8,8,7,3,5,2,6,7,7,3,2,7,1.55,0,1.15,0,0,0.55,0,0.15,0,-0.25,0,1.35,1.15,0,0,0,0,0.15,0,-0.25,0,0,0,0,0.75,0,0,0.15,0,-0.25,0
78,2,35,1,5,3,3,2,4,1,2,4,2,4,2,5,2,4,2,2,2,2,4,4,5,2,5,4,6,5,6,6,6,5,3,2,1,5,5,3,2,3,9,11,6,2,5,3,6,3,5,5,7,5,0,0,0,0.95,0.75,0.55,0.35,0.15,-0.05,-0.25,0,0,0,0.95,0.75,0.55,0.35,0.15,-0.05,-0.25,0,0,0,0.95,0.75,0.55,0.35,0.15,-0.05,-0.25,0
79,2,37,1,21,7,7,3,4,5,1,2,4,5,4,3,3,5,2,2,2,5,2,1,2,2,4,2,3,7,6,7,6,5,4,2,1,9,70,1,2,4,4,10,5,1,1,1,1,4,4,1,1,1,0,0,1.15,0.95,0,0.55,0.35,0.15,-0.05,-0.25,0,0,0,0.95,0.75,0.55,0.35,0.15,-0.05,-0.25,0,0,1.15,0.95,0.75,0.55,0.35,0.15,-0.05,-0.25,0
80,2,31,1,10,6,6,4,1,1,3,5,2,2,4,5,2,4,4,4,2,4,4,4,4,4,4,2,6,5,3,1,3,2,7,2,1,13,55,3,4,6,7,8,7,7,7,1,2,1,7,6,6,7,0,0,0,0.95,0.75,0.55,0.35,0.15,-0.05,-0.25,0,0,0,0.95,0.75,0.55,0.35,0.15,-0.05,-0.25,0,0,0,0.95,0.75,0.55,0.35,0.15,-0.05,-0.25,0
81,1,35,1,3,1,4,9,5,3,3,5,5,4,3,5,5,4,5,5,5,5,4,5,4,4,4,4,6,3,4,5,4,6,4,2,1,4,27,7,7,15,6,8,7,7,7,7,7,7,7,6,7,7,0,0,0,0.95,0.75,0.55,0.35,0.15,-0.05,-0.25,0,0,0,0.95,0.75,0.55,0.35,0.15,-0.05,-0.25,0,0,0,0.95,0.75,0.55,0.35,0.15,-0.05,-0.25,0
82,1,27,1,2,5,5,4,4,5,4,4,4,5,3,4,4,5,4,5,5,5,4,4,4,5,4,4,7,5,6,6,6,6,7,2,1,12,25,3,12,4,10,10,7,7,7,4,6,6,7,5,6,7,0,0,0,0,0,0.55,0.35,0.15,-0.05,-0.25,0,0,0,0,0,0,0.35,0.15,-0.05,-0.25,0,0,0,0,0,0,0.35,0.15,-0.05,-0.25,0
83,1,22,2,5,5,4,1,1,1,2,4,2,2,2,5,3,2,2,5,2,5,3,4,3,3,4,3,6,3,4,5,5,4,5,2,1,4,25,1,11,3,3,8,3,2,4,3,1,5,7,4,1,5,0,0,0,0,0,0.55,0.35,0.15,-0.05,-0.25,0,0,0,0.95,0.75,0,0.35,0.15,-0.05,-0.25,0,0,0,0.95,0.75,0,0.35,0.15,-0.05,-0.25,0
84,1,62,1,9,2,2,3,2,5,4,4,2,5,5,5,2,5,4,4,2,4,4,4,5,4,2,2,1,2,2,1,2,1,1,2,1,13,62,8,8,4,9,10,7,7,7,6,7,7,7,7,7,7,0,0,0,0.95,0.75,0.55,0.35,0.15,-0.05,-0.25,0,0,0,0.95,0.75,0.55,0.35,0.15,-0.05,-0.25,0,0,0,0.95,0.75,0.55,0.35,0.15,-0.05,-0.25,0
85,2,46,1,8,1,1,5,5,1,4,4,5,2,3,5,4,1,1,4,4,2,1,3,3,2,3,2,3,3,2,2,2,4,2,2,1,13,49,1,9,16,4,10,7,6,7,6,7,7,7,6,7,5,0,0,0,0.95,0.75,0.55,0.35,0.15,-0.05,-0.25,0,0,0,0.95,0.75,0.55,0.35,0.15,-0.05,-0.25,0,0,0,0.95,0.75,0.55,0.35,0.15,-0.05,-0.25,0
86,2,29,2,16,1,5,2,5,4,1,5,5,5,1,4,5,5,3,4,3,4,3,2,2,3,3,3,7,7,6,7,6,7,7,2,1,13,28,1,5,5,6,10,1,1,5,1,1,1,6,1,1,3,0,0,0,0,0,0,0,0.15,-0.05,-0.25,0,0,0,0,0,0,0,0.15,-0.05,-0.25,0,0,0,0,0,0,0,0.15,-0.05,-0.25,0
87,1,28,1,11,7,5,1,4,5,2,3,5,5,3,3,2,5,1,1,1,2,1,2,1,2,2,1,7,5,4,3,5,6,5,2,1,5,20,3,9,3,9,10,7,5,7,4,2,3,5,1,5,7,0,0,0,0,0,0.55,0.35,0.15,-0.05,-0.25,0,0,0,0,0.75,0.55,0.35,0.15,-0.05,-0.25,0,0,0,0,0.75,0,0.35,0.15,-0.05,-0.25,0
88,1,57,1,29,7,7,8,4,4,4,5,4,4,3,4,4,5,4,4,2,4,4,2,2,2,2,2,5,2,3,3,5,4,4,2,1,13,59,8,1,3,6,8,6,7,7,5,7,7,7,6,6,6,0,0,0,0.95,0.75,0.55,0.35,0.15,-0.05,-0.25,0,0,0,0.95,0.75,0.55,0.35,0.15,-0.05,-0.25,0,0,0,0.95,0.75,0.55,0.35,0.15,-0.05,-0.25,0
89,1,43,1,16,5,6,1,4,2,1,2,4,2,2,2,4,3,1,2,2,3,1,2,2,2,2,2,6,5,5,3,4,4,6,2,1,13,43,2,8,3,8,10,3,3,4,1,2,3,3,3,5,1,0,0,0,0,0,0,0,0.15,-0.05,-0.25,0,0,0,0,0,0,0.35,0.15,-0.05,-0.25,0,0,0,0,0,0,0.35,0.15,-0.05,-0.25,0
90,1,29,1,10,5,6,8,4,2,4,2,2,4,3,2,5,3,5,1,2,2,3,4,4,5,5,3,6,6,4,6,7,7,6,2,1,4,34,2,14,10,8,9,6,6,6,7,5,6,6,6,6,6,0,0,1.15,0.95,0,0,0.35,0,-0.05,-0.25,1.55,1.35,0,0.95,0,0.55,0.35,0.15,-0.05,-0.25,1.55,1.35,1.15,0,0,0.55,0.35,0,0,-0.25,0
91,1,27,1,2,2,2,4,4,4,5,3,5,2,3,4,5,4,2,2,2,2,2,3,4,2,1,4,7,2,7,7,5,7,7,2,1,5,22,8,9,3,10,11,5,1,4,1,4,1,7,1,1,7,0,0,0,0,0,0.55,0.35,0.15,-0.05,-0.25,0,0,0,0,0,0.55,0.35,0.15,-0.05,-0.25,0,0,0,0,0,0,0.35,0.15,-0.05,-0.25,0
92,1,19,1,8,5,5,8,2,1,4,2,2,2,2,2,2,2,2,4,2,4,4,4,4,4,4,4,6,5,4,5,5,5,6,2,1,2,18,7,6,14,9,10,7,4,5,4,5,6,5,2,6,6,0,0,1.15,0.95,0.75,0.55,0.35,0.15,-0.05,-0.25,0,0,1.15,0.95,0.75,0.55,0.35,0.15,-0.05,-0.25,0,0,1.15,0.95,0.75,0.55,0.35,0.15,-0.05,-0.25,0
93,2,24,1,10,5,4,9,5,3,3,3,3,4,1,2,2,2,3,2,3,4,2,4,2,2,2,2,6,5,6,5,4,3,6,2,1,12,24,3,11,7,10,11,7,6,7,6,7,7,4,6,7,6,0,1.35,1.15,0.95,0.75,0.55,0.35,0.15,-0.05,-0.25,1.55,0,0,0.95,0,0,0.35,0.15,-0.05,-0.25,1.55,0,0,0.95,0.75,0.55,0,0.15,-0.05,-0.25,1
94,2,27,1,13,1,1,5,4,4,2,4,4,4,2,3,4,4,2,2,2,3,3,3,3,3,2,3,4,4,4,4,4,4,5,2,1,8,28,1,13,3,7,9,6,4,7,3,3,4,6,3,6,4,0,0,0,0.95,0.75,0.55,0.35,0.15,-0.05,-0.25,0,0,0,0.95,0.75,0.55,0.35,0.15,-0.05,-0.25,0,0,0,0.95,0.75,0.55,0.35,0.15,-0.05,-0.25,0
95,1,25,2,2,4,4,8,4,2,4,3,3,3,3,4,4,2,4,4,4,4,3,4,4,3,4,3,5,5,3,5,4,3,4,2,1,4,24,1,7,13,7,8,5,3,4,4,5,5,6,6,5,3,0,0,0,0.95,0.75,0.55,0.35,0.15,-0.05,-0.25,0,0,0,0.95,0.75,0.55,0.35,0.15,-0.05,-0.25,0,0,0,0.95,0.75,0.55,0.35,0.15,-0.05,-0.25,0
96,1,35,1,14,3,4,7,4,2,5,4,5,3,5,4,5,2,4,2,2,4,3,3,3,3,2,4,5,4,6,5,5,5,4,2,1,9,30,2,5,4,8,10,6,1,4,3,5,3,6,4,6,2,0,0,0,0.95,0.75,0.55,0.35,0.15,-0.05,-0.25,0,0,0,0.95,0.75,0.55,0.35,0.15,-0.05,-0.25,0,0,0,0.95,0.75,0.55,0.35,0.15,-0.05,-0.25,0
97,1,55,2,9,5,6,5,2,3,4,4,4,3,2,4,4,4,2,4,4,5,2,3,3,4,4,4,6,5,4,3,4,5,6,2,1,7,37,6,4,4,8,10,5,3,5,2,5,3,6,6,4,3,0,0,1.15,0.95,0.75,0.55,0.35,0.15,-0.05,-0.25,0,0,0,0.95,0.75,0.55,0.35,0.15,-0.05,-0.25,0,0,0,0.95,0.75,0.55,0.35,0.15,-0.05,-0.25,0
98,1,33,2,6,1,1,8,4,2,2,4,4,2,4,2,2,2,2,4,4,4,2,2,4,4,4,4,3,3,4,5,5,4,3,2,1,8,32,1,4,5,11,11,5,3,3,3,3,5,5,5,3,5,0,0,0,0.95,0.75,0.55,0.35,0.15,-0.05,-0.25,0,0,0,0.95,0.75,0.55,0.35,0.15,-0.05,-0.25,0,0,0,0.95,0.75,0.55,0.35,0.15,-0.05,-0.25,0
99,2,24,1,5,2,4,11,4,2,4,4,5,2,3,4,5,5,4,4,3,5,5,4,4,4,4,5,5,6,4,6,5,4,5,2,1,5,25,1,12,10,8,9,7,6,7,3,5,5,7,3,7,6,0,0,1.15,0,0.75,0.55,0.35,0.15,-0.05,-0.25,1.55,0,0,0.95,0.75,0.55,0.35,0.15,-0.05,-0.25,0,1.35,0,0.95,0.75,0.55,0.35,0.15,-0.05,-0.45,0
100,1,34,1,13,3,4,3,1,1,4,5,2,1,5,5,1,1,2,4,5,5,2,4,4,4,2,5,2,4,2,1,3,2,6,2,1,13,31,1,4,3,7,8,3,2,6,1,3,5,5,4,6,3,0,0,0,0.95,0.75,0.55,0.35,0.15,-0.05,-0.25,0,0,0,0.95,0.75,0.55,0.35,0.15,-0.05,-0.25,0,0,0,0.95,0.75,0.55,0.35,0.15,-0.05,-0.25,0
101,1,27,1,6,2,2,3,1,2,1,5,3,5,1,3,2,5,4,4,2,5,4,5,5,5,5,5,6,5,2,5,4,6,7,2,1,13,25,1,10,4,9,9,5,3,6,3,5,6,6,5,2,6,0,0,0,0,0.75,0.55,0.35,0.15,-0.05,-0.25,1.55,0,1.15,0,0.75,0.55,0.35,0.15,-0.05,-0.25,0,0,0,0,0,0,0.35,0.15,-0.05,-0.25,0
102,2,24,1,7,1,2,2,2,2,1,2,1,1,1,2,2,2,2,5,2,2,5,5,4,1,2,1,3,5,4,3,2,5,7,2,1,7,25,8,6,7,9,11,6,5,3,7,7,6,7,7,6,6,0,0,0,0,0,0,0,0,0,-0.25,0,0,0,0,0,0,0,0,0,-0.45,0,0,0,0,0,0,0,0,0,-0.25,0
103,1,55,2,7,3,5,7,5,5,4,4,4,5,4,5,4,5,4,4,4,5,3,4,4,5,3,4,5,6,4,4,5,2,7,2,1,13,49,1,7,3,10,11,2,4,4,1,7,4,7,7,2,1,0,0,0,0,0,0,0,0.15,-0.05,-0.25,0,0,0,0,0,0,0,0.15,-0.05,-0.25,0,0,0,0,0,0,0,0.15,-0.05,-0.25,0
104,2,28,1,20,3,5,4,5,4,4,4,4,4,4,4,5,5,4,4,2,4,3,4,5,5,4,4,5,3,4,6,7,6,3,2,1,5,30,1,7,3,9,9,3,3,5,1,1,5,7,2,4,5,1.55,0,1.15,0.95,0.75,0.55,0.35,0.15,-0.05,-0.25,1.55,1.35,1.15,0.95,0.75,0.55,0.35,0.15,-0.05,-0.25,1.55,0,1.15,0.95,0.75,0.55,0.35,0.15,-0.05,-0.25,0
105,2,48,1,22,7,7,8,4,5,5,5,4,5,5,5,5,5,3,3,3,4,4,3,4,2,4,3,5,4,3,3,5,3,4,2,1,13,40,1,8,5,7,9,5,5,6,4,5,5,5,4,5,4,0,0,0,0,0,0,0,0.15,-0.05,-0.25,0,0,0,0,0,0,0,0.15,-0.05,-0.25,0,0,0,0,0,0,0,0.15,-0.05,-0.25,0
106,1,33,1,12,4,5,7,2,2,2,2,2,2,2,1,2,4,2,3,2,4,2,2,2,3,2,4,7,7,7,4,5,5,7,2,1,7,27,3,6,8,4,9,5,3,4,1,2,1,4,2,5,2,0,0,0,0,0,0,0,0,-0.05,-0.25,0,0,0,0,0,0,0,0,-0.05,-0.25,0,0,0,0,0,0,0,0,-0.05,-0.25,0
107,2,29,1,10,2,2,7,4,5,5,4,3,4,3,5,4,5,4,4,4,4,3,4,4,4,3,4,4,3,4,3,4,3,6,2,1,13,28,5,9,5,9,10,2,1,1,1,1,3,1,2,1,4,0,0,1.15,0.95,0.75,0.55,0.35,0.15,-0.05,-0.25,0,0,0,0.95,0.75,0.55,0.35,0.15,-0.05,-0.25,0,0,0,0.95,0.75,0.55,0.35,0.15,-0.05,-0.25,0
108,1,42,1,5,6,6,1,5,3,1,3,5,5,5,3,1,5,3,3,3,5,3,5,3,3,3,3,4,4,4,4,4,4,4,2,1,13,42,8,14,14,11,6,7,7,7,1,7,7,7,7,7,7,0,0,0,0,0,0,0,0,-0.05,-0.25,0,0,0,0,0,0,0,0,-0.05,-0.45,0,0,0,0,0,0,0,0,-0.05,-0.45,0
109,1,71,1,10,3,4,8,4,4,3,4,4,4,3,4,5,4,4,3,2,3,3,4,2,2,2,2,7,6,5,5,7,6,6,2,1,13,68,8,4,3,8,10,5,6,6,2,6,3,7,3,5,5,0,0,0,0,0.75,0.55,0.35,0.15,-0.05,-0.25,0,0,1.15,0,0,0,0.35,0.15,-0.05,-0.25,0,0,0,0.95,0.75,0.55,0.35,0.15,-0.05,-0.25,0
110,2,29,1,10,4,4,5,3,4,3,4,4,4,3,3,3,5,2,4,2,4,3,4,2,3,3,3,5,4,4,3,4,3,4,2,1,10,28,3,6,7,7,9,6,4,6,3,6,6,6,4,5,5,0,0,0,0,0,0,0,0,-0.05,-0.25,0,0,0,0,0,0,0,0,-0.05,-0.25,0,0,0,0,0,0,0,0,-0.05,-0.25,0
111,1,31,1,10,2,2,6,5,2,5,5,5,2,3,5,5,1,3,4,3,4,2,4,4,4,4,3,5,3,4,3,3,2,6,2,1,13,30,8,7,9,7,9,7,7,7,7,7,7,7,7,7,7,0,0,0,0.95,0.75,0.55,0.35,0.15,-0.05,-0.25,0,0,0,0.95,0.75,0.55,0.35,0.15,-0.05,-0.25,0,0,0,0.95,0.75,0.55,0.35,0.15,-0.05,-0.25,0
112,2,55,2,3,2,2,4,3,5,2,4,4,2,3,4,5,5,2,4,5,5,4,4,3,4,3,4,7,5,4,4,7,4,7,2,1,13,50,1,7,8,11,11,4,4,7,1,4,7,7,7,4,7,1.55,1.35,1.15,0.95,0.75,0.55,0.35,0.15,-0.05,-0.25,1.55,0,1.15,0.95,0.75,0.55,0.35,0.15,-0.05,-0.25,0,1.35,1.15,0.95,0.75,0,0.35,0.15,-0.05,-0.25,0
113,1,23,1,8,4,4,9,4,2,3,3,4,3,4,4,4,3,3,2,2,3,1,2,2,3,3,2,4,6,6,4,4,5,5,2,1,6,23,1,4,2,9,11,5,5,6,5,4,4,4,5,5,6,0,0,0,0.95,0.75,0.55,0.35,0.15,-0.05,-0.25,0,0,0,0.95,0.75,0.55,0.35,0.15,-0.05,-0.25,0,0,0,0.95,0.75,0.55,0.35,0.15,-0.05,-0.25,0
114,1,27,1,7,3,3,7,4,2,3,2,3,3,3,3,4,4,3,3,3,4,3,3,4,4,3,2,4,5,5,4,5,5,4,2,1,4,26,4,3,8,7,6,5,5,4,4,4,4,4,,4,4,0,0,0,0,0,0,0,0.15,0,-0.25,0,0,0,0,0,0,0.35,0,0,-0.45,1.55,0,0,0.95,0.75,0,0,0,-0.05,-0.25,0
115,1,31,1,6,5,7,3,1,1,3,1,3,4,4,5,3,4,4,5,1,4,5,4,5,4,3,1,1,2,6,3,5,7,5,2,1,13,30,1,6,5,4,11,7,6,7,1,6,5,4,4,2,6,1.55,1.35,1.15,0.95,0,0,0,0.15,-0.05,-0.25,1.55,1.35,1.15,0.95,0.75,0.55,0.35,0,-0.05,-0.25,0,0,1.15,0,0,0.55,0,0,0,-0.45,0
116,1,27,1,11,2,2,8,2,4,4,5,4,2,3,4,4,5,2,4,4,4,4,4,4,3,4,4,5,5,5,6,6,4,6,2,1,9,24,2,6,4,8,10,5,5,7,3,7,5,7,4,6,7,0,0,1.15,0.95,0.75,0.55,0.35,0.15,-0.05,-0.25,1.55,1.35,1.15,0.95,0.75,0.55,0.35,0.15,-0.05,-0.25,1.55,1.35,1.15,0.95,0.75,0.55,0.35,0.15,-0.05,-0.25,0
117,1,19,2,1,4,4,4,3,3,5,3,3,3,3,3,3,3,3,3,3,5,3,3,3,3,3,3,1,1,1,1,1,1,1,2,1,7,18,1,11,4,11,6,7,7,7,7,7,7,7,7,7,7,0,0,0,0.95,0.75,0.55,0.35,0.15,-0.05,-0.25,0,0,0,0.95,0.75,0.55,0.35,0.15,-0.05,-0.25,0,0,0,0.95,0.75,0.55,0.35,0.15,-0.05,-0.25,0
118,1,44,1,7,4,7,8,5,4,3,4,4,5,2,4,4,5,5,5,5,5,5,4,4,4,4,5,6,3,7,2,5,3,7,2,1,10,48,4,7,9,8,10,6,2,5,4,7,3,7,6,5,7,1.55,1.35,1.15,0.95,0.75,0,0.35,0,-0.05,-0.25,0,0,1.15,0,0,0,0,0,-0.05,-0.25,0,1.35,1.15,0,0.75,0.55,0,0,-0.05,-0.25,0
119,1,34,2,21,2,2,4,3,4,2,3,3,4,3,4,3,5,1,2,2,3,1,2,2,3,2,2,5,2,3,6,3,4,4,2,1,13,35,1,6,9,6,10,5,4,5,4,6,6,6,5,6,5,0,0,0,0.95,0.75,0.55,0.35,0.15,-0.05,-0.25,0,0,0,0.95,0.75,0.55,0.35,0.15,-0.05,-0.25,0,0,0,0.95,0.75,0.55,0.35,0.15,-0.05,-0.25,0
120,2,60,2,2,1,3,8,1,2,1,4,1,2,3,3,2,1,2,2,2,2,4,4,2,2,2,2,3,3,3,3,4,3,4,2,1,13,67,8,5,6,6,9,5,2,7,2,5,6,7,1,5,1,0,0,0,0,0,0,0,0.15,-0.05,-0.25,0,0,0,0,0,0.55,0.35,0.15,-0.05,-0.25,0,0,0,0,0,0,0.35,0.15,-0.05,-0.25,0
121,1,29,2,3,7,7,5,5,4,4,4,4,4,4,4,5,4,2,2,1,1,4,2,2,2,4,2,4,2,3,4,6,4,2,2,1,7,35,1,10,7,7,8,7,2,6,3,6,6,6,3,7,6,0,0,1.15,0,0.75,0.55,0.35,0.15,-0.05,-0.25,1.55,0,0,0,0.75,0.55,0.35,0.15,-0.05,-0.25,0,0,0,0.95,0.75,0.55,0.35,0.15,-0.05,-0.25,0
122,1,35,2,1,4,4,3,4,4,4,4,5,4,4,4,4,4,4,4,4,4,4,2,4,2,2,2,5,4,4,3,3,3,5,2,1,13,50,8,11,4,6,9,7,3,7,3,7,3,7,7,7,7,0,0,0,0.95,0.75,0.55,0.35,0.15,-0.05,-0.25,0,0,0,0.95,0.75,0.55,0.35,0.15,-0.05,-0.25,0,0,0,0.95,0.75,0.55,0.35,0.15,-0.05,-0.25,0
123,2,60,2,5,4,4,9,5,5,3,5,4,5,2,4,5,5,2,4,2,5,3,4,4,4,4,4,6,3,4,6,7,7,6,2,1,8,40,8,2,2,6,10,4,7,7,2,6,7,7,6,3,6,0,0,0,0,0.75,0.55,0.35,0.15,-0.05,-0.25,0,0,0,0,0.75,0.55,0.35,0.15,-0.05,-0.25,0,0,0,0.95,0.75,0.55,0.35,0.15,-0.05,-0.25,0
124,2,33,1,9,1,1,6,4,4,3,4,4,4,3,4,4,4,4,2,1,2,3,3,3,3,3,3,5,5,4,5,4,4,6,2,1,13,33,3,9,15,7,8,4,3,4,3,3,3,4,3,3,4,0,0,0,0.95,0,0,0.35,0.15,-0.05,-0.25,0,0,0,0,0,0.55,0,0.15,-0.05,-0.25,0,0,0,0.95,0,0,0.35,0.15,-0.05,-0.25,0
125,2,54,1,5,6,6,4,5,5,4,5,4,5,3,4,5,5,5,4,4,5,5,4,2,4,4,4,7,3,3,6,5,6,3,2,1,13,49,1,4,5,6,8,5,2,5,3,5,3,7,3,6,6,0,1.35,1.15,0.95,0.75,0.55,0.35,0.15,-0.05,-0.25,1.55,1.35,1.15,0.95,0.75,0.55,0.35,0.15,-0.05,-0.25,1.55,1.35,1.15,0.95,0.75,0.55,0.35,0.15,-0.05,-0.25,0
126,2,54,1,8,6,6,9,4,5,4,3,5,5,5,5,5,5,2,4,4,5,2,3,4,5,3,5,7,4,5,5,7,4,7,2,1,13,54,1,9,6,9,10,7,7,7,7,7,7,7,7,7,7,0,0,0,0,0,0,0.35,0.15,-0.05,-0.25,0,0,0,0,0.75,0.55,0.35,0.15,-0.05,-0.25,0,0,0,0,0,0,0.35,0.15,-0.05,-0.25,0
127,2,31,2,8,2,3,11,2,5,2,3,5,4,3,4,2,5,2,4,4,4,3,4,4,4,4,2,3,2,3,3,5,2,4,2,1,13,43,1,8,5,9,10,5,4,7,4,4,5,7,6,3,5,0,0,0,0,0,0,0,0.15,-0.05,-0.25,0,0,0,0,0,0.55,0.35,0.15,-0.05,-0.25,0,0,0,0,0,0,0.35,0.15,-0.05,-0.25,0
128,1,38,1,17,2,2,9,4,1,2,3,4,2,2,3,4,2,4,4,2,2,5,4,3,3,4,2,7,4,6,5,5,2,6,2,1,13,34,1,10,3,10,11,7,7,7,4,7,7,7,5,7,6,0,0,0,0,0,0.55,0.35,0.15,-0.05,-0.25,0,0,0,0,0,0,0.35,0.15,-0.05,-0.25,0,0,0,0,0,0.55,0.35,0.15,-0.05,-0.25,0
129,1,38,1,9,4,4,7,5,5,5,5,5,5,5,5,5,5,5,5,5,5,5,5,5,5,5,5,4,1,6,7,1,4,4,2,1,6,35,1,3,11,11,11,7,7,7,7,7,7,7,7,7,7,1.55,1.35,1.15,0.95,0.75,0.55,0.35,0.15,-0.05,-0.25,1.55,1.35,1.15,0.95,0.75,0.55,0.35,0.15,-0.05,-0.25,1.55,1.35,1.15,0.95,0.75,0.55,0.35,0.15,-0.05,-0.25,0
130,2,33,1,10,1,1,8,2,2,2,5,3,2,3,1,4,2,4,5,5,5,3,2,2,2,4,4,5,5,3,6,5,4,7,2,1,12,34,5,7,6,8,8,5,4,7,1,3,2,7,3,7,6,1.55,0,1.15,0,0,0.55,0,0.15,0,-0.45,1.55,0,0,0.95,0.75,0,0,0,0,-0.45,1.55,1.35,0,0.95,0,0.55,0.35,0.15,0,-0.25,0
131,1,57,1,7,1,1,5,2,1,4,4,4,4,4,5,4,2,4,4,4,4,4,4,4,4,4,4,5,5,4,4,5,6,5,2,1,13,47,8,6,5,10,10,7,7,7,7,7,7,7,7,7,7,0,1.35,0,0.95,0.75,0.55,0.35,0.15,-0.05,-0.25,0,0,0,0.95,0.75,0.55,0.35,0.15,-0.05,-0.25,0,1.35,0,0.95,0.75,0.55,0.35,0.15,-0.05,-0.25,0
132,1,39,2,6,4,4,4,4,2,2,4,4,2,2,4,3,2,4,4,4,4,4,4,4,4,4,4,5,5,5,5,5,5,6,2,1,13,37,8,12,4,11,10,7,7,7,7,7,7,7,7,7,7,0,1.35,0,0.95,0.75,0.55,0.35,0.15,-0.05,-0.25,1.55,1.35,0,0.95,0.75,0.55,0.35,0.15,-0.05,-0.25,0,1.35,1.15,0.95,0.75,0.55,0.35,0.15,-0.05,-0.25,0
133,2,28,1,6,2,2,4,3,4,3,4,3,4,3,3,4,5,1,2,1,3,1,3,4,2,2,2,6,6,6,4,6,5,7,2,1,13,29,1,11,14,9,10,7,2,7,1,1,5,7,1,7,7,0,0,0,0.95,0.75,0.55,0.35,0.15,-0.05,-0.25,0,0,0,0.95,0.75,0.55,0.35,0.15,-0.05,-0.25,0,0,0,0.95,0.75,0.55,0.35,0.15,-0.05,-0.25,0
134,2,26,1,16,1,1,8,5,4,4,5,5,4,5,5,4,5,3,4,3,5,4,4,2,4,2,4,2,4,1,2,1,1,4,2,1,13,26,3,4,2,8,6,7,6,7,7,6,7,7,6,7,7,0,0,0,0.95,0,0.55,0.35,0.15,-0.05,-0.25,0,0,0,0,0.75,0.55,0.35,0.15,-0.05,-0.25,0,0,0,0.95,0.75,0.55,0.35,0.15,-0.05,-0.25,0
135,1,30,1,15,3,5,7,2,2,4,4,2,2,4,4,2,2,4,4,3,5,4,5,4,5,3,2,4,5,3,3,4,2,4,2,1,13,28,1,12,8,8,8,6,3,7,3,7,2,7,5,6,5,0,0,0,0,0,0,0,0,-0.05,-0.25,0,0,0,0,0,0,0,0,-0.05,-0.25,0,0,0,0,0,0,0,0,-0.05,-0.25,0
136,2,41,1,7,6,6,11,4,2,3,1,2,5,2,1,4,2,4,2,3,2,4,4,2,5,3,2,5,6,5,5,6,3,6,2,1,8,40,2,11,7,10,9,6,5,5,5,4,3,5,7,4,7,0,0,0,0,0.75,0.55,0.35,0.15,-0.05,-0.25,0,0,0,0.95,0.75,0.55,0,0.15,-0.05,-0.25,0,0,0,0,0.75,0,0.35,0.15,-0.05,-0.25,0
137,1,27,2,10,3,3,8,4,4,2,4,2,4,5,4,4,4,2,2,2,2,4,2,4,4,2,2,6,6,4,5,7,4,7,2,1,6,27,1,10,2,9,10,5,3,6,2,5,6,7,2,3,7,0,0,0,0.95,0.75,0.55,0.35,0.15,-0.05,-0.25,0,0,0,0.95,0.75,0.55,0.35,0.15,-0.05,-0.25,0,0,0,0.95,0.75,0.55,0.35,0.15,-0.05,-0.25,0
138,1,50,1,12,7,7,8,5,5,5,4,5,5,5,5,1,5,2,4,4,5,4,4,2,5,4,4,6,3,4,2,4,3,6,2,1,7,37,8,8,10,8,11,7,7,7,7,7,7,7,7,7,7,0,0,0,0,0,0,0.35,0.15,-0.05,-0.25,0,0,0,0,0,0.55,0.35,0.15,-0.05,-0.25,0,0,0,0,0,0.55,0.35,0.15,-0.05,-0.25,0
139,2,49,1,30,2,7,6,3,4,4,4,4,4,2,4,4,4,4,4,2,4,4,4,2,3,4,2,6,6,6,5,5,6,7,2,1,13,51,2,7,6,6,8,2,1,3,1,2,3,2,1,3,3,0,0,0,0,0,0.55,0.35,0.15,-0.05,-0.25,1.55,0,0,0.95,0,0.55,0.35,0.15,-0.05,-0.25,0,0,0,0,0.75,0,0.35,0.15,-0.05,-0.25,0
140,1,35,1,12,5,6,9,4,2,4,1,2,4,2,2,4,2,4,2,2,2,4,4,5,4,4,2,5,5,6,6,6,6,5,2,1,7,35,4,8,8,9,10,5,6,6,5,6,6,6,6,5,5,1.55,0,0,0.95,0,0.55,0,0.15,0,-0.45,0,0,0,0,0,0,0.35,0.15,0,-0.45,0,0,0,0,0,0,0,0,0,-0.25,0
141,1,26,1,9,4,4,1,5,5,1,5,4,5,5,5,5,1,5,2,3,3,5,5,4,2,4,4,4,4,4,4,3,7,5,2,1,7,24,2,6,3,8,11,7,1,7,4,5,4,7,7,7,6,0,0,0,0.95,0.75,0.55,0.35,0.15,-0.05,-0.25,0,0,0,0.95,0.75,0.55,0.35,0.15,-0.05,-0.25,0,0,0,0.95,0.75,0.55,0.35,0.15,-0.05,-0.25,0
142,2,32,2,2,2,7,7,3,5,3,4,4,4,3,4,2,5,3,5,3,5,3,5,4,5,4,2,5,3,3,4,5,4,5,2,1,5,41,2,11,3,8,9,3,4,7,3,3,5,7,3,3,3,0,0,0,0.95,0.75,0.55,0.35,0.15,-0.05,-0.25,0,0,0,0.95,0.75,0.55,0.35,0.15,-0.05,-0.25,0,0,0,0.95,0.75,0.55,0,0.15,-0.05,-0.25,0
143,2,63,1,9,3,3,3,5,5,3,5,5,5,3,5,5,5,3,4,4,5,3,4,4,5,4,5,4,4,3,4,6,6,4,1,2,4,48,2,11,7,6,11,1,1,1,1,1,1,1,1,1,1,0,0,0,0,0,0,0,0,-0.05,-0.25,0,0,0,0,0,0,0,0,-0.05,-0.25,0,0,0,0,0,0,0,0,-0.05,-0.25,0
144,2,43,1,9,2,2,9,5,5,4,5,5,5,5,5,5,5,5,5,5,5,5,4,5,4,5,5,7,7,7,7,7,7,2,1,2,13,45,1,8,7,4,10,7,1,2,1,1,1,1,1,1,1,0,0,0,0,0,0,0,0,-0.05,-0.25,0,0,0,0,0,0,0,0,0,-0.25,0,0,0,0,0,0,0,0,-0.05,-0.25,0
145,1,27,1,14,2,4,7,4,2,4,4,4,4,2,3,3,2,2,3,2,4,3,5,3,3,2,2,5,4,4,7,5,5,6,1,2,3,25,6,12,6,8,8,7,2,4,2,2,5,6,3,2,7,0,0,0,0,0,0,0,0,-0.05,-0.25,0,0,0,0,0,0,0,0,-0.05,-0.25,0,0,0,0,0,0,0,0,-0.05,-0.25,0
146,1,38,1,3,1,1,8,5,5,5,3,5,5,5,4,5,5,4,5,4,5,2,2,3,5,2,4,4,4,3,2,4,2,3,1,2,7,26,2,8,10,5,5,4,5,2,1,5,5,2,2,5,5,0,0,0,0,0,0.55,0.35,0.15,-0.05,-0.25,1.55,0,0,0.95,0.75,0.55,0.35,0.15,-0.05,-0.25,0,0,0,0,0.75,0,0.35,0.15,-0.05,-0.25,0
147,1,28,2,10,5,5,5,2,3,3,3,3,3,3,4,3,4,3,4,4,4,4,3,4,3,4,4,4,5,4,4,4,5,6,1,2,7,28,2,16,11,6,9,2,2,3,3,2,4,4,3,3,4,0,0,0,0,0,0,0,0,-0.05,-0.25,0,0,0,0,0,0,0,0,-0.05,-0.25,0,0,0,0,0,0,0,0,-0.05,-0.25,0
148,1,49,2,1,3,5,3,2,5,2,4,2,5,2,2,2,5,4,4,4,4,4,4,4,2,4,4,4,5,3,4,4,3,5,1,2,8,47,3,14,14,4,7,3,3,6,3,4,2,3,3,3,3,0,0,0,0,0,0,0,0,-0.05,-0.25,0,0,0,0,0,0,0,0,-0.05,-0.25,0,0,0,0,0,0,0,0,-0.05,-0.25,0
149,2,38,1,28,1,4,7,1,5,4,4,5,5,5,3,5,5,4,2,2,4,2,2,2,4,2,4,7,7,7,7,7,7,7,1,2,9,39,8,16,14,11,11,7,7,7,7,7,7,7,7,7,7,0,0,1.15,0,0,0.55,0,0,0,-0.25,0,0,1.15,0,0,0.55,0,0,0,-0.25,0,1.35,0,0.95,0,0,0,0.15,0,-0.45,0
150,1,34,2,6,7,5,8,5,5,4,5,5,5,3,5,5,5,5,5,3,5,5,5,4,4,4,5,5,4,4,1,3,2,6,1,2,6,28,4,7,4,5,8,2,3,6,4,3,1,5,6,2,5,0,0,0,0,0,0,0,0.15,-0.05,-0.25,0,1.35,1.15,0.95,0.75,0.55,0.35,0.15,-0.05,-0.25,0,0,0,0,0,0,0.35,0.15,-0.05,-0.25,0
151,2,54,1,24,4,4,9,2,4,2,4,4,4,2,4,4,4,4,4,4,4,4,4,4,4,4,4,4,3,3,4,5,4,5,1,2,7,56,2,15,12,6,10,5,6,6,5,6,4,6,4,6,6,1.55,1.35,0,0,0.75,0.55,0.35,0.15,-0.05,-0.25,1.55,1.35,0,0.95,0,0.55,0.35,0.15,-0.05,-0.25,1.55,1.35,0,0.95,0.75,0.55,0.35,0.15,-0.05,-0.25,0
152,1,49,1,9,4,4,1,2,1,1,4,2,2,5,5,2,1,4,2,2,4,2,4,4,4,3,2,5,4,6,5,4,2,4,1,2,6,35,1,10,5,2,1,1,1,1,1,1,1,1,4,1,1,0,0,0,0,0,0,0,0,-0.05,-0.25,0,0,0,0,0,0,0,0,-0.05,-0.25,0,0,0,0,0,0,0,0,-0.05,-0.25,0
153,1,30,1,18,4,4,11,5,3,1,5,5,5,3,3,5,5,5,5,5,5,5,5,5,5,5,5,7,7,4,4,4,4,7,1,2,6,35,2,6,5,6,6,1,1,1,1,1,1,1,1,1,1,0,0,0,0,0,0,0,0,-0.05,-0.25,0,0,0,0,0,0,0,0,-0.05,-0.25,0,0,0,0,0,0,0,0,-0.05,-0.25,0
154,2,41,1,12,1,1,2,4,5,4,5,4,5,5,5,4,5,2,4,2,4,2,5,4,3,4,4,5,4,2,2,3,3,6,1,2,4,45,1,13,9,6,8,1,1,2,1,3,2,4,3,1,2,0,0,0,0,0.75,0.55,0.35,0.15,-0.05,-0.25,0,0,0,0,0,0.55,0,0.15,-0.05,-0.25,0,0,0,0,0.75,0.55,0.35,0.15,-0.05,-0.25,0
155,1,42,2,1,1,1,7,4,4,4,4,4,3,2,4,4,2,4,4,4,4,4,4,4,4,3,4,2,2,2,1,2,1,2,1,2,6,37,3,12,7,7,5,2,3,5,2,3,6,4,2,2,5,0,0,0,0,0,0.55,0.35,0.15,-0.05,-0.25,0,0,0,0.95,0.75,0.55,0.35,0.15,-0.05,-0.25,0,0,0,0,0,0.55,0.35,0.15,-0.05,-0.25,0
156,1,31,1,4,1,1,8,2,3,3,4,2,4,2,2,3,1,2,3,2,4,4,3,4,2,3,1,7,4,3,5,3,6,2,1,2,5,28,4,14,5,8,11,6,3,7,4,6,5,7,2,7,6,0,0,0,0.95,0,0.55,0.35,0.15,-0.05,-0.25,0,0,0,0.95,0.75,0.55,0.35,0.15,-0.05,-0.25,0,0,0,0.95,0.75,0.55,0.35,0.15,-0.05,-0.25,0
157,2,32,1,5,5,5,9,4,1,4,2,2,1,2,4,2,1,2,2,1,5,4,4,4,4,4,2,6,6,5,6,6,6,6,1,2,5,36,5,13,13,9,11,7,7,7,5,6,6,7,7,7,6,0,0,0,0.95,0,0.55,0.35,0.15,-0.05,-0.25,0,0,0,0,0,0.55,0.35,0.15,-0.05,-0.25,0,0,0,0.95,0.75,0.55,0.35,0.15,-0.05,-0.25,0
158,2,27,1,19,2,2,7,2,4,2,3,4,5,3,3,2,4,3,2,2,3,4,2,4,3,2,4,7,5,6,6,7,7,7,1,2,1,45,2,10,10,6,10,1,1,4,1,1,1,3,1,1,1,0,0,0,0,0,0,0,0.15,-0.05,-0.25,0,0,0,0,0,0.55,0,0.15,-0.05,-0.25,0,0,0,0,0,0,0,0.15,-0.05,-0.25,0
159,2,28,1,15,3,6,7,4,2,2,4,4,2,5,4,2,5,5,4,4,5,3,2,3,5,4,5,2,3,2,2,3,3,6,1,2,7,31,8,18,16,6,5,7,6,7,6,5,5,7,7,7,7,0,0,0,0,0,0.55,0.35,0.15,-0.05,-0.25,0,0,0,0,0,0.55,0.35,0.15,-0.05,-0.25,0,0,0,0,0.75,0,0.35,0.15,-0.05,-0.25,0
160,2,49,1,15,3,4,5,4,4,4,4,4,4,4,5,4,4,1,4,4,5,2,4,4,4,4,4,4,5,5,4,5,6,7,1,2,13,45,1,12,10,7,8,2,1,3,2,1,3,2,1,2,3,0,0,0,0,0,0,0,0,-0.05,-0.25,0,0,0,0,0,0,0,0,-0.05,-0.25,0,0,0,0,0,0,0,0,-0.05,-0.25,0
161,2,51,1,15,3,5,9,3,4,2,4,2,4,3,4,3,4,4,4,4,4,4,4,4,4,4,4,5,4,5,5,5,5,4,1,2,13,38,6,10,13,4,7,2,5,3,3,3,3,2,3,2,3,0,0,0,0,0,0,0,0,-0.05,-0.25,0,0,0,0,0,0,0,0,-0.05,-0.25,0,0,0,0,0,0,0,0,-0.05,-0.25,0
162,1,66,1,30,3,5,9,4,5,4,4,5,5,4,5,5,5,4,4,4,5,4,4,4,5,4,5,3,4,3,6,4,6,6,1,2,5,59,1,12,10,6,10,4,2,5,1,3,1,5,2,2,1,0,0,0,0,0,0,0,0,-0.05,-0.25,0,0,0,0,0,0,0,0,-0.05,-0.25,0,0,0,0,0,0,0,0,-0.05,-0.25,0
163,2,26,1,5,6,5,5,5,5,4,4,4,4,2,5,4,5,4,4,2,4,4,4,4,4,2,4,7,5,7,6,7,7,7,1,2,6,30,1,11,7,6,7,1,1,1,1,1,1,2,1,1,1,0,0,0,0,0,0,0,0,-0.05,-0.25,0,0,0,0,0,0,0,0.15,0,-0.25,0,0,0,0,0,0,0,0,-0.05,-0.25,0
164,1,32,2,9,4,4,3,2,4,3,5,2,2,2,4,3,1,3,3,2,5,2,3,4,5,3,4,7,7,6,6,7,4,5,1,2,3,35,2,16,9,6,10,1,1,1,1,7,2,1,1,1,1,0,0,0,0,0,0,0,0.15,-0.05,-0.25,0,0,0,0,0,0,0,0.15,-0.05,-0.25,0,0,0,0,0,0,0,0.15,-0.05,-0.25,0
165,1,49,1,30,3,5,10,4,5,5,5,5,5,5,5,5,5,4,4,4,5,4,4,4,4,4,4,6,6,2,5,4,5,6,1,2,4,65,1,12,12,5,9,1,2,3,2,2,4,2,3,1,5,0,0,0,0,0,0,0.35,0.15,-0.05,-0.25,0,0,0,0,0,0.55,0.35,0.15,-0.05,-0.25,0,0,0,0,0,0,0.35,0.15,-0.05,-0.25,0
166,2,48,1,19,4,5,8,4,5,4,4,4,5,4,4,4,5,4,4,4,4,3,4,2,4,2,4,5,3,4,5,4,4,4,1,2,7,36,2,14,8,8,9,3,3,3,2,3,5,5,4,4,3,0,0,0,0,0,0,0.35,0.15,-0.05,-0.25,1.55,1.35,1.15,0.95,0.75,0.55,0.35,0.15,-0.05,-0.25,0,0,0,0.95,0.75,0.55,0.35,0.15,-0.05,-0.25,0
167,2,40,1,26,3,3,6,2,2,2,2,2,2,2,1,3,2,2,2,2,4,2,4,4,2,2,2,7,6,4,5,5,5,6,1,2,6,36,5,14,11,9,8,6,4,6,3,5,5,5,3,4,4,0,0,1.15,0.95,0.75,0.55,0.35,0.15,-0.05,-0.25,0,1.35,0,0.95,0.75,0.55,0.35,0.15,-0.05,-0.25,0,0,0,0.95,0.75,0.55,0.35,0.15,-0.05,-0.25,0
168,2,41,1,30,3,3,4,5,4,4,5,5,5,3,5,5,4,3,2,2,3,3,2,1,3,2,3,6,6,5,5,6,4,6,1,2,13,50,2,10,7,4,11,2,2,4,1,2,1,2,2,1,4,0,0,0,0,0,0,0,0.15,-0.05,-0.25,0,0,0,0,0,0.55,0,0.15,-0.05,-0.25,0,0,0,0,0,0,0.35,0.15,-0.05,-0.25,0
169,1,46,1,14,1,2,6,2,2,2,4,2,2,1,3,2,2,2,2,1,3,3,3,2,3,4,2,4,3,3,2,4,3,4,1,2,7,48,1,12,10,7,9,3,1,3,1,2,3,4,2,2,3,0,0,0,0,0,0.55,0.35,0.15,-0.05,-0.25,1.55,0,0,0.95,0.75,0.55,0.35,0.15,-0.05,-0.25,0,0,0,0,0,0.55,0.35,0.15,-0.05,-0.25,0
170,1,35,2,4,7,7,1,1,1,1,3,1,1,1,1,1,1,3,3,4,4,3,3,3,3,3,4,3,1,1,1,2,1,4,1,2,13,59,2,12,13,6,11,7,7,7,4,7,7,7,7,4,7,1.55,0,0,0.95,0.75,0.55,0.35,0.15,-0.05,-0.25,0,0,0,0.95,0.75,0.55,0.35,0.15,-0.05,-0.25,0,0,0,0.95,0.75,0.55,0.35,0.15,-0.05,-0.25,0
171,1,26,1,9,1,1,6,2,3,3,3,3,3,3,3,3,2,3,3,3,2,3,3,3,2,3,2,7,7,7,7,7,4,7,1,2,13,55,2,13,8,6,9,1,1,1,1,1,4,4,1,1,1,0,0,0,0,0,0,0,0.15,-0.05,-0.25,1.55,0,0,0,0,0.55,0,0.15,-0.05,-0.25,0,0,0,0,0,0,0,0.15,-0.05,-0.25,0
172,2,31,1,10,6,6,4,2,5,2,4,2,2,2,4,2,4,2,2,4,5,2,2,2,4,2,2,4,6,4,4,4,5,5,1,2,3,55,1,12,10,6,10,1,1,4,1,1,1,1,1,1,1,0,0,0,0,0,0,0,0,-0.05,-0.25,0,0,0,0,0,0,0,0.15,-0.05,-0.25,0,0,0,0,0,0,0,0.15,-0.05,-0.25,0
173,1,22,2,2,4,4,6,3,3,3,3,3,3,3,3,3,3,3,3,3,3,3,3,3,3,3,3,4,4,4,4,4,4,4,1,2,4,1,2,4,3,6,6,4,4,4,4,4,4,4,4,4,4,0,0,0,0,0,0,0,0,0,-0.45,0,0,0,0,0,0,0,0,0,-0.45,0,0,0,0,0,0,0,0,0,-0.45,1
174,2,26,1,13,4,4,9,3,1,4,3,3,4,4,4,4,1,4,4,3,2,5,4,4,2,4,4,4,5,3,4,3,4,4,1,2,13,27,2,10,8,9,11,7,5,7,6,6,4,7,4,7,6,0,0,0,0,0,0,0,0,-0.05,-0.25,0,0,0,0,0,0,0,0,-0.05,-0.25,0,1.35,0,0,0,0,0,0,-0.05,-0.25,0
175,1,26,1,5,4,4,8,2,2,4,3,3,2,3,2,4,2,4,4,4,4,2,2,4,4,4,4,6,6,6,6,6,6,6,1,2,4,25,2,8,5,1,6,2,1,1,1,1,4,2,1,1,3,0,0,0,0,0,0.55,0.35,0,-0.05,-0.45,0,0,0,0.95,0.75,0,0,0,-0.05,-0.45,1.55,1.35,1.15,0,0.75,0,0,0.15,-0.05,-0.25,0
176,2,42,1,14,2,3,9,2,2,5,5,4,4,3,4,5,2,4,5,5,5,2,5,2,5,2,4,6,5,5,4,3,6,4,1,2,12,74,3,17,10,7,10,6,1,6,5,1,3,7,6,3,2,0,0,0,0,0,0,0,0.15,-0.05,-0.25,0,0,0,0,0,0,0,0.15,-0.05,-0.25,0,0,0,0,0,0,0,0.15,-0.05,-0.25,0
177,2,47,1,5,3,3,8,3,2,2,4,4,3,2,4,4,4,2,2,2,4,2,3,4,2,4,4,4,6,3,2,4,7,4,1,2,6,65,3,15,9,6,9,1,6,7,1,4,1,7,6,2,6,0,0,0,0,0,0,0,0.15,-0.05,-0.25,0,0,0,0,0,0,0,0.15,-0.05,-0.25,0,0,0,0,0,0,0,0.15,-0.05,-0.45,0
178,1,31,1,30,2,1,7,4,2,4,4,5,4,3,4,2,3,5,2,2,4,4,2,2,4,2,2,4,3,4,2,2,5,2,1,2,13,31,5,10,7,5,10,7,3,7,2,2,7,7,5,5,6,0,0,0,0.95,0.75,0,0.35,0.15,-0.05,-0.25,0,0,0,0.95,0.75,0.55,0.35,0.15,-0.05,-0.25,0,0,0,0.95,0.75,0.55,0.35,0.15,-0.05,-0.25,0
179,1,28,1,10,1,1,7,4,1,4,5,4,3,5,2,5,3,2,2,1,1,4,4,4,2,5,4,6,3,5,3,3,3,2,1,2,10,27,3,9,22,4,4,1,1,1,1,1,1,1,1,1,1,0,0,0,0,0,0,0,0,-0.05,-0.25,0,0,0,0,0,0,0.35,0,-0.05,-0.25,0,0,0,0,0,0,0,0,-0.05,-0.45,0
180,1,36,1,15,2,3,9,2,4,4,5,4,4,2,5,4,4,2,4,5,5,3,4,4,4,4,2,5,3,2,5,6,1,2,1,2,13,36,1,11,8,8,7,6,6,6,3,4,4,6,5,6,5,0,0,0,0,0,0.55,0.35,0.15,-0.05,-0.25,0,0,0,0,0,0.55,0.35,0.15,-0.05,-0.25,0,0,0,0,0,0.55,0.35,0.15,-0.05,-0.25,0
181,2,33,1,10,1,3,7,5,3,3,4,4,3,1,3,5,3,4,3,3,4,4,5,3,5,5,5,7,7,7,7,7,5,5,1,2,8,33,8,13,8,9,8,1,1,3,1,1,1,5,1,1,4,0,1.35,0,0,0,0.55,0,0,-0.05,-0.25,0,1.35,0,0,0,0,0,0,-0.05,-0.45,0,0,0,0,0,0,0,0,-0.05,-0.25,0
182,2,28,1,12,1,1,6,1,1,4,3,4,1,2,5,3,1,4,4,4,5,4,4,4,5,4,2,4,1,3,3,2,2,2,1,2,3,31,1,14,12,7,7,1,1,1,1,1,2,1,1,1,1,0,0,0,0,0,0,0,0,-0.05,-0.25,0,0,0,0,0,0,0,0,-0.05,-0.25,0,0,0,0,0,0,0,0,-0.05,-0.25,0
183,2,39,2,18,2,2,8,2,4,2,4,2,4,2,3,2,5,2,5,2,5,2,4,4,5,4,2,7,5,6,4,5,4,5,1,2,13,50,1,6,5,6,9,1,1,5,1,2,4,1,5,1,3,0,0,0,0,0,0.55,0.35,0.15,-0.05,-0.25,0,0,0,0,0,0.55,0.35,0.15,-0.05,-0.25,0,0,0,0,0,0,0.35,0.15,-0.05,-0.25,0
184,2,32,2,6,3,3,3,4,3,3,4,4,3,3,4,5,4,2,4,2,3,4,2,4,3,2,3,5,5,4,3,7,6,6,1,2,4,45,1,9,16,3,6,3,1,5,2,1,4,3,1,2,4,0,0,0,0,0,0,0,0.15,-0.05,-0.25,0,0,0,0,0,0,0,0.15,-0.05,-0.25,0,0,0,0,0,0,0,0.15,-0.05,-0.25,0
185,1,23,2,3,2,2,2,2,1,1,5,2,1,5,5,2,4,4,5,5,5,4,5,5,5,5,4,6,6,4,6,5,3,7,1,2,4,29,4,10,10,1,6,2,1,2,1,2,2,6,1,1,4,0,0,0,0,0,0,0,0.15,-0.05,-0.25,0,0,0,0,0,0,0,0.15,-0.05,-0.25,0,0,0,0,0,0,0,0.15,-0.05,-0.25,0
186,1,29,2,6,4,4,8,5,5,4,5,5,5,5,5,5,5,4,4,2,5,3,4,4,5,5,4,5,3,5,4,6,4,6,1,2,5,25,3,11,7,6,8,1,3,4,1,2,2,4,1,1,2,0,0,0,0,0,0,0,0,-0.05,-0.25,0,0,0,0,0,0,0,0,-0.05,-0.25,0,0,0,0,0,0,0,0,-0.05,-0.25,0
187,1,25,1,3,5,5,7,2,2,4,4,2,3,3,4,2,4,4,4,2,4,4,4,2,4,4,4,5,5,5,5,5,5,6,1,2,8,21,7,5,7,9,11,5,6,5,3,6,5,5,6,4,5,0,0,0,0,0,0,0,0,-0.05,-0.25,0,0,0,0,0,0,0,0,-0.05,-0.25,0,0,0,0,0,0,0,0,-0.05,-0.25,0
188,1,27,1,16,3,5,7,2,1,2,5,2,2,2,4,2,1,3,4,5,5,4,5,5,4,4,4,5,4,2,6,3,5,6,1,2,13,27,3,14,12,4,6,4,6,2,1,3,3,5,1,3,6,0,0,0,0,0,0.55,0.35,0.15,-0.05,-0.25,0,0,0,0.95,0.75,0.55,0.35,0.15,-0.05,-0.25,0,0,0,0.95,0.75,0.55,0.35,0.15,-0.05,-0.25,0
189,1,28,1,18,1,1,6,3,1,3,3,4,3,5,3,1,5,3,5,5,5,3,3,3,3,4,4,4,4,4,5,5,4,5,1,2,7,29,4,16,15,6,6,1,1,1,1,1,1,1,1,1,1,0,0,0,0,0,0,0,0,-0.05,-0.25,0,0,0,0,0,0,0,0,-0.05,-0.25,0,0,0,0,0,0,0,0,-0.05,-0.45,0
190,1,33,2,12,2,7,8,2,2,1,5,2,3,1,3,2,2,3,5,5,4,4,5,4,3,5,4,7,2,3,5,4,6,4,1,2,4,31,2,17,12,7,8,2,3,2,2,3,4,3,1,3,4,0,0,0,0,0,0.55,0.35,0.15,-0.05,-0.25,0,0,0,0,0,0,0.35,0.15,-0.05,-0.25,0,0,0,0,0,0,0.35,0.15,-0.05,-0.25,0
191,2,29,1,10,1,2,5,2,3,4,2,4,3,2,4,2,4,2,2,4,2,2,2,2,2,2,2,3,4,2,3,3,6,4,1,2,6,30,2,14,8,9,6,4,4,6,3,2,2,3,1,5,2,0,0,0,0,0,0,0,0.15,-0.05,-0.25,0,0,0,0,0,0,0,0.15,-0.05,-0.25,0,0,0,0,0,0,0,0.15,-0.05,-0.25,0
192,1,32,2,1,4,4,1,4,2,4,3,4,3,4,3,4,2,2,2,2,2,2,2,2,2,2,2,4,7,4,4,7,4,7,1,2,13,47,1,17,22,6,6,1,1,4,4,1,4,4,1,1,4,0,0,0,0,0,0,0,0,-0.05,-0.25,0,0,0,0,0,0,0,0,-0.05,-0.25,0,0,0,0,0,0,0,0,-0.05,-0.25,0
193,1,27,1,12,3,4,8,2,2,2,3,4,4,2,2,2,4,4,2,4,4,4,4,4,2,2,4,4,4,4,3,4,3,3,1,2,3,29,2,15,15,6,8,4,3,3,1,2,2,5,2,5,4,0,0,0,0.95,0,0.55,0.35,0.15,-0.05,-0.25,0,0,0,0.95,0.75,0.55,0.35,0.15,-0.05,-0.25,0,0,0,0.95,0,0.55,0.35,0.15,-0.05,-0.25,0
194,2,41,1,8,4,4,3,2,5,3,4,2,4,2,4,4,5,4,4,4,4,4,2,4,4,4,4,4,3,1,2,3,3,4,1,2,3,45,4,9,7,9,9,6,3,5,2,5,4,6,3,6,5,0,0,0,0,0,0,0,0,-0.05,-0.25,0,0,0,0,0,0,0,0.15,-0.05,-0.25,0,0,0,0,0,0,0,0.15,-0.05,-0.45,0
195,1,34,1,28,3,6,8,2,2,2,4,2,2,2,3,3,4,3,4,4,4,3,4,4,5,4,4,6,4,4,6,7,5,6,1,2,5,37,1,11,14,2,9,4,3,6,1,1,5,3,5,3,4,0,0,0,0,0,0,0,0.15,-0.05,-0.25,0,0,0,0,0,0,0,0,-0.05,-0.25,0,0,0,0,0,0,0,0.15,-0.05,-0.25,0
196,2,43,1,15,2,3,5,3,2,2,2,4,3,2,3,3,3,2,2,2,2,2,2,2,2,2,2,6,5,4,5,6,7,5,1,2,13,41,1,18,16,8,10,6,6,6,4,4,6,6,3,6,5,0,0,0,0.95,0,0.55,0.35,0.15,-0.05,-0.25,0,0,0,0.95,0.75,0.55,0.35,0.15,-0.05,-0.25,0,0,0,0.95,0.75,0,0.35,0.15,-0.05,-0.25,0
197,1,33,1,10,7,7,8,4,5,2,4,4,5,3,2,4,5,4,3,2,5,5,4,4,4,4,4,7,5,6,6,5,4,6,1,2,4,52,2,14,14,4,8,6,1,3,1,4,2,2,2,2,1,0,0,0,0,0,0.55,0.35,0.15,-0.05,-0.25,0,0,0,0,0,0,0.35,0.15,-0.05,-0.25,0,0,0,0,0.75,0,0.35,0.15,-0.05,-0.25,0
198,1,35,2,7,2,1,4,4,2,2,4,2,2,3,4,4,4,2,2,2,4,2,2,4,3,2,4,7,5,4,4,4,4,3,1,2,13,38,2,12,9,7,7,4,3,7,3,2,1,5,2,3,5,0,0,0,0,0,0,0,0.15,-0.05,-0.25,0,0,0,0,0,0.55,0.35,0.15,-0.05,-0.25,0,0,0,0,0,0,0.35,0.15,-0.05,-0.25,0
199,2,35,1,30,1,2,8,2,1,1,5,2,1,1,4,2,1,2,2,4,5,2,2,4,3,4,2,4,6,4,3,5,7,5,1,2,4,51,5,8,13,5,8,2,1,1,2,1,3,2,1,2,1,0,0,0,0,0,0,0,0,-0.05,-0.25,0,0,0,0,0,0,0,0,-0.05,-0.25,0,0,0,0,0,0,0,0,-0.05,-0.25,0
200,2,40,2,6,2,2,7,2,2,2,4,3,4,4,4,2,2,3,4,2,3,3,3,4,3,4,2,6,3,5,3,3,5,5,1,2,13,70,1,7,7,5,9,3,1,3,1,1,4,4,1,2,2,0,0,0,0,0,0.55,0,0.15,-0.05,-0.25,0,0,0,0,0,0.55,0.35,0.15,-0.05,-0.25,0,0,0,0,0,0.55,0.35,0.15,-0.05,-0.25,0
201,1,50,1,19,3,5,9,4,4,4,5,3,3,3,4,3,4,3,4,3,4,3,4,4,4,4,3,6,4,4,4,3,3,3,1,2,4,45,4,18,16,6,8,4,4,6,,3,6,5,5,3,5,0,0,0,0,0.75,0.55,0.35,0.15,-0.05,-0.25,0,0,0,0.95,0,0.55,0,0.15,-0.05,-0.25,1.55,0,0,0.95,0.75,0.55,0.35,0.15,-0.05,-0.25,0
202,1,32,1,9,2,2,1,2,2,2,4,2,2,1,3,2,2,4,2,2,4,3,1,4,2,2,4,4,4,5,5,4,6,7,1,2,7,33,2,17,10,5,8,2,3,3,1,2,2,1,1,2,3,0,0,0,0,0,0,0,0.15,-0.05,-0.25,0,0,0,0,0,0,0,0.15,-0.05,-0.25,0,0,0,0,0,0.55,0,0.15,-0.05,-0.25,0
203,1,51,1,5,4,4,9,3,3,2,2,2,4,2,2,4,4,4,3,3,4,4,4,4,4,4,2,5,5,5,6,6,4,5,1,2,8,45,3,13,10,6,6,1,1,1,1,1,1,1,1,1,1,0,0,0,0,0,0,0,0,-0.05,-0.25,0,0,0,0,0,0,0,0,-0.05,-0.25,0,0,0,0,0,0,0,0,-0.05,-0.25,0
204,1,25,1,29,2,2,3,3,2,4,5,4,3,4,5,4,4,3,4,3,3,3,3,4,3,3,4,4,3,2,4,2,3,7,1,2,1,30,1,9,7,8,9,3,1,5,3,6,4,6,2,3,6,0,0,0,0,0,0,0,0.15,-0.05,-0.25,0,0,0,0,0,0,0.35,0.15,-0.05,-0.25,0,0,0,0,0,0,0,0.15,-0.05,-0.25,0
205,2,38,2,10,1,1,10,5,5,5,5,4,5,3,5,4,5,5,5,5,5,5,5,5,5,5,5,5,6,6,4,6,5,5,1,2,4,42,3,16,10,7,9,5,2,2,1,4,4,4,2,4,6,0,0,0,0,0,0,0,0.15,-0.05,-0.25,0,0,0,0,0,0,0,0,-0.05,-0.25,0,0,0,0,0,0,0,0.15,-0.05,-0.45,0
206,1,53,1,1,1,6,8,5,4,4,3,4,5,4,5,4,4,3,4,2,5,2,4,3,4,2,2,7,2,2,3,4,4,1,1,2,6,32,1,12,8,8,10,3,4,2,5,3,5,3,4,5,1,1.55,1.35,0,0.95,0.75,0,0.35,0.15,-0.05,-0.25,0,0,0,0,0.75,0,0,0.15,-0.05,-0.25,1.55,1.35,0,0,0.75,0.55,0,0.15,-0.05,-0.25,0
207,2,51,2,5,7,7,9,5,5,1,3,5,5,1,2,5,5,5,4,4,5,4,5,5,5,5,4,7,6,6,7,7,4,7,1,2,4,41,1,14,10,6,11,1,1,1,1,1,1,1,1,1,2,0,0,0,0,0,0,0,0,-0.05,-0.25,0,0,0,0,0,0,0,0,-0.05,-0.25,0,0,0,0,0,0,0,0,-0.05,-0.25,0
208,2,52,1,17,4,6,9,2,4,4,3,4,4,3,4,4,4,2,4,4,4,3,3,3,4,3,2,5,5,4,5,4,4,7,1,2,12,63,3,11,15,2,8,1,1,2,1,1,2,4,2,1,1,0,0,0,0,0,0,0,0,-0.05,-0.25,0,0,0,0,0,0,0,0,-0.05,-0.45,0,0,0,0,0,0,0,0,-0.05,-0.25,0
209,1,29,1,5,5,5,6,4,3,4,3,3,3,2,3,3,3,4,2,2,3,3,3,4,4,4,3,5,5,4,5,6,4,5,1,2,7,27,2,7,8,7,8,5,5,4,5,5,6,6,5,5,6,0,0,0,0,0.75,0,0.35,0,0,-0.45,1.55,0,1.15,0.95,0,0,0,0.15,0,-0.45,1.55,1.35,0,0,0.75,0,0,0.15,-0.05,-0.45,1
210,2,48,1,15,6,6,11,1,5,4,5,5,5,4,5,5,5,5,5,4,5,5,5,4,4,4,5,7,7,7,7,7,7,7,1,2,7,50,3,15,10,7,9,1,1,1,1,1,1,7,1,1,5,0,0,0,0,0,0,0,0.15,-0.05,-0.25,0,0,0,0,0,0,0,0.15,-0.05,-0.25,0,0,0,0,0,0,0,0.15,-0.05,-0.25,0
211,1,63,1,30,2,2,8,5,5,4,4,5,5,5,4,5,5,5,4,4,3,4,4,4,3,4,4,5,2,3,2,5,1,2,1,2,13,63,1,10,9,4,9,2,1,2,1,2,5,5,3,1,2,1.55,1.35,1.15,0.95,0.75,0.55,0.35,0.15,-0.05,-0.25,1.55,1.35,1.15,0.95,0.75,0.55,0.35,0.15,-0.05,-0.25,1.55,1.35,1.15,0.95,0.75,0.55,0.35,0.15,-0.05,-0.25,0
212,2,36,1,2,2,2,1,4,1,2,4,4,2,5,4,2,1,2,2,2,2,2,2,2,2,2,2,3,2,2,3,4,2,4,1,2,8,39,2,14,7,6,8,7,6,7,5,6,3,7,3,6,5,0,0,0,0.95,0.75,0.55,0.35,0.15,-0.05,-0.25,0,0,1.15,0.95,0.75,0.55,0.35,0.15,-0.05,-0.25,0,0,0,0.95,0.75,0.55,0.35,0.15,-0.05,-0.25,0
213,2,48,1,30,5,5,10,4,5,2,4,3,5,4,2,4,5,1,5,4,3,4,4,4,2,4,3,5,3,4,7,4,4,6,1,2,10,26,1,16,12,9,9,3,4,4,1,3,4,5,5,5,4,0,0,0,0.95,0,0,0.35,0.15,-0.05,-0.25,0,0,0,0,0.75,0.55,0.35,0.15,-0.05,-0.25,1.55,0,0,0.95,0,0.55,0.35,0.15,-0.05,-0.25,0
214,2,48,1,1,5,5,1,5,5,5,5,5,5,5,5,5,5,5,5,5,5,5,5,5,5,5,5,7,7,7,7,7,7,7,1,2,13,75,3,2,4,11,11,1,1,1,1,3,1,7,1,7,1,0,0,0,0,0,0,0,0,-0.05,-0.25,0,0,0,0,0,0,0,0,-0.05,-0.25,0,0,0,0,0,0,0,0,-0.05,-0.25,0
215,1,43,1,25,5,5,8,4,5,2,3,5,5,5,3,1,5,4,4,4,4,4,4,4,4,4,4,4,4,3,3,4,5,5,2,2,11,39,2,8,4,9,10,5,2,6,1,2,5,7,3,3,3,0,0,0,0,0,0.55,0.35,0.15,-0.05,-0.25,0,0,0,0,0,0.55,0.35,0.15,-0.05,-0.25,0,0,0,0,0.75,0.55,0.35,0.15,-0.05,-0.25,0
216,2,23,1,3,1,1,4,1,4,2,5,2,4,2,5,1,2,4,4,2,4,4,5,4,4,4,4,5,5,3,2,4,4,5,2,2,5,64,2,6,19,5,6,2,2,3,1,1,3,3,1,1,1,0,0,0,0,0,0,0.35,0.15,-0.05,-0.25,0,0,0,0,0,0.55,0,0.15,-0.05,-0.25,0,0,0,0,0,0.55,0.35,0.15,-0.05,-0.25,0
217,1,24,1,13,6,6,9,2,5,1,4,2,5,1,2,2,5,4,4,4,4,4,4,4,4,2,4,7,6,5,7,4,5,7,2,2,5,28,6,8,5,9,10,7,2,2,7,7,3,6,7,7,2,0,0,0,0,0,0,0,0.15,-0.05,-0.25,0,0,0,0,0,0,0,0.15,-0.05,-0.25,0,0,0,0,0,0,0,0.15,-0.05,-0.25,0
218,1,55,1,14,5,5,9,5,5,5,5,5,5,4,5,5,5,4,3,2,5,4,3,4,4,4,4,5,5,4,5,5,2,6,2,2,7,33,1,13,8,6,9,2,2,4,2,3,3,4,4,2,2,0,0,0,0,0,0,0,0.15,-0.05,-0.25,0,0,0,0,0,0,0,0.15,-0.05,-0.25,0,0,0,0,0,0,0,0.15,-0.05,-0.25,0
219,2,32,1,7,7,7,11,5,1,5,1,1,5,1,1,5,1,5,1,1,1,5,5,5,5,5,1,6,6,6,6,7,6,3,2,2,10,25,7,11,6,6,9,3,4,3,3,5,4,3,3,6,7,1.55,1.35,1.15,0.95,0.75,0.55,0.35,0.15,-0.05,-0.25,0,1.35,1.15,0.95,0.75,0.55,0.35,0.15,-0.05,-0.25,1.55,1.35,1.15,0.95,0.75,0,0.35,0.15,-0.05,-0.25,0
220,2,40,2,29,5,5,8,5,5,5,5,5,5,5,5,5,5,5,5,5,5,5,5,5,5,5,5,7,6,5,6,6,6,6,2,2,3,68,1,2,4,6,11,1,1,3,1,1,1,7,1,1,1,0,0,0,0,0,0,0,0.15,-0.05,-0.25,0,0,0,0,0,0,0,0,-0.05,-0.25,0,0,0,0,0,0,0,0.15,-0.05,-0.25,0
221,2,38,1,17,6,6,7,2,4,4,4,4,4,4,4,2,4,4,4,2,4,4,4,2,4,2,4,6,3,6,5,6,5,4,2,2,6,40,2,6,6,8,10,3,2,6,2,3,5,6,3,2,5,0,0,0,0,0,0,0,0,-0.05,-0.25,0,0,0,0,0,0,0,0.15,-0.05,-0.25,0,0,0,0,0,0,0,0.15,-0.05,-0.25,0
222,2,29,1,1,5,5,8,4,4,2,3,2,5,2,3,4,4,4,2,5,4,4,4,4,4,4,2,3,2,2,6,4,3,2,2,2,13,46,2,8,12,7,10,6,4,5,3,3,6,6,2,5,5,0,0,0,0.95,0.75,0.55,0.35,0.15,-0.05,-0.25,0,0,0,0.95,0.75,0.55,0.35,0.15,-0.05,-0.25,0,0,0,0.95,0.75,0.55,0.35,0.15,-0.05,-0.25,0
223,1,50,1,9,3,5,7,4,3,2,5,4,5,5,5,4,5,2,4,4,5,3,4,4,4,3,4,6,4,4,3,5,2,5,2,2,12,35,1,9,5,8,10,7,3,7,6,6,6,7,3,7,4,0,0,0,0,0.75,0.55,0.35,0.15,-0.05,-0.25,0,0,0,0.95,0,0.55,0.35,0.15,-0.05,-0.25,0,0,0,0,0.75,0.55,0.35,0.15,-0.05,-0.25,0
224,1,34,1,11,7,7,8,5,1,5,2,3,3,1,3,4,1,4,3,2,2,5,4,4,5,4,3,7,5,7,6,5,6,5,2,2,7,34,3,10,9,8,10,7,6,7,5,7,7,6,6,6,7,0,0,0,0,0.75,0,0,0.15,-0.05,-0.45,1.55,1.35,1.15,0,0,0.55,0,0.15,-0.05,-0.25,0,1.35,1.15,0.95,0,0,0,0,0,-0.45,0
225,2,31,1,8,2,2,7,4,2,4,4,2,3,2,3,4,2,2,5,4,5,2,4,3,4,2,4,4,4,4,2,4,2,5,2,2,13,22,2,8,11,6,9,2,7,7,3,6,6,7,5,2,5,0,0,0,0,0,0,0,0.15,-0.05,-0.25,0,0,0,0,0,0,0.35,0.15,-0.05,-0.25,0,0,0,0,0,0,0,0.15,-0.05,-0.25,0
226,2,30,1,21,2,2,6,2,5,4,2,2,2,2,2,4,5,4,2,2,4,4,3,4,2,2,4,7,4,3,4,7,5,4,2,2,9,29,4,10,3,10,11,7,6,6,3,4,5,7,5,6,7,0,0,0,0,0,0.55,0.35,0.15,-0.05,-0.25,1.55,0,0,0,0,0.55,0.35,0.15,-0.05,-0.25,0,0,0,0.95,0.75,0.55,0.35,0.15,-0.05,-0.25,0
227,2,48,2,4,1,2,10,5,2,5,2,3,1,5,5,4,4,5,4,2,5,5,4,1,5,4,3,6,5,3,3,6,4,2,2,2,2,66,2,5,6,6,9,7,3,6,3,6,3,7,5,5,7,0,0,0,0,0.75,0.55,0.35,0.15,-0.05,-0.25,0,0,0,0,0,0,0.35,0.15,-0.05,-0.25,0,0,0,0,0.75,0.55,0.35,0.15,-0.05,-0.25,0
228,1,39,1,9,3,3,7,2,4,4,3,4,4,4,4,4,5,4,3,4,4,3,4,4,4,3,4,6,5,3,3,3,6,1,2,2,9,29,6,10,8,11,5,7,6,7,2,7,7,7,6,7,7,0,0,0,0,0.75,0.55,0,0.15,-0.05,-0.25,0,0,0,0,0,0,0,0.15,-0.05,-0.25,0,0,0,0,0.75,0,0,0.15,-0.05,-0.25,0
229,1,29,2,6,4,4,6,3,5,1,4,4,2,5,4,3,3,3,3,4,4,3,4,4,4,3,5,7,6,5,6,5,6,6,2,2,5,26,3,10,6,7,6,6,6,6,6,6,6,6,5,6,6,0,1.35,0,0,0.75,0,0,0.15,-0.05,-0.25,1.55,0,0,0,0,0,0,0,-0.05,-0.25,0,0,1.15,0,0,0,0,0.15,-0.05,-0.45,0
230,1,25,2,14,4,4,7,4,2,3,3,3,3,3,2,3,2,2,4,4,2,4,3,3,4,3,3,5,4,4,3,5,3,4,2,2,4,25,2,8,5,6,6,3,3,3,3,3,3,3,3,3,2,0,0,0,0,0,0,0,0,-0.05,-0.25,0,0,0,0,0,0,0,0,-0.05,-0.25,0,0,0,0,0,0,0,0,-0.05,-0.25,0
231,2,37,1,10,4,4,3,5,2,4,2,5,5,2,3,5,4,2,4,4,3,4,4,4,5,4,3,7,4,5,7,4,7,6,2,2,3,1,1,7,5,7,9,1,1,1,1,1,1,1,1,1,1,0,0,0,0,0,0,0,0,0,-0.25,0,0,0,0,0,0,0,0,0,-0.25,0,0,0,0,0,0,0,0,0,-0.45,0
232,3,33,2,1,3,3,1,1,1,1,3,4,1,1,5,1,1,1,4,5,5,1,3,4,5,1,4,1,1,2,1,1,1,1,2,2,9,27,6,5,7,6,10,1,7,6,4,4,7,7,6,1,4,0,0,0,0.95,0.75,0.55,0.35,0.15,-0.05,-0.25,0,0,0,0.95,0.75,0.55,0.35,0.15,-0.05,-0.25,0,0,0,0.95,0.75,0.55,0.35,0.15,-0.05,-0.25,0
233,1,24,1,5,2,2,4,2,2,4,4,3,2,3,4,2,2,2,2,2,2,2,2,3,2,2,3,4,5,6,3,4,5,5,2,2,8,22,4,6,3,9,6,6,7,7,5,6,7,7,7,6,7,0,0,0,0.95,0.75,0.55,0.35,0.15,-0.05,-0.25,0,0,0,0,0.75,0.55,0.35,0.15,-0.05,-0.25,0,0,0,0.95,0,0.55,0.35,0.15,-0.05,-0.25,0
234,2,26,1,2,2,4,3,1,1,1,5,2,1,1,4,2,5,1,2,2,4,1,1,5,5,2,2,4,7,5,7,7,6,7,2,2,8,27,5,5,5,5,10,7,7,7,3,6,5,7,2,7,7,0,0,1.15,0,0,0.55,0.35,0.15,-0.05,-0.25,0,0,0,0,0.75,0.55,0.35,0.15,-0.05,-0.25,0,0,0,0,0,0,0.35,0.15,-0.05,-0.25,0
235,1,27,2,2,2,2,1,4,2,4,1,2,3,2,2,5,2,2,2,3,4,1,4,4,4,4,4,7,3,4,4,4,4,3,2,2,13,19,2,6,4,6,3,2,2,4,3,2,1,4,2,2,3,0,0,0,0,0,0,0,0,-0.05,-0.25,0,0,0,0,0,0,0,0,-0.05,-0.25,0,0,0,0,0,0,0,0,0,-0.25,0
236,1,53,1,1,1,1,5,5,1,3,3,5,3,2,2,5,1,2,2,2,4,2,4,2,2,3,2,3,1,2,2,2,2,1,2,2,4,30,1,2,3,9,9,7,7,7,4,7,6,7,4,7,7,0,0,0,0,0.75,0.55,0.35,0.15,-0.05,-0.25,0,0,0,0,0.75,0.55,0.35,0.15,-0.05,-0.25,0,0,0,0,0.75,0.55,0.35,0.15,-0.05,-0.25,0
237,1,49,2,7,4,4,9,4,5,4,5,4,5,4,5,1,5,4,4,4,5,4,4,4,4,4,4,4,5,5,3,5,5,6,2,2,5,23,1,6,2,9,9,1,1,1,2,1,5,5,2,2,2,0,0,0,0,0,0,0,0.15,-0.05,-0.25,0,0,0,0,0,0,0.35,0.15,-0.05,-0.25,0,0,0,0,0,0,0,0.15,-0.05,-0.25,0
238,1,29,1,13,4,3,5,2,3,2,4,3,5,3,4,4,4,2,2,2,3,2,2,2,4,2,4,4,3,3,5,4,4,4,2,2,5,37,3,11,7,3,6,3,2,3,2,2,3,4,3,3,4,0,0,0,0,0,0,0,0,-0.05,-0.25,0,0,0,0,0,0,0,0.15,-0.05,-0.25,0,0,0,0,0,0,0,0.15,-0.05,-0.25,0
239,1,32,1,16,6,6,9,4,5,2,5,4,5,5,5,4,5,5,5,5,5,4,5,5,4,5,4,3,4,4,5,3,2,6,2,2,5,58,4,7,9,3,7,3,4,5,2,4,5,6,3,2,5,0,0,0,0,0,0,0,0,-0.05,-0.25,0,0,0,0,0,0,0,0,-0.05,-0.25,0,0,0,0,0,0,0,0,-0.05,-0.25,0
240,1,37,2,16,4,4,8,2,4,4,4,4,4,4,3,4,4,4,4,4,5,4,4,4,4,4,4,5,4,4,4,3,3,5,2,2,9,60,3,4,10,5,9,4,1,3,1,2,5,2,1,2,2,0,0,0,0,0,0,0,0,-0.05,-0.25,0,0,0,0,0,0,0,0,-0.05,-0.25,0,0,0,0,0,0,0,0,-0.05,-0.25,0
241,2,35,1,13,1,2,7,4,3,5,5,4,3,5,5,4,4,2,2,4,4,3,4,2,2,2,5,4,2,5,2,6,2,5,2,2,8,35,1,11,19,2,8,3,5,6,2,2,3,7,6,2,6,0,0,0,0,0,0,0,0.15,-0.05,-0.25,0,0,0,0,0,0,0,0.15,-0.05,-0.25,0,0,0,0,0,0,0,0.15,-0.05,-0.25,0
242,2,23,1,8,3,3,2,4,2,2,4,5,2,5,4,5,2,1,2,1,5,2,2,4,4,2,5,3,3,3,4,5,3,6,2,2,3,42,6,6,10,3,10,6,5,6,1,3,3,6,3,6,6,0,0,0,0,0,0.55,0.35,0.15,-0.05,-0.25,0,0,0,0,0,0,0,0.15,-0.05,-0.25,0,0,0,0,0,0.55,0.35,0.15,-0.05,-0.25,0
243,1,31,1,30,3,4,5,2,3,4,3,2,3,3,3,3,4,3,4,4,4,4,3,4,4,4,4,4,4,3,4,3,5,5,2,2,5,28,3,8,6,6,9,5,4,5,3,4,3,5,2,5,4,0,0,0,0,0,0.55,0.35,0.15,-0.05,-0.25,0,0,0,0,0,0,0.35,0.15,-0.05,-0.25,0,0,0,0,0,0.55,0.35,0.15,-0.05,-0.25,0
244,1,35,1,10,4,4,9,4,1,2,1,4,4,4,4,2,5,2,2,1,5,2,2,2,5,2,2,4,4,2,3,4,2,2,2,2,13,32,3,5,4,10,10,7,7,7,7,7,7,7,7,7,7,0,0,0,0,0,0,0,0.15,-0.05,-0.25,0,0,0,0,0,0,0,0.15,-0.05,-0.25,0,0,0,0,0,0,0,0.15,-0.05,-0.25,0
245,1,24,1,13,3,3,8,3,1,4,3,4,2,4,4,5,1,3,4,4,4,3,4,2,2,4,4,5,4,2,5,4,4,5,2,2,10,23,1,6,3,9,10,5,4,6,3,6,4,7,3,5,6,0,0,0,0,0,0,0,0,-0.05,-0.25,0,0,0,0,0,0,0,0,-0.05,-0.25,0,0,0,0,0,0,0,0,-0.05,-0.25,0
246,1,25,2,7,2,1,6,4,1,4,4,4,2,5,3,4,1,2,2,2,1,2,2,2,1,2,2,4,3,3,5,4,2,6,2,2,4,23,2,9,4,8,10,7,2,7,2,5,4,6,2,6,6,0,0,0,0.95,0.75,0.55,0.35,0.15,-0.05,-0.25,0,0,0,0.95,0.75,0.55,0.35,0.15,-0.05,-0.25,0,0,0,0.95,0.75,0.55,0.35,0.15,-0.05,-0.25,0
247,1,26,2,11,2,2,9,5,4,2,3,5,5,3,4,5,4,4,4,4,5,4,4,5,5,2,5,4,2,4,2,2,3,4,2,2,5,22,4,5,3,7,9,6,5,6,2,6,4,6,3,1,7,0,0,0,0,0.75,0.55,0.35,0.15,-0.05,-0.25,1.55,1.35,1.15,0.95,0.75,0.55,0.35,0.15,-0.05,-0.25,0,0,0,0,0.75,0.55,0.35,0.15,-0.05,-0.25,0
248,2,42,1,17,7,7,9,4,5,2,5,5,3,2,2,3,5,4,2,5,5,3,5,4,4,4,5,6,5,5,5,5,6,7,2,2,10,48,3,10,6,10,10,5,1,5,1,4,3,4,4,2,5,0,0,0,0,0,0,0,0.15,-0.05,-0.25,0,0,0,0,0,0,0,0.15,-0.05,-0.25,0,0,0,0,0,0,0,0.15,-0.05,-0.45,0
249,1,52,1,10,5,6,8,4,5,3,3,4,4,3,4,4,5,4,4,4,5,5,4,5,5,4,5,4,2,2,2,2,3,2,2,2,5,45,3,6,4,6,9,6,7,6,3,4,6,7,6,6,7,0,0,0,0.95,0.75,0.55,0.35,0.15,-0.05,-0.25,0,0,0,0.95,0.75,0.55,0.35,0.15,-0.05,-0.25,0,0,0,0.95,0.75,0.55,0.35,0.15,-0.05,-0.25,0
250,2,28,1,9,4,4,8,2,4,2,4,3,3,2,5,2,5,3,4,4,5,2,4,4,4,2,2,4,4,4,2,3,5,4,2,2,4,30,2,6,13,5,6,1,1,1,1,1,3,4,1,1,5,0,0,0,0,0,0,0.35,0.15,-0.05,-0.25,0,0,0,0,0,0,0,0.15,-0.05,-0.25,0,0,0,0,0,0,0.35,0.15,-0.05,-0.25,0
251,2,37,1,7,2,1,1,5,1,4,5,5,5,3,5,5,5,1,4,4,3,1,4,1,2,4,5,6,6,7,4,7,3,7,2,2,4,55,1,4,1,6,6,1,1,1,1,1,1,1,1,1,1,0,0,0,0.95,0,0.55,0.35,0.15,-0.05,-0.25,0,0,0,0.95,0.75,0.55,0.35,0.15,-0.05,-0.25,0,0,0,0.95,0.75,0,0.35,0.15,-0.05,-0.25,0
252,1,24,2,9,4,4,7,4,3,3,4,4,3,3,3,4,3,4,4,4,4,3,4,4,3,4,4,3,4,2,4,4,3,3,2,2,6,26,1,11,4,9,9,5,3,3,5,3,5,5,3,5,5,0,0,0,0.95,0,0.55,0.35,0.15,-0.05,-0.25,0,0,0,0,0.75,0.55,0.35,0.15,-0.05,-0.25,0,0,0,0.95,0.75,0.55,0.35,0.15,-0.05,-0.25,0
253,1,39,1,18,2,2,8,4,4,2,4,4,4,4,3,2,5,2,2,2,2,4,4,3,2,3,2,6,3,4,3,4,5,3,2,2,6,32,1,4,7,3,6,1,2,4,2,2,4,3,2,2,4,0,0,0,0,0,0,0.35,0.15,-0.05,-0.25,0,0,0,0,0,0,0.35,0.15,-0.05,-0.25,0,0,0,0,0,0,0.35,0.15,-0.05,-0.25,0
254,2,37,1,8,7,7,9,4,5,4,5,4,5,5,4,4,5,3,4,4,4,2,3,2,5,4,4,4,5,5,4,4,7,5,2,2,6,38,2,8,10,7,10,1,1,1,1,1,1,2,1,1,1,0,0,0,0,0,0,0,0,-0.05,-0.25,0,0,0,0,0,0,0,0,-0.05,-0.25,0,0,0,0,0,0,0,0,-0.05,-0.25,0
255,1,45,1,7,5,7,11,5,5,3,1,5,5,3,1,5,5,5,5,5,5,5,5,5,5,5,5,2,4,2,1,2,1,3,2,2,13,45,1,13,3,11,11,7,7,7,7,7,7,7,7,7,7,0,0,0,0,0,0,0,0,-0.05,-0.25,0,0,0,0,0,0,0,0,-0.05,-0.45,0,0,0,0,0,0,0,0,-0.05,-0.25,0
256,2,25,1,3,2,2,3,1,3,2,2,3,3,2,2,2,2,1,3,4,4,1,2,2,3,2,2,4,5,4,3,3,4,5,2,2,5,27,4,8,6,5,8,1,2,2,1,1,2,4,3,2,2,0,0,0,0,0,0,0,0.15,-0.05,-0.25,0,0,0,0,0,0,0,0.15,-0.05,-0.25,0,0,0,0,0,0,0,0.15,-0.05,-0.25,0
257,2,35,1,13,6,6,7,5,5,4,5,4,4,4,4,4,5,2,4,5,2,4,4,5,2,4,4,7,5,4,6,7,6,6,2,2,3,30,1,9,9,7,8,2,2,6,3,2,6,6,5,3,4,0,0,0,0,0,0,0,0,-0.05,-0.25,0,0,0,0,0,0,0,0,-0.05,-0.25,0,0,0,0,0,0,0,0,-0.05,-0.25,0
258,1,33,2,2,3,3,4,3,3,2,5,3,3,2,4,4,3,4,4,3,4,4,4,4,4,3,2,5,5,3,2,4,5,6,2,2,4,24,1,9,2,8,6,5,3,3,2,4,3,5,2,6,2,0,0,0,0,0,0.55,0.35,0.15,-0.05,-0.25,0,0,0,0,0,0,0.35,0.15,-0.05,-0.25,0,0,0,0,0,0,0.35,0.15,-0.05,-0.25,0
259,1,38,1,1,4,4,6,5,5,5,5,5,5,5,5,5,5,5,1,1,1,5,1,5,1,5,1,4,4,4,4,7,4,4,2,2,13,36,7,8,18,1,6,7,7,7,4,7,7,7,7,7,7,0,0,0,0.95,0.75,0.55,0.35,0.15,-0.05,-0.25,0,0,0,0.95,0.75,0.55,0.35,0.15,-0.05,-0.25,0,0,0,0.95,0.75,0.55,0.35,0.15,-0.05,-0.25,0
260,1,23,2,5,5,5,4,4,3,2,4,3,3,3,2,3,4,4,4,2,4,2,4,3,3,3,3,4,5,5,5,5,4,6,2,2,4,22,1,11,7,2,6,4,4,4,3,3,3,4,5,5,3,1.55,0,0,0,0,0.55,0,0.15,-0.05,-0.25,0,0,0,0.95,0,0,0.35,0,-0.05,-0.25,0,0,1.15,0.95,0,0,0.35,0.15,-0.05,-0.25,0
261,2,53,2,30,5,5,6,4,1,2,5,5,3,2,5,1,1,3,3,3,4,3,4,4,4,2,3,5,4,4,5,5,4,5,2,2,1,59,1,3,7,6,8,4,5,6,1,4,4,4,3,3,1,0,0,0,0,0,0,0,0,-0.05,-0.25,0,0,0,0,0,0,0,0.15,-0.05,-0.25,0,0,0,0,0,0,0,0,-0.05,-0.25,0
262,1,29,2,5,5,7,4,4,5,2,1,4,4,1,1,4,4,4,4,4,2,4,4,2,4,5,2,7,7,5,6,3,7,7,2,2,4,21,8,6,3,10,10,3,7,5,1,7,7,5,7,1,1,1.55,1.35,1.15,0.95,0.75,0.55,0.35,0.15,-0.05,-0.25,1.55,1.35,0,0.95,0.75,0.55,0.35,0.15,-0.05,-0.25,1.55,1.35,0,0.95,0.75,0.55,0.35,0.15,-0.05,-0.25,0
263,1,30,1,6,6,6,10,4,2,4,2,2,4,2,2,4,2,5,4,4,2,4,4,4,4,4,4,6,6,6,6,6,6,6,2,2,4,27,2,12,4,9,9,7,5,5,5,6,6,7,6,6,6,1.55,1.35,1.15,0.95,0.75,0,0.35,0.15,-0.05,-0.25,1.55,1.35,1.15,0.95,0.75,0.55,0.35,0.15,-0.05,-0.25,1.55,1.35,1.15,0.95,0.75,0.55,0.35,0.15,-0.05,-0.45,0
264,1,26,2,3,2,2,3,4,4,3,5,5,2,4,5,4,5,2,3,1,4,2,4,3,3,4,2,7,4,7,4,7,6,4,2,2,5,27,1,8,3,6,9,1,2,4,1,1,1,4,3,1,4,0,0,0,0.95,0.75,0.55,0.35,0.15,-0.05,-0.25,0,0,0,0.95,0.75,0.55,0.35,0.15,-0.05,-0.25,0,0,0,0.95,0.75,0.55,0.35,0.15,-0.05,-0.25,0
265,1,40,1,25,3,3,7,2,2,2,2,2,2,4,2,2,2,2,2,2,4,2,3,3,2,2,3,7,6,5,6,5,5,6,2,2,7,34,6,9,7,10,9,5,4,6,2,3,5,5,3,4,6,0,0,1.15,0.95,0.75,0.55,0.35,0.15,-0.05,-0.25,0,0,0,0.95,0.75,0.55,0.35,0.15,-0.05,-0.25,0,0,0,0.95,0.75,0.55,0.35,0.15,-0.05,-0.25,0
266,2,29,1,10,3,5,9,4,3,4,2,3,4,3,3,2,3,5,3,3,1,5,3,5,4,4,2,5,5,5,5,5,5,5,2,2,4,29,3,12,10,9,9,5,7,6,6,7,6,7,7,6,6,0,0,0,0.95,0,0,0.35,0.15,0,-0.25,0,1.35,1.15,0.95,0.75,0.55,0.35,0,-0.05,-0.45,0,0,1.15,0.95,0.75,0.55,0.35,0.15,-0.05,-0.45,0
267,1,29,1,8,4,4,8,2,4,2,5,2,2,4,4,3,5,5,5,2,5,4,4,5,3,2,4,4,4,2,4,3,5,6,2,2,4,42,5,7,4,7,8,2,2,2,2,2,4,3,3,3,3,0,0,0,0,0,0,0,0.15,-0.05,-0.25,0,0,0,0,0,0,0,0.15,-0.05,-0.25,0,0,0,0,0,0,0,0.15,-0.05,-0.25,0
268,2,36,1,11,2,4,7,4,2,4,4,2,3,3,5,4,4,2,2,2,4,2,2,4,2,2,2,6,6,6,5,5,6,7,2,2,5,28,2,7,6,8,9,2,1,4,1,2,2,5,2,2,3,0,0,0,0,0,0,0,0,-0.05,-0.25,0,0,0,0,0,0,0,0,-0.05,-0.25,0,0,0,0,0,0,0,0,-0.05,-0.25,0
269,1,31,1,2,6,6,8,2,4,2,4,4,3,2,4,4,4,2,2,3,4,2,4,4,4,4,4,5,5,5,5,5,4,5,2,2,13,31,3,10,4,9,8,4,3,3,5,5,3,6,5,6,3,0,0,0,0.95,0.75,0.55,0.35,0.15,-0.05,-0.25,0,0,0,0.95,0.75,0.55,0.35,0.15,-0.05,-0.25,0,0,0,0.95,0.75,0.55,0.35,0.15,-0.05,-0.25,0
270,1,31,1,7,1,1,1,4,2,1,3,5,3,1,5,5,5,1,2,2,5,1,2,2,5,2,2,7,6,6,3,6,4,6,2,2,2,32,3,6,3,9,10,6,7,7,1,7,3,7,5,4,7,0,0,0,0,0,0,0,0.15,-0.05,-0.25,0,0,0,0,0,0.55,0.35,0.15,-0.05,-0.25,0,0,0,0.95,0,0,0.35,0.15,-0.05,-0.25,0
271,1,56,1,9,5,6,5,3,3,2,3,4,4,3,3,2,4,3,4,2,3,3,4,3,3,3,2,4,3,5,5,7,5,3,2,2,6,46,1,13,8,6,8,3,5,4,1,5,3,3,5,4,3,0,0,0,0,0,0,0,0.15,-0.05,-0.25,0,0,0,0,0,0,0,0.15,-0.05,-0.25,0,0,0,0,0,0,0,0.15,-0.05,-0.45,0
272,1,41,1,8,3,3,5,4,2,3,3,4,2,4,3,2,2,1,4,4,4,1,2,4,3,3,3,4,3,4,2,5,2,3,2,2,10,38,1,7,4,8,9,7,4,6,1,4,3,6,3,4,5,0,0,0,0,0,0,0,0,-0.05,-0.25,0,0,0,0,0,0,0,0,-0.05,-0.25,0,0,0,0,0,0,0,0,-0.05,-0.25,0
273,1,22,2,5,5,5,6,4,5,4,4,4,5,5,4,4,5,3,4,2,3,2,3,4,3,4,4,5,4,4,6,6,6,5,2,2,13,22,1,7,2,8,9,6,3,6,4,5,5,7,5,6,6,0,0,0,0.95,0.75,0.55,0.35,0.15,-0.05,-0.25,0,0,0,0.95,0.75,0.55,0.35,0.15,-0.05,-0.25,0,0,0,0.95,0.75,0.55,0.35,0.15,-0.05,-0.25,0
274,2,49,1,4,4,5,9,3,5,4,5,2,5,4,5,3,5,4,5,2,4,4,4,2,3,4,4,2,4,3,2,5,3,7,2,2,3,45,1,6,9,7,9,2,2,7,1,1,1,6,3,1,6,0,0,0,0,0,0,0,0.15,-0.05,-0.25,0,0,0,0,0,0,0,0.15,-0.05,-0.25,0,0,0,0,0,0,0,0.15,-0.05,-0.25,0
275,1,58,1,6,5,5,9,4,4,4,4,4,4,3,5,2,5,4,3,2,4,4,2,4,4,3,4,7,5,5,6,5,4,6,2,2,13,51,1,2,5,3,8,1,1,1,1,1,1,1,1,1,1,0,0,0,0,0,0,0,0,-0.05,-0.25,0,0,0,0,0,0,0,0,-0.05,-0.25,0,0,0,0,0,0,0,0,-0.05,-0.25,0
276,2,38,2,13,4,4,9,5,5,1,5,5,5,1,5,5,5,5,5,5,5,5,5,5,5,5,2,1,7,7,4,4,4,7,2,2,5,28,6,4,3,6,6,1,1,4,1,1,1,1,1,1,1,0,0,0,0,0,0,0,0,-0.05,-0.25,0,0,0,0,0,0,0,0.15,-0.05,-0.25,0,0,0,0,0,0,0,0.15,-0.05,-0.25,0
277,1,39,2,7,1,4,3,5,5,1,5,5,5,5,5,5,5,1,5,5,5,1,5,4,1,5,5,2,2,6,2,6,1,7,2,2,13,46,1,8,4,9,10,2,1,4,2,2,2,4,4,2,2,0,0,0,0,0,0,0,0,-0.05,-0.25,0,0,0,0,0,0,0,0.15,-0.05,-0.25,0,0,0,0,0,0,0,0,-0.05,-0.25,0
278,1,33,2,9,4,5,7,2,1,2,4,4,5,4,4,2,4,2,4,4,4,2,4,5,2,5,1,3,5,4,3,2,4,4,2,2,5,31,6,5,10,7,7,4,6,5,5,4,4,4,5,5,3,0,0,0,0,0,0,0,0,-0.05,-0.25,0,0,0,0,0,0,0,0,-0.05,-0.25,0,0,0,0,0,0,0,0,-0.05,-0.25,0
279,1,34,2,2,5,2,1,4,2,4,3,4,2,4,3,4,2,2,4,4,2,2,2,2,2,2,2,4,4,2,4,4,4,4,2,2,13,34,1,2,7,1,5,5,3,3,3,3,3,3,3,4,3,0,0,0,0,0,0,0,0,-0.05,-0.25,0,0,0,0,0,0,0,0,-0.05,-0.25,0,0,0,0,0,0,0,0,0,-0.25,0
280,1,31,2,7,1,3,5,4,5,4,4,5,5,3,4,5,5,4,4,4,5,3,3,3,4,3,4,4,4,4,4,4,4,5,2,2,2,26,3,12,3,9,11,2,1,2,2,3,3,3,3,1,3,0,0,0,0,0,0,0,0.15,-0.05,-0.25,0,0,0,0,0,0,0,0.15,-0.05,-0.25,0,0,0,0,0,0,0,0.15,-0.05,-0.25,0
281,1,48,2,2,2,2,11,4,5,4,5,4,5,5,4,4,5,4,5,2,5,5,4,5,5,4,4,2,1,2,1,2,1,3,2,2,13,45,1,10,4,8,8,6,2,3,,6,6,6,2,6,6,1.55,1.35,1.15,0.95,0.75,0.55,0.35,0.15,-0.05,-0.25,1.55,1.35,1.15,0.95,0.75,0.55,0.35,0.15,-0.05,-0.25,1.55,1.35,1.15,0.95,0.75,0.55,0.35,0.15,-0.05,-0.25,0
282,2,59,2,4,1,1,8,4,2,4,4,2,4,3,5,4,4,2,4,5,5,2,4,4,4,2,4,4,4,4,4,4,4,4,2,2,7,32,2,5,12,4,6,1,1,2,2,2,3,5,2,1,1,0,0,0,0,0,0,0,0,-0.05,-0.25,0,0,0,0,0,0,0,0,-0.05,-0.25,0,0,0,0,0,0,0,0,-0.05,-0.45,0
283,1,34,1,1,6,7,8,3,3,4,1,1,4,3,2,5,2,3,1,1,2,4,4,4,4,5,1,5,6,6,5,7,7,6,2,2,8,24,5,11,3,8,9,5,7,6,5,7,7,6,6,6,5,1.55,0,0,0,0,0,0.35,0.15,0,-0.25,1.55,1.35,0,0,0.75,0.55,0,0,-0.05,-0.45,1.55,1.35,0,0.95,0,0.55,0,0,0,-0.25,1
284,1,47,1,14,3,5,7,4,4,4,3,5,5,5,5,5,4,4,5,4,5,4,4,4,5,4,2,4,3,3,4,3,5,4,2,2,5,45,1,11,6,5,4,4,4,5,4,4,4,5,5,3,6,0,0,0,0,0,0.55,0.35,0.15,-0.05,-0.25,0,0,0,0,0,0,0.35,0.15,-0.05,-0.25,0,0,0,0,0,0,0.35,0.15,-0.05,-0.25,0
285,1,21,2,30,2,1,6,3,2,2,2,4,2,2,1,3,2,3,4,4,3,3,5,2,2,3,4,7,6,5,6,5,6,6,2,2,12,36,1,9,6,8,10,2,2,4,1,1,3,3,1,2,3,0,0,0,0,0,0,0,0,-0.05,-0.25,0,0,0,0,0,0,0,0,-0.05,-0.25,0,0,0,0,0,0,0.35,0,-0.05,-0.25,0
286,1,26,1,4,2,1,,3,2,3,3,3,4,3,3,3,3,4,2,3,3,3,4,3,3,4,3,6,6,6,6,6,6,6,2,2,13,27,8,6,5,4,4,6,6,6,2,6,,6,6,6,6,0,0,0,0,0.75,0,0,0,0,-0.45,0,0,0,0,0,0,0,0,0,-0.45,0,1.35,0,0,0,0.55,0,0,0,-0.25,0
287,1,25,2,15,5,6,5,3,4,4,1,4,4,1,2,5,2,3,2,4,4,4,2,2,5,4,4,7,5,1,4,6,5,3,1,3,1,28,5,6,10,1,3,5,2,3,1,3,5,3,3,1,3,0,0,0,0,0,0,0,0,-0.05,-0.45,0,0,0,0,0,0,0,0,0,-0.25,0,0,0,0,0,0,0,0,0,-0.45,0
288,1,35,1,2,3,3,4,4,3,2,2,2,2,2,2,2,4,3,2,4,2,4,2,3,2,4,4,3,6,5,3,6,5,5,1,3,3,45,2,5,5,6,8,4,5,5,3,6,5,3,6,3,4,1.55,0,1.15,0,0,0.55,0.35,0,0,-0.45,1.55,0,0,0,0.75,0.55,0.35,0.15,-0.05,-0.25,0,0,1.15,0,0,0,0,0,0,-0.25,0
289,2,35,1,11,7,7,8,4,5,4,5,4,4,5,5,1,5,2,4,5,5,2,4,4,4,3,4,6,5,6,5,6,5,6,1,3,2,38,2,8,12,6,7,3,1,3,1,3,4,4,1,1,3,0,0,0,0,0,0,0,0,0,-0.45,0,0,0,0,0,0,0,0,0,-0.45,0,0,0,0,0,0,0,0,0,-0.45,0
290,2,37,1,13,1,1,1,2,2,3,5,2,2,1,5,3,2,2,4,4,3,2,3,3,3,2,2,3,3,4,2,5,2,5,1,3,9,29,5,20,12,7,2,7,7,7,5,6,6,7,7,7,7,0,0,0,0,0,0,0,0,-0.05,-0.25,0,0,0,0,0,0,0,0,-0.05,-0.25,0,0,0,0,0,0,0,0,-0.05,-0.25,0
291,1,26,1,5,3,3,3,5,5,2,5,4,5,1,4,5,5,5,5,5,5,4,4,3,5,4,5,7,1,5,2,6,4,1,1,3,2,35,3,10,19,3,4,1,1,1,1,1,5,3,1,1,1,0,0,0,0,0,0,0,0,-0.05,-0.25,0,0,0,0,0,0,0,0,-0.05,-0.25,0,0,0,0,0,0,0,0,-0.05,-0.25,0
292,2,40,1,10,6,6,9,5,5,4,5,5,5,2,5,5,5,4,4,3,5,5,4,3,4,4,3,7,4,4,7,3,7,3,1,3,13,42,1,14,11,5,5,1,1,1,1,1,1,1,1,1,1,0,0,0,0,0,0,0,0,0,-0.45,0,0,0,0,0,0,0,0,0,-0.45,0,0,0,0,0,0,0,0,0,-0.45,0
293,1,34,2,3,4,4,4,4,4,2,4,3,3,2,5,3,4,4,2,4,4,3,4,4,4,2,4,7,3,4,6,3,6,4,1,3,4,60,1,10,17,4,3,3,3,2,2,2,2,3,3,1,3,0,0,0,0,0,0,0,0,-0.05,-0.25,0,0,0,0,0,0,0,0,-0.05,-0.25,0,0,0,0,0,0,0,0,-0.05,-0.25,0
294,2,33,2,30,1,1,4,4,1,5,5,4,2,4,5,5,5,4,4,2,4,4,4,4,4,2,4,5,3,4,3,6,7,3,1,3,7,39,6,18,5,1,3,1,1,1,1,1,1,1,1,1,1,0,0,0,0,0,0,0,0,0,-0.45,0,0,0,0,0,0,0,0,0,-0.45,0,0,0,0,0,0,0,0,0,-0.45,0
295,1,35,1,24,4,4,9,4,3,2,3,4,3,4,4,4,4,2,4,2,4,2,3,1,2,3,3,4,3,2,2,3,4,2,1,3,4,45,1,9,6,3,6,2,2,2,3,3,2,3,3,3,3,0,0,0,0,0,0,0,0,0,-0.25,0,0,0,0,0,0,0,0,0,-0.45,0,0,0,0,0,0,0,0,0,-0.45,0
296,1,34,1,18,1,1,10,5,5,5,5,5,5,5,5,5,5,4,5,5,5,4,5,4,5,4,5,4,2,2,7,5,7,4,1,3,7,38,4,14,5,1,9,1,1,2,1,1,1,4,3,1,1,0,0,0,0,0,0,0,0,0,-0.45,0,0,0,0,0,0,0,0,0,-0.45,0,0,0,0,0,0,0,0,0,-0.45,0
297,2,36,1,22,1,1,11,5,5,1,5,5,5,5,5,5,5,5,1,1,4,5,3,3,3,3,1,7,1,3,1,4,1,4,1,3,10,60,2,14,9,6,9,1,1,1,1,4,1,1,1,1,1,0,0,0,0,0,0,0,0,-0.05,-0.25,0,0,0,0,0,0,0,0,-0.05,-0.25,0,0,0,0,0,0,0,0,-0.05,-0.25,0
298,1,34,1,16,5,5,4,4,5,3,5,3,4,5,3,1,5,5,4,4,5,5,2,4,4,4,4,6,2,4,5,4,5,7,1,3,11,40,3,17,15,6,5,1,1,4,1,1,2,4,2,1,2,0,0,1.15,0,0,0.55,0.35,0.15,-0.05,-0.25,1.55,0,0,0.95,0,0,0.35,0.15,-0.05,-0.25,0,0,0,0,0.75,0,0.35,0.15,-0.05,-0.25,0
299,2,24,2,3,1,1,1,5,1,4,5,4,2,5,5,4,1,2,5,2,5,3,4,1,4,4,4,6,1,2,3,4,4,2,1,3,13,28,2,14,13,6,3,2,1,1,1,1,2,1,1,2,2,0,0,0,0,0,0.55,0.35,0.15,-0.05,-0.25,0,0,0,0,0.75,0.55,0.35,0.15,-0.05,-0.25,0,0,0,0,0.75,0,0.35,0.15,-0.05,-0.25,0
300,2,33,1,10,3,3,5,4,3,4,4,4,4,3,4,2,4,2,3,2,4,2,3,4,3,2,4,6,5,5,5,5,4,4,1,3,13,36,5,12,11,3,6,2,2,2,1,2,2,2,1,1,4,0,0,0,0,0,0,0,0,-0.05,-0.25,0,0,0,0,0,0,0,0,-0.05,-0.25,0,0,0,0,0,0,0,0,-0.05,-0.25,0
301,1,39,1,15,1,1,8,4,4,4,4,4,4,4,4,4,4,3,4,4,4,3,4,2,3,4,4,4,5,4,3,4,4,6,1,3,13,39,5,13,14,8,9,2,2,2,2,3,3,2,1,2,2,0,0,0,0,0,0,0,0,-0.05,-0.25,0,0,0,0,0,0,0,0,-0.05,-0.25,0,0,0,0,0,0,0,0,-0.05,-0.25,0
302,2,45,1,15,1,1,6,5,5,1,5,2,5,2,4,5,5,4,5,2,5,4,4,4,5,4,5,7,7,4,6,4,7,7,1,3,6,60,1,12,9,6,11,2,4,6,1,2,2,5,1,3,2,0,0,0,0,0,0,0,0,-0.05,-0.25,0,0,0,0,0,0,0,0,-0.05,-0.25,0,0,0,0,0,0,0,0,-0.05,-0.25,0
303,1,28,1,13,3,3,8,4,5,3,3,4,4,3,4,4,5,3,4,2,2,3,4,4,3,4,4,7,5,6,6,7,5,7,1,3,5,30,3,9,9,5,4,1,1,1,1,1,1,1,1,1,1,0,0,0,0,0,0,0,0,0,-0.45,0,0,0,0,0,0,0,0,0,-0.45,0,0,0,0,0,0,0,0,0,-0.45,0
304,2,30,1,7,4,4,5,4,2,5,5,4,3,5,5,4,3,5,3,2,4,5,4,4,5,3,3,5,7,7,6,6,5,6,1,3,10,50,1,12,16,1,1,1,1,1,1,1,1,1,1,1,1,0,0,0,0,0,0,0,0,0,-0.45,0,0,0,0,0,0,0,0,0,-0.45,0,0,0,0,0,0,0,0,0,-0.45,0
305,2,33,1,6,6,5,8,3,5,4,2,5,5,4,3,2,2,4,4,2,2,5,4,5,4,4,3,7,3,4,4,3,3,6,1,3,5,38,3,15,11,3,4,1,1,3,2,2,2,3,3,1,1,0,0,0,0,0,0,0,0,0,-0.45,0,0,0,0,0,0,0,0,0,-0.45,0,0,0,0,0,0,0,0,0,-0.45,0
306,1,71,2,1,4,7,11,4,1,2,5,5,2,2,5,3,3,2,2,5,5,3,4,4,2,2,4,4,4,4,5,6,6,6,1,3,3,50,6,7,6,3,3,2,1,1,1,1,2,3,1,1,1,0,0,0,0,0,0,0,0,-0.05,-0.25,0,0,0,0,0,0,0,0,-0.05,-0.25,0,0,0,0,0,0,0,0,-0.05,-0.25,0
307,1,46,1,12,3,5,7,2,5,4,4,4,5,2,4,4,5,2,2,2,2,2,2,4,2,2,2,3,4,4,3,3,3,4,1,3,4,48,6,10,9,3,8,1,1,1,1,1,1,1,1,1,1,0,0,0,0,0,0,0,0,0,-0.45,0,0,0,0,0,0,0,0,0,-0.45,0,0,0,0,0,0,0,0,0,-0.45,0
308,2,23,1,5,2,2,9,2,2,2,4,4,2,2,2,4,4,4,4,2,4,4,4,4,4,4,4,5,4,4,3,5,3,6,1,3,7,24,6,13,11,5,7,3,3,3,3,3,4,3,2,3,5,0,0,0,0,0,0,0,0,-0.05,-0.25,0,0,0,0,0,0,0,0,-0.05,-0.25,0,0,0,0,0,0,0,0,-0.05,-0.25,0
309,1,40,1,7,7,7,6,1,3,4,4,5,3,3,4,5,3,4,4,1,4,4,4,3,3,4,2,5,2,3,4,4,4,4,1,3,7,23,1,14,8,7,3,1,1,2,1,1,3,2,1,1,1,0,0,0,0,0,0,0,0,-0.05,-0.25,0,0,0,0,0,0,0,0,-0.05,-0.25,0,0,0,0,0,0,0,0,-0.05,-0.25,0
310,2,34,1,19,5,5,6,4,5,2,4,4,4,2,2,1,5,2,5,5,5,2,5,4,5,4,5,7,6,6,1,5,3,7,1,3,8,46,1,16,10,2,1,1,1,1,1,1,1,1,1,1,1,0,0,0,0,0,0,0,0,-0.05,-0.25,0,0,0,0,0,0,0,0,-0.05,-0.25,0,0,0,0,0,0,0,0,-0.05,-0.25,0
311,1,22,1,14,2,2,8,3,3,3,4,4,1,3,2,3,2,3,2,2,4,2,2,5,4,1,5,5,4,3,4,3,6,7,1,3,10,26,5,15,9,6,8,1,1,2,1,2,3,4,1,1,1,0,0,0,0,0,0,0,0,-0.05,-0.25,0,0,0,0,0,0,0,0.15,0,-0.45,0,0,0,0,0,0,0,0,-0.05,-0.25,0
312,2,35,1,14,4,5,6,5,5,4,5,5,5,5,5,5,5,5,4,2,4,5,5,4,4,4,5,7,4,5,7,6,6,6,1,3,3,34,4,13,11,10,11,3,5,5,1,1,1,6,1,3,2,0,0,0,0,0,0,0,0,-0.05,-0.25,0,0,0,0,0,0,0,0,-0.05,-0.25,0,0,0,0,0,0,0,0,-0.05,-0.25,0
313,2,35,1,16,1,1,4,2,5,2,5,3,5,2,5,3,5,2,3,2,3,3,2,3,2,2,2,7,3,3,2,7,7,7,1,3,13,60,1,12,15,1,8,1,1,1,1,1,1,1,1,1,1,0,0,0,0,0,0,0,0,0,-0.25,0,0,0,0,0,0,0,0,0,-0.45,0,0,0,0,0,0,0,0,0,-0.25,0
314,2,28,1,13,6,6,3,2,4,2,4,4,2,2,4,2,4,4,4,4,4,4,2,4,4,2,4,6,6,6,5,6,6,7,1,3,8,29,1,17,12,5,3,1,1,1,1,1,2,1,1,1,2,0,0,0,0,0,0,0,0,-0.05,-0.25,0,0,0,0,0,0,0,0,-0.05,-0.25,0,0,0,0,0,0,0,0,-0.05,-0.25,0
315,1,42,2,30,2,2,1,5,1,2,4,5,5,5,4,5,1,1,2,2,5,1,2,1,5,2,4,6,6,4,4,3,2,6,1,3,4,30,1,11,8,7,7,1,1,1,1,1,1,1,1,1,1,0,0,0,0,0,0,0,0,-0.05,-0.25,0,0,0,0,0,0,0,0,-0.05,-0.25,0,0,0,0,0,0,0,0,-0.05,-0.25,0
316,2,71,1,5,7,6,7,5,5,4,4,5,5,4,4,5,5,4,4,5,4,4,4,4,4,3,5,6,3,3,5,6,3,4,1,3,13,32,2,8,5,9,10,1,1,3,1,2,3,2,1,1,3,0,0,0,0,0.75,0.55,0.35,0,-0.05,-0.25,0,1.35,0,0.95,0.75,0,0.35,0.15,0,-0.45,0,0,0,0.95,0.75,0,0.35,0.15,-0.05,-0.45,0
317,2,41,1,30,3,5,4,4,5,2,3,4,4,2,3,5,5,2,2,2,5,3,3,4,5,2,3,6,6,7,5,6,6,7,1,3,13,40,2,12,6,3,4,1,1,1,1,1,3,1,2,1,1,0,0,0,0,0,0,0,0,-0.05,-0.25,0,0,0,0,0,0,0,0,-0.05,-0.25,0,0,0,0,0,0,0,0,-0.05,-0.25,0
318,1,34,1,17,6,7,8,4,2,4,4,4,4,3,4,4,5,4,4,2,5,4,3,4,5,4,3,4,5,3,4,4,2,5,1,3,7,48,4,12,11,1,4,2,2,1,3,1,4,1,1,1,2,0,0,0,0,0,0,0,0,0,-0.45,0,0,0,0,0,0,0,0,0,-0.45,0,0,0,0,0,0,0,0,0,-0.45,0
319,2,27,1,9,6,5,9,2,4,4,2,4,5,4,4,2,5,2,4,2,4,5,4,4,4,3,5,4,2,3,5,3,1,3,1,3,5,30,2,8,10,4,9,6,2,2,4,1,3,3,1,3,1,0,1.35,0,0.95,0,0,0,0.15,-0.05,-0.25,0,1.35,0,0,0.75,0,0,0.15,0,-0.25,0,0,0,0.95,0.75,0,0,0.15,-0.05,-0.25,0
320,1,33,2,6,1,4,6,4,5,5,5,3,5,5,5,4,5,5,5,2,5,5,5,4,5,4,4,3,3,4,3,5,5,5,1,3,13,33,1,9,19,3,3,2,1,2,2,2,2,4,2,3,2,0,0,0,0.95,0.75,0.55,0.35,0.15,-0.05,-0.25,0,0,0,0,0.75,0.55,0.35,0.15,-0.05,-0.25,0,0,0,0.95,0.75,0.55,0.35,0.15,-0.05,-0.25,0
321,1,73,1,10,6,6,9,4,5,4,4,4,5,4,3,4,5,4,4,4,4,4,3,4,4,3,4,5,6,5,5,6,3,6,1,3,11,55,1,12,12,6,9,1,1,2,1,1,2,1,1,1,1,0,0,0,0,0,0,0,0,0,-0.25,0,0,0,0,0,0,0,0,0,-0.45,0,0,0,0,0,0,0,0,0,-0.25,0
322,1,69,2,4,6,6,9,3,4,4,4,4,4,4,4,4,4,4,4,4,4,4,4,4,2,2,3,7,1,7,7,7,7,4,1,3,13,50,5,11,7,3,9,1,1,1,1,1,1,1,1,1,1,0,0,0,0,0,0,0,0,0,-0.45,0,0,0,0,0,0,0,0,0,-0.45,0,0,0,0,0,0,0,0,0,-0.45,0
323,2,30,1,20,5,6,7,3,5,2,4,2,5,2,2,2,5,2,4,4,4,3,4,3,4,4,3,5,4,2,3,4,5,4,1,3,5,32,1,14,9,6,8,3,2,4,1,2,2,2,1,3,3,0,0,0,0,0,0,0,0,-0.05,-0.25,0,0,0,0,0,0,0,0,-0.05,-0.25,0,0,0,0,0,0,0,0,-0.05,-0.25,0
324,2,24,2,17,2,2,7,4,3,3,5,3,4,4,5,3,3,2,4,2,4,3,2,2,3,3,2,6,5,5,6,6,7,6,1,3,12,38,4,17,7,5,9,2,2,3,2,1,3,3,3,2,4,0,0,0,0,0,0,0,0.15,-0.05,-0.25,0,0,0,0,0,0,0,0.15,-0.05,-0.25,0,0,0,0,0,0,0,0.15,-0.05,-0.25,0
325,2,31,1,23,6,6,5,4,2,4,2,4,2,4,4,4,4,2,2,2,4,2,2,4,2,4,2,7,6,4,4,6,7,6,1,3,7,40,4,12,10,4,7,1,1,1,1,2,2,2,1,1,1,0,0,0,0,0,0,0,0,-0.05,-0.25,0,0,0,0,0,0,0,0,-0.05,-0.25,0,0,0,0,0,0,0,0,-0.05,-0.25,0
326,2,51,1,4,3,3,5,4,5,4,4,2,4,2,4,4,5,4,4,2,4,4,4,5,4,2,4,5,4,3,6,5,6,4,1,3,11,34,8,8,7,8,9,1,1,1,1,1,1,1,1,1,1,0,0,0,0,0,0,0,0,0,-0.25,0,0,0,0,0,0,0,0,0,-0.45,0,0,0,0,0,0,0,0,0,-0.45,0
327,1,44,1,28,4,5,8,4,5,2,4,4,5,2,4,4,5,5,4,4,4,4,4,4,4,2,4,7,5,4,7,4,5,3,1,3,5,32,2,10,11,10,10,2,1,3,1,1,2,3,1,3,2,0,0,0,0,0,0,0,0,-0.05,-0.25,0,0,0,0,0,0,0,0,0,-0.45,0,0,0,0,0,0,0,0,0,-0.25,0
328,2,45,1,19,1,1,10,4,5,3,5,5,5,3,5,5,5,4,4,3,5,4,5,1,3,3,4,5,6,6,2,6,5,6,1,3,12,67,1,12,7,6,8,1,1,2,1,1,3,2,1,1,1,0,0,0,0,0,0,0,0,-0.05,-0.25,0,0,0,0,0,0,0,0,-0.05,-0.25,0,0,0,0,0,0,0,0,-0.05,-0.25,0
329,2,32,1,16,2,2,3,2,2,2,4,2,2,4,4,2,2,1,2,2,4,1,2,2,4,4,2,4,5,3,2,4,2,6,1,3,7,42,4,15,9,3,10,3,5,5,4,6,5,7,2,4,3,0,0,0,0,0,0,0,0,0,-0.25,0,0,0,0,0,0,0,0,0,-0.45,0,0,0,0,0,0,0,0,0,-0.25,0
330,2,42,2,7,4,4,4,3,2,4,4,2,2,3,4,4,2,2,3,2,2,2,3,3,2,2,2,6,4,5,5,4,4,7,1,3,5,38,1,9,13,2,8,4,3,4,1,1,2,2,3,1,3,0,0,0,0,0,0,0,0,-0.05,-0.25,0,0,0,0,0,0,0,0,-0.05,-0.25,0,0,0,0,0,0,0,0,-0.05,-0.25,0
331,2,37,1,4,4,7,9,4,3,4,5,4,3,4,4,4,2,4,4,2,5,4,5,4,5,5,4,7,2,5,2,4,3,3,1,3,4,36,1,10,11,5,6,2,2,4,1,2,2,5,1,1,1,0,0,0,0,0,0,0,0,-0.05,-0.25,0,0,0,0,0,0,0,0,-0.05,-0.25,0,0,0,0,0,0,0,0,-0.05,-0.25,0
332,1,30,1,10,6,7,8,5,2,4,2,1,5,2,2,5,1,4,1,1,2,5,4,5,5,5,2,7,6,5,7,6,5,6,1,3,7,30,3,3,2,7,8,,,,,,,7,,,,1.55,1.35,1.15,0,0.75,0,0.35,0.15,0,-0.25,1.55,1.35,0,0,0.75,0.55,0.35,0,0,-0.45,1.55,1.35,0,0.95,0,0,0,0,-0.05,-0.25,0
333,1,29,2,1,1,1,6,4,4,3,4,4,4,3,3,2,4,2,2,2,4,4,3,2,2,4,2,5,2,5,4,5,6,5,1,3,11,28,2,13,13,3,5,1,1,1,1,1,2,2,1,1,1,0,0,0,0,0,0,0,0,-0.05,-0.25,0,0,0,0,0,0,0,0,-0.05,-0.25,0,0,0,0,0,0,0,0,-0.05,-0.25,0
334,1,36,2,10,2,3,7,4,4,3,4,5,4,4,3,2,4,2,4,2,4,2,2,2,4,1,2,7,6,4,5,6,4,7,1,3,3,46,2,14,11,2,3,1,1,1,1,1,2,1,1,1,1,0,0,0,0,0,0,0,0,0,-0.45,0,0,0,0,0,0,0,0,0,-0.45,0,0,0,0,0,0,0,0,0,-0.45,0
335,1,33,2,4,7,6,7,5,5,5,5,5,5,5,5,5,5,5,5,5,5,5,4,3,3,5,5,5,4,3,4,3,1,4,1,3,5,48,3,8,10,2,6,1,1,1,1,1,1,1,1,1,1,0,0,0,0,0,0,0,0,-0.05,-0.25,0,0,0,0,0,0,0,0,-0.05,-0.25,0,0,0,0,0,0,0,0,-0.05,-0.25,0
336,2,44,1,8,4,4,6,4,4,3,3,4,3,3,4,4,4,4,4,4,4,4,3,4,4,3,3,6,4,5,6,4,4,7,1,3,12,38,1,14,17,4,6,1,2,4,1,2,2,2,2,1,4,0,0,0,0,0,0,0,0,0,-0.25,0,0,0,0,0,0,0,0,-0.05,-0.25,0,0,0,0,0,0,0,0,0,-0.45,0
337,2,39,1,10,4,4,4,4,5,3,5,4,4,4,5,5,3,2,2,1,1,3,1,2,1,2,2,4,6,5,3,4,6,6,1,3,13,67,1,11,12,4,5,1,1,1,1,1,1,1,1,1,2,0,0,0,0,0,0,0,0,-0.05,-0.25,0,0,0,0,0,0,0,0,-0.05,-0.25,0,0,0,0,0,0,0,0,-0.05,-0.25,0
338,1,36,1,3,3,5,2,3,5,2,5,2,5,2,5,2,5,1,2,2,5,1,2,3,3,3,1,7,7,2,5,7,7,7,1,3,13,35,1,11,8,4,7,1,1,6,1,4,1,3,7,1,2,0,0,0,0,0,0,0,0,-0.05,-0.25,0,0,0,0,0,0,0,0,-0.05,-0.25,0,0,0,0,0,0,0,0,-0.05,-0.25,0
339,1,25,1,7,2,2,4,2,3,2,3,2,2,4,4,2,4,1,2,4,3,2,4,2,3,4,4,4,5,4,5,5,5,7,1,3,13,45,3,7,4,4,4,2,2,1,1,2,1,2,1,2,2,0,0,0,0,0,0,0,0,0,-0.45,0,0,0,0,0,0,0,0,0,-0.45,0,0,0,0,0,0,0,0,0,-0.45,0
340,1,24,1,8,2,2,8,2,1,4,2,4,3,2,4,3,1,5,4,1,5,5,4,4,5,3,3,3,1,6,4,6,3,5,1,3,8,25,1,9,7,6,4,1,1,1,1,1,1,1,1,1,1,0,0,0,0,0,0,0,0,-0.05,-0.25,0,0,0,0,0,0,0,0,-0.05,-0.25,0,0,0,0,0,0,0,0,-0.05,-0.25,0
341,2,27,1,25,5,5,10,4,5,2,5,4,4,2,5,4,5,4,5,5,5,4,4,4,5,5,5,7,7,4,3,4,5,5,1,3,10,34,1,10,7,5,4,2,2,3,1,1,1,3,1,3,1,0,0,0,0,0,0,0,0,-0.05,-0.25,0,0,0,0,0,0,0,0,-0.05,-0.25,0,0,0,0,0,0,0,0,-0.05,-0.25,0
342,1,49,2,2,4,4,9,3,5,3,4,4,5,5,4,3,5,4,4,3,4,4,4,3,3,4,4,4,3,2,3,4,2,4,1,3,13,54,1,9,10,4,6,1,1,3,1,1,2,1,1,1,2,0,0,0,0,0,0,0,0,0,-0.45,0,0,0,0,0,0,0,0,0,-0.45,0,0,0,0,0,0,0,0,0,-0.45,0
343,2,34,1,4,2,2,4,2,1,1,5,4,2,5,5,5,1,3,2,2,5,3,2,4,4,2,2,7,4,5,6,5,7,5,1,3,13,60,1,16,12,1,6,1,1,1,1,1,1,1,1,1,1,0,0,0,0,0,0,0,0,0,-0.45,0,0,0,0,0,0,0,0,0,-0.45,0,0,0,0,0,0,0,0,0,-0.45,0
344,2,36,1,6,6,6,8,4,2,5,4,4,3,4,4,4,4,4,4,2,3,4,4,4,2,3,4,4,1,1,2,1,2,1,1,3,6,40,1,6,6,7,7,4,4,2,4,3,4,4,2,2,5,0,0,0,0,0,0,0,0,-0.05,-0.25,0,0,0,0,0,0,0,0,-0.05,-0.25,0,0,0,0,0,0,0,0,-0.05,-0.25,0
345,1,34,1,24,1,1,10,4,5,2,4,4,5,4,2,4,5,4,2,2,5,4,4,4,2,4,5,3,1,1,2,2,3,3,1,3,4,34,2,13,10,1,6,1,1,1,1,1,1,1,1,1,1,0,0,0,0,0,0,0,0,0,-0.25,0,0,0,0,0,0,0,0,0,-0.25,0,0,0,0,0,0,0,0,-0.05,-0.25,0
346,2,32,1,2,2,6,6,5,2,4,4,5,3,4,4,5,1,3,3,4,4,4,5,3,4,4,2,5,4,3,2,4,5,3,1,3,10,31,1,12,5,8,6,6,4,6,3,6,4,4,3,5,5,0,0,0,0,0,0,0,0,-0.05,-0.25,0,0,0,0,0,0,0,0,-0.05,-0.25,0,0,0,0,0,0,0,0,-0.05,-0.25,0
347,1,52,2,7,4,6,9,4,2,2,4,2,2,2,4,2,4,2,4,4,4,2,4,4,4,2,2,6,6,6,3,6,5,6,1,3,13,51,1,11,8,7,9,1,2,2,1,1,2,1,1,3,1,0,0,0,0,0,0,0,0,-0.05,-0.25,0,0,0,0,0,0,0,0,-0.05,-0.25,0,0,0,0,0,0,0,0,-0.05,-0.25,0
348,2,66,2,7,5,5,10,2,4,4,2,4,5,2,3,4,4,4,5,5,5,4,4,4,5,4,4,4,4,3,3,4,2,1,1,3,13,59,1,12,12,5,7,1,1,1,1,1,1,1,1,1,1,0,0,0,0,0,0,0,0,-0.05,-0.25,0,0,0,0,0,0,0,0,0,-0.25,0,0,0,0,0,0,0,0,-0.05,-0.25,0
349,1,26,2,10,5,6,4,4,2,2,4,4,4,2,3,4,4,4,2,2,2,4,2,4,2,4,2,5,4,3,4,4,4,5,1,3,3,36,6,10,7,3,5,1,1,1,1,1,1,2,1,2,2,0,0,0,0,0,0,0,0,0,-0.25,0,0,0,0,0,0,0,0,0,-0.45,0,0,0,0,0,0,0,0,0,-0.45,0
350,2,30,2,7,3,3,7,4,4,4,4,2,4,4,4,3,5,4,5,4,5,4,4,4,1,4,4,3,3,3,2,2,2,5,1,3,6,38,2,17,9,2,6,3,3,3,2,2,4,4,2,4,2,0,0,0,0,0,0,0,0.15,-0.05,-0.25,0,0,0,0,0,0,0,0.15,-0.05,-0.25,0,0,0,0,0,0,0.35,0.15,-0.05,-0.25,0
351,1,28,1,19,3,3,6,4,3,3,4,3,4,3,4,2,4,3,4,3,5,4,3,4,2,2,2,4,5,3,5,4,5,5,1,3,9,30,2,16,15,2,3,2,2,1,3,2,3,2,3,3,1,0,0,0,0,0,0,0,0,0,-0.25,0,0,0,0,0.75,0,0,0,-0.05,-0.25,0,0,0,0.95,0,0,0,0.15,-0.05,-0.25,0
352,1,32,1,5,2,2,4,4,2,3,2,2,3,4,4,4,4,4,4,2,4,3,2,4,4,4,3,7,5,4,6,5,6,5,1,3,6,60,1,12,12,4,6,3,2,3,1,3,2,3,3,2,3,0,0,0,0,0,0,0,0,-0.05,-0.25,0,0,0,0,0,0,0,0,-0.05,-0.45,0,0,0,0,0,0,0.35,0,-0.05,-0.25,0
353,1,64,2,28,2,2,7,4,3,4,4,4,4,4,4,2,4,4,4,4,4,4,4,2,4,4,4,1,3,2,2,3,1,4,1,3,13,48,1,12,8,6,9,1,2,2,1,1,1,4,2,2,2,0,0,0,0,0,0,0,0,-0.05,-0.25,0,0,0,0,0,0,0,0,-0.05,-0.25,0,0,0,0,0,0,0,0,-0.05,-0.25,0
354,1,29,1,7,4,5,6,4,1,3,4,4,3,2,3,5,3,5,2,4,2,4,3,4,3,3,3,4,7,7,7,7,7,7,1,3,4,30,8,10,5,9,7,1,1,1,1,1,1,1,1,1,1,0,1.35,1.15,0,0,0,0,0,0,-0.45,0,0,0,0,0,0,0,0,0,-0.45,0,0,0,0,0,0,0,0,0,-0.45,0
355,2,26,1,14,6,6,5,4,4,4,4,4,4,4,4,4,4,4,4,4,5,4,4,4,2,4,4,5,5,6,5,6,7,7,1,3,7,28,1,16,12,7,9,1,1,1,1,1,1,1,1,1,1,0,0,0,0,0,0,0,0,0,-0.25,0,0,0,0,0,0,0,0,0,-0.25,0,0,0,0,0,0,0,0,0,-0.45,0
356,1,55,2,6,6,6,8,2,1,2,5,4,4,5,5,4,1,3,5,5,5,4,3,3,3,2,2,7,6,5,4,6,4,7,1,3,11,52,1,8,13,4,9,1,1,1,3,1,1,3,1,1,1,0,0,0,0,0,0,0,0,-0.05,-0.25,0,0,0,0,0,0,0,0,-0.05,-0.25,0,0,0,0,0,0,0,0,-0.05,-0.25,0
357,1,30,1,14,2,3,3,1,4,2,5,5,1,4,5,1,5,2,4,5,4,2,1,1,1,2,4,5,3,4,5,2,4,6,1,3,6,32,3,17,6,9,8,3,6,3,5,3,3,2,3,2,5,0,0,0,0,0,0,0,0,0,-0.25,0,0,0,0,0,0,0.35,0.15,-0.05,-0.25,0,0,0,0,0,0,0,0,-0.05,-0.45,0
358,2,32,2,11,2,2,6,5,5,4,4,5,5,4,4,5,5,5,5,5,5,4,5,5,5,5,4,4,3,3,4,4,2,6,1,3,13,60,1,9,8,6,6,1,1,2,1,1,1,2,1,1,1,0,0,0,0,0,0,0,0,-0.05,-0.25,0,0,0,0,0,0,0,0,-0.05,-0.25,0,0,0,0,0,0,0,0,-0.05,-0.25,0
359,1,31,1,8,3,3,8,4,2,4,2,2,4,2,2,4,3,4,2,2,2,3,3,4,3,4,2,6,5,5,5,5,6,5,2,3,1,59,3,16,19,2,2,1,1,1,1,1,1,1,1,1,1,0,0,0,0,0,0,0,0,-0.05,-0.45,0,0,0,0,0,0,0,0,-0.05,-0.25,0,0,0,0,0,0,0,0,-0.05,-0.25,0
360,1,35,1,13,2,3,8,2,4,4,4,3,4,4,4,2,5,2,2,2,4,2,2,3,4,2,2,4,5,6,6,6,2,7,2,3,9,40,4,6,8,6,9,2,2,1,1,2,3,2,1,1,2,0,0,0,0,0,0,0,0,-0.05,-0.25,0,0,0,0,0,0,0,0,-0.05,-0.25,0,0,0,0,0,0,0,0,-0.05,-0.25,0
361,1,23,1,10,3,3,6,3,3,2,3,3,4,3,3,3,3,2,4,3,4,2,3,3,3,3,3,5,3,4,4,4,4,4,2,3,5,19,1,9,8,6,8,1,3,3,3,4,3,4,4,3,4,0,0,0,0,0,0,0,0,0,-0.25,0,0,0,0,0,0,0,0,-0.05,-0.25,0,0,0,0,0,0,0,0,0,-0.25,0
362,2,39,1,8,7,7,3,5,4,2,4,5,5,1,2,5,5,2,4,4,5,2,4,2,5,2,4,6,7,4,6,6,4,7,2,3,3,34,2,5,6,3,8,1,1,1,1,1,1,1,1,1,1,0,0,0,0,0,0,0,0,-0.05,-0.25,0,0,0,0,0,0,0,0,-0.05,-0.25,0,0,0,0,0,0,0,0,-0.05,-0.25,0
363,1,24,1,6,1,2,11,2,5,2,4,2,1,3,5,4,5,2,4,2,4,2,4,4,2,4,4,4,1,1,6,3,4,2,2,3,4,22,3,6,5,5,7,1,1,1,1,2,1,2,1,1,1,0,0,0,0,0,0,0,0,-0.05,-0.25,0,0,0,0,0,0,0,0,-0.05,-0.25,0,0,0,0,0,0,0,0,-0.05,-0.25,0
364,2,21,1,12,3,3,3,1,1,1,3,4,1,1,3,3,1,3,4,4,2,3,2,4,3,2,2,7,7,3,7,5,7,5,2,3,4,21,1,6,6,7,6,3,1,4,2,2,4,4,3,2,4,0,0,0,0,0,0,0,0,0,-0.45,0,0,0,0,0,0,0,0,0,-0.45,0,0,0,0,0,0,0,0,0,-0.45,0
365,2,25,1,12,1,1,9,4,5,4,5,4,5,5,5,4,5,4,5,5,5,5,4,2,4,4,4,5,3,3,6,4,3,7,2,3,7,42,1,7,4,6,9,2,2,3,3,3,4,3,1,2,3,0,0,0,0,0,0,0,0,-0.05,-0.25,0,0,0,0,0,0,0,0,-0.05,-0.25,0,0,0,0,0,0,0,0,-0.05,-0.25,0
366,1,30,1,8,4,4,7,4,4,4,2,2,4,4,4,2,4,4,2,2,4,4,4,4,4,2,4,5,5,5,5,7,5,5,2,3,13,32,4,7,4,11,11,2,2,2,2,2,3,2,3,2,2,0,0,0,0,0,0,0,0,0,-0.45,0,0,0,0,0,0,0,0,0,-0.45,0,0,0,0,0,0,0,0,0,-0.45,0
367,1,41,2,3,6,7,9,4,5,1,4,4,5,3,4,4,5,4,4,4,5,4,4,2,3,4,3,4,3,3,2,2,2,2,2,3,5,70,2,3,6,2,6,1,1,4,3,1,2,4,2,2,3,0,0,0,0.95,0.75,0.55,0.35,0.15,-0.05,-0.25,0,0,0,0.95,0.75,0.55,0.35,0.15,-0.05,-0.25,0,0,0,0.95,0.75,0.55,0.35,0.15,-0.05,-0.25,0
368,1,32,1,28,3,3,1,4,1,2,4,4,2,1,4,4,2,4,4,2,4,5,5,3,2,4,2,2,6,2,2,5,5,6,2,3,10,50,4,6,2,9,11,2,1,4,1,6,3,5,1,1,5,0,0,1.15,0,0,0,0,0,-0.05,-0.25,0,0,0,0,0,0,0,0,-0.05,-0.25,0,0,0,0,0,0,0,0,-0.05,-0.25,0
369,1,21,1,2,2,2,1,2,1,4,4,2,2,3,4,2,2,4,1,2,5,2,4,2,5,4,2,7,4,6,7,6,4,7,2,3,5,20,1,5,2,8,10,7,7,4,5,7,2,4,1,2,7,0,0,0,0,0,0,0,0,-0.05,-0.25,0,0,0,0,0,0,0,0,-0.05,-0.25,0,0,0,0,0,0,0,0,-0.05,-0.25,0
370,1,30,1,16,6,5,8,4,2,2,5,4,2,2,4,4,2,2,4,2,4,2,4,4,4,4,4,4,4,4,3,4,4,4,2,3,7,40,3,8,4,6,9,2,2,3,1,3,2,3,2,2,3,0,0,0,0,0,0,0,0,-0.05,-0.25,0,0,0,0,0,0,0,0,-0.05,-0.25,0,0,0,0,0,0,0,0,-0.05,-0.25,0
371,2,26,1,3,1,1,5,5,5,5,5,5,5,5,5,4,5,4,2,2,2,4,2,3,2,2,2,4,2,4,7,4,6,7,2,3,2,37,5,8,5,6,9,3,1,5,2,1,6,4,1,3,4,0,0,0,0,0,0,0,0,-0.05,-0.25,0,0,0,0,0,0,0,0.15,-0.05,-0.25,0,0,0,0,0,0,0,0,-0.05,-0.25,0
372,2,45,1,4,5,3,3,2,2,1,5,2,4,1,3,2,3,1,2,2,4,1,1,3,3,4,2,7,6,5,6,7,5,6,2,3,13,46,1,6,5,7,10,1,1,5,2,1,2,5,1,1,1,0,0,0,0,0,0,0,0,0,-0.45,0,0,0,0,0,0,0,0,0,-0.45,0,0,0,0,0,0,0,0,0,-0.45,0
373,1,24,2,8,3,6,7,4,2,4,4,5,4,4,4,4,4,2,2,1,5,2,3,4,4,4,4,5,3,2,4,5,2,4,2,3,4,24,3,4,10,4,8,4,2,2,3,2,3,4,2,5,6,0,0,0,0,0,0,0,0,0,-0.45,0,0,0,0,0,0,0,0,0,-0.45,0,0,0,0,0,0,0,0,0,-0.45,0
374,2,34,2,9,2,4,5,2,2,2,4,3,2,4,4,2,2,2,4,2,3,1,3,2,2,2,2,3,6,3,2,4,2,5,2,3,4,36,3,5,3,8,8,4,1,4,2,2,2,3,1,1,3,0,0,0,0,0,0,0,0,-0.05,-0.25,0,0,0,0,0,0,0,0,-0.05,-0.25,0,0,0,0,0,0,0,0,-0.05,-0.25,0
375,2,41,1,13,1,1,3,4,2,4,3,2,1,4,3,1,5,2,2,1,4,2,4,2,4,2,4,7,4,4,3,4,2,7,2,3,11,36,3,4,2,3,8,1,1,1,1,1,3,2,1,3,1,0,0,0,0,0,0,0,0,-0.05,-0.25,0,0,0,0,0,0,0,0,-0.05,-0.25,0,0,0,0,0,0,0,0,-0.05,-0.25,0
376,1,59,1,18,1,2,7,2,2,3,4,2,2,3,3,2,2,4,5,5,5,3,4,4,4,3,2,5,4,4,3,4,4,5,2,3,7,38,4,7,7,5,6,1,1,2,1,1,2,1,1,2,1,0,0,0,0,0,0,0,0,-0.05,-0.25,0,0,0,0,0,0,0,0,-0.05,-0.25,0,0,0,0,0,0,0,0,-0.05,-0.25,0
377,2,38,1,24,1,1,9,5,1,1,5,5,5,5,4,5,5,2,5,5,5,2,3,4,5,3,3,6,4,4,3,4,1,5,2,3,13,42,2,7,6,9,11,4,4,6,2,6,2,3,1,7,5,0,0,0,0,0,0,0,0,0,-0.45,0,0,0,0,0,0,0,0,0,-0.45,0,0,0,0,0,0,0,0,0,-0.45,0
378,1,34,1,13,2,5,7,3,5,4,4,4,5,5,3,5,5,4,3,4,4,4,3,4,3,3,4,4,5,3,5,4,6,4,2,3,13,61,2,5,9,3,6,2,1,2,1,1,1,3,2,1,2,0,0,0,0,0,0,0,0,0,-0.25,0,0,0,0,0,0,0,0,0,-0.25,0,0,0,0,0,0,0,0,0,-0.25,0
379,2,40,1,5,2,5,1,2,5,2,4,2,5,4,5,4,5,2,4,1,2,2,2,4,2,4,2,7,4,4,4,4,7,4,2,3,9,55,1,6,15,6,6,1,1,1,1,1,3,1,1,1,5,0,0,0,0,0,0,0,0,-0.05,-0.25,0,0,0,0,0,0,0,0.15,-0.05,-0.25,0,0,0,0,0,0,0,0,-0.05,-0.25,0
380,2,33,1,30,1,4,8,4,2,3,2,4,3,2,4,4,2,3,2,4,4,3,2,4,3,4,4,6,6,5,5,6,7,6,2,3,13,31,2,7,11,4,9,4,1,2,1,2,2,2,2,2,2,0,0,0,0,0,0,0,0,-0.05,-0.25,0,0,0,0,0,0,0,0,-0.05,-0.25,0,0,0,0,0,0,0,0,-0.05,-0.25,0
381,1,41,2,18,4,4,4,4,3,4,3,4,4,4,4,4,3,3,3,3,3,3,4,4,3,4,3,6,5,5,6,4,6,5,2,3,4,30,2,7,4,6,5,2,2,4,2,2,2,4,1,2,3,0,0,0,0,0,0,0,0,-0.05,-0.25,0,0,0,0,0,0,0,0,-0.05,-0.45,0,0,0,0,0,0,0,0,-0.05,-0.45,0
382,1,47,2,6,6,2,9,4,5,2,4,4,5,4,5,4,5,4,5,5,5,4,5,4,3,4,5,6,5,4,6,3,7,5,2,3,1,20,1,2,5,3,11,1,1,3,1,1,1,1,1,1,1,0,0,0,0,0,0,0.35,0.15,-0.05,-0.25,0,0,0,0,0,0.55,0.35,0.15,-0.05,-0.25,0,0,0,0,0,0,0.35,0.15,-0.05,-0.25,0
383,2,21,1,19,4,4,6,3,4,3,3,3,3,2,3,3,4,3,3,4,4,4,3,3,3,3,4,6,5,4,6,6,4,6,2,3,8,26,1,10,1,6,6,4,4,4,2,2,2,4,4,4,4,0,0,0,0,0,0,0,0,-0.05,-0.25,0,0,0,0,0,0,0,0,0,-0.25,0,0,0,0,0,0,0,0,-0.05,-0.45,0
384,1,23,1,6,6,6,8,2,1,1,5,2,2,1,3,2,2,3,5,5,5,3,2,4,5,4,2,6,4,5,7,5,7,4,2,3,2,40,4,7,5,5,8,3,2,3,1,4,2,4,2,3,3,0,0,0,0,0,0,0,0,-0.05,-0.25,0,0,0,0,0,0,0,0.15,-0.05,-0.25,0,0,0,0,0,0,0,0.15,-0.05,-0.25,0
385,2,31,1,2,1,1,1,4,2,4,2,1,4,2,2,4,4,4,3,2,2,4,4,3,4,4,3,7,1,6,1,1,6,7,2,3,8,25,2,13,21,2,1,1,1,1,1,1,1,1,1,1,1,0,0,0,0,0,0,0,0,0,-0.45,0,0,0,0,0,0,0,0,0,-0.45,0,0,0,0,0,0,0,0,-0.05,-0.45,0
386,2,33,1,12,3,5,5,3,5,3,4,4,5,3,4,3,5,2,4,2,3,3,2,3,4,3,4,7,6,5,5,6,4,7,2,3,3,37,1,4,9,5,5,4,2,1,3,1,5,2,1,5,2,0,0,0,0,0,0,0,0,-0.05,-0.25,0,0,0,0,0,0,0,0,-0.05,-0.25,0,0,0,0,0,0,0,0,-0.05,-0.25,0
387,2,55,1,19,7,7,3,5,5,3,3,5,5,5,4,5,5,3,4,3,5,3,3,2,3,3,3,7,5,5,6,6,4,7,2,3,13,55,1,1,2,4,8,1,1,1,1,1,1,1,1,1,1,0,0,0,0,0,0,0,0,-0.05,-0.25,0,0,0,0,0,0,0,0,-0.05,-0.25,0,0,0,0,0,0,0,0,-0.05,-0.25,0
388,1,31,1,10,7,7,3,1,1,1,4,1,2,1,2,5,1,2,2,2,2,1,2,1,1,2,2,4,6,5,4,5,5,7,2,3,13,38,2,12,8,8,9,3,1,4,2,1,2,4,2,1,5,0,0,0,0,0,0,0,0,-0.05,-0.25,0,0,0,0,0,0,0,0,-0.05,-0.25,0,0,0,0,0,0,0,0,-0.05,-0.25,0
389,1,63,1,18,2,2,2,4,5,2,4,4,1,3,4,2,5,1,3,3,1,1,2,4,1,2,2,6,2,4,5,5,2,5,2,3,13,62,1,7,8,6,10,1,2,2,1,1,2,3,1,2,2,0,0,0,0,0,0,0,0,-0.05,-0.25,0,0,0,0,0,0,0,0,-0.05,-0.25,0,0,0,0,0,0,0,0,-0.05,-0.25,0
390,2,37,1,5,1,2,7,2,5,2,4,2,4,2,4,2,4,2,2,2,2,2,4,4,2,4,4,5,6,4,4,4,5,7,2,3,2,35,2,6,6,6,6,1,1,1,1,2,3,2,1,1,1,0,0,0,0,0,0,0,0,0,-0.45,0,0,0,0,0,0,0,0,0,-0.25,0,0,0,0,0,0,0,0,0,-0.45,0
391,1,60,2,4,1,1,8,3,3,3,3,3,4,3,3,4,3,2,3,3,3,2,3,3,3,4,3,6,7,6,5,7,4,4,2,3,8,60,2,11,10,7,8,1,1,1,1,1,1,2,2,1,1,0,0,0,0,0,0,0,0,0,-0.45,0,0,0,0,0,0,0,0,0,-0.45,0,0,0,0,0,0,0,0,0,-0.45,0
392,2,34,1,12,2,2,6,5,4,2,4,4,4,2,3,4,4,4,4,4,4,4,4,3,4,4,4,6,7,6,4,5,6,7,2,3,6,35,2,2,8,5,6,1,3,1,2,1,3,3,2,1,3,0,0,0,0,0,0,0,0.15,-0.05,-0.25,0,0,0,0,0,0,0,0.15,-0.05,-0.25,0,0,0,0,0,0,0,0.15,-0.05,-0.45,0
393,1,25,2,12,2,2,8,5,5,4,5,5,5,3,3,5,5,5,5,5,5,5,5,5,5,5,5,7,7,1,4,5,3,7,2,3,13,25,2,7,6,3,6,1,1,7,1,1,1,7,1,1,3,0,0,0,0,0,0,0,0,-0.05,-0.25,0,0,0,0,0,0.55,0,0,-0.05,-0.25,0,0,0,0,0,0,0,0,-0.05,-0.25,0
394,2,63,1,7,3,5,10,5,5,4,5,5,5,3,5,5,5,4,5,1,4,4,5,4,4,4,3,4,4,3,1,3,1,5,2,3,13,59,1,8,8,6,8,3,4,7,7,1,2,4,1,3,5,0,0,0,0,0,0,0,0,-0.05,-0.25,0,0,0,0,0,0,0,0,-0.05,-0.25,0,0,0,0,0,0,0,0,-0.05,-0.25,0
395,2,29,1,4,1,1,11,1,5,5,5,5,5,5,5,5,5,5,5,5,5,5,5,1,1,5,5,4,1,1,7,5,1,3,2,3,3,40,6,9,3,8,3,1,1,1,1,1,1,1,1,1,1,0,0,0,0,0,0,0,0,0,-0.45,0,0,0,0,0,0,0,0,0,-0.45,0,0,0,0,0,0,0,0,0,-0.45,0
396,2,41,1,8,1,3,11,5,5,5,5,5,5,5,5,5,5,5,5,3,5,5,5,5,5,5,5,7,6,7,6,7,4,7,2,3,5,36,1,16,5,8,8,1,1,1,1,1,1,1,1,1,1,0,0,0,0,0,0,0,0,-0.05,-0.25,0,0,0,0,0,0,0,0,-0.05,-0.25,0,0,0,0,0,0,0,0,-0.05,-0.25,0
397,1,62,1,23,6,7,10,4,5,4,5,5,5,5,5,5,5,5,4,4,5,4,4,2,5,4,5,6,1,3,4,5,2,2,2,3,13,50,1,12,7,4,7,5,5,5,1,5,2,7,3,3,3,0,0,0,0,0,0,0,0,-0.05,-0.25,0,0,0,0,0,0,0,0,-0.05,-0.25,0,0,0,0,0,0,0,0,-0.05,-0.25,0
398,2,40,1,8,4,4,8,4,3,4,4,5,2,3,3,4,3,4,4,2,5,2,4,4,4,2,4,4,1,1,4,1,1,1,2,3,4,42,5,5,5,5,9,2,3,4,1,2,1,7,1,1,5,0,0,0,0,0,0,0,0,-0.05,-0.45,0,0,0,0,0,0,0,0,-0.05,-0.25,0,0,0,0,0,0,0,0,-0.05,-0.45,0
399,2,46,1,13,1,1,6,3,5,4,5,5,5,4,5,1,5,3,2,4,2,3,3,2,2,1,2,4,3,4,5,5,6,2,2,3,6,35,1,6,5,6,9,2,3,6,2,3,2,6,2,2,6,0,0,0,0,0,0,0,0,-0.05,-0.25,0,0,0,0,0,0,0,0,-0.05,-0.25,0,0,0,0,0,0,0,0,-0.05,-0.25,0
400,2,34,1,12,6,3,10,5,5,1,5,5,5,5,5,5,5,3,2,2,3,4,4,2,2,3,3,7,3,4,3,4,4,5,2,3,6,45,1,13,8,6,7,1,1,1,1,1,4,1,1,1,1,0,0,0,0,0,0,0,0,-0.05,-0.25,0,0,0,0,0,0,0,0,-0.05,-0.25,0,0,0,0,0,0,0,0,-0.05,-0.25,0
401,1,28,2,7,2,3,4,2,2,4,4,2,4,5,4,3,3,1,2,1,4,1,4,4,4,4,4,4,4,4,3,6,3,5,2,3,5,26,1,7,8,5,8,4,1,3,1,3,4,3,1,2,6,0,0,0,0,0,0,0,0,-0.05,-0.25,0,0,0,0,0,0,0,0,-0.05,-0.25,0,0,0,0,0,0,0,0,-0.05,-0.25,0
402,2,60,1,5,1,2,8,4,4,4,3,4,4,5,4,4,4,2,4,3,3,3,3,4,4,2,2,7,6,6,4,5,6,6,2,3,13,50,6,5,5,7,8,2,1,4,4,2,1,4,2,2,3,0,0,0,0,0,0,0,0,-0.05,-0.25,0,0,0,0,0,0,0,0,-0.05,-0.25,0,0,0,0,0,0,0,0,-0.05,-0.25,0
403,2,50,1,8,2,3,7,4,4,4,4,3,4,4,4,4,4,4,4,4,4,4,4,4,4,2,3,7,3,4,3,3,4,4,2,3,10,55,2,6,8,7,8,1,1,3,1,1,1,3,1,1,1,0,0,0,0,0,0,0,0.15,-0.05,-0.25,0,0,0,0,0,0,0,0.15,-0.05,-0.25,0,0,0,0,0,0,0,0.15,-0.05,-0.25,0
404,2,38,2,3,6,3,2,5,5,4,4,5,5,5,5,5,5,3,4,4,4,4,4,4,5,2,4,7,6,5,4,5,5,7,2,3,4,45,1,9,10,6,8,1,1,1,1,1,1,1,1,1,1,0,0,0,0,0,0,0,0.15,-0.05,-0.25,0,0,0,0,0,0,0,0.15,-0.05,-0.25,0,0,0,0,0,0,0,0.15,-0.05,-0.25,0
405,2,28,1,1,1,1,4,2,3,3,4,3,3,1,3,2,3,2,2,2,3,1,2,3,2,3,3,5,6,4,5,4,4,5,2,3,4,33,4,5,4,10,11,1,1,,1,2,1,2,1,1,1,0,0,0,0,0,0,0,0,0,-0.45,0,0,0,0,0,0,0,0,0,-0.45,0,0,0,0,0,0,0,0,0,-0.45,0
406,1,31,1,9,2,2,9,1,5,2,2,5,5,4,3,5,5,5,5,5,5,3,5,2,5,4,5,7,6,7,7,5,2,7,2,3,5,32,4,10,5,8,9,1,2,2,1,2,2,4,2,1,4,0,0,0,0,0,0,0,0.15,-0.05,-0.25,0,0,0,0,0,0,0,0.15,-0.05,-0.25,0,0,0,0,0,0,0,0.15,-0.05,-0.25,0
407,1,33,2,10,4,3,6,4,4,4,5,5,4,4,5,1,4,4,4,2,4,4,4,3,4,4,4,6,6,3,5,6,5,6,2,3,3,31,2,8,5,4,6,3,2,3,1,1,3,2,1,3,1,0,0,0,0,0,0,0,0,-0.05,-0.25,0,0,0,0,0,0,0,0.15,-0.05,-0.25,0,0,0,0,0,0,0,0.15,-0.05,-0.25,0
408,1,30,1,2,2,2,3,5,5,4,4,5,5,4,4,5,5,4,4,2,5,2,2,4,5,4,4,6,3,4,3,5,4,2,2,3,13,50,2,8,10,5,11,2,2,3,2,1,4,3,2,1,2,0,0,0,0,0,0,0,0,-0.05,-0.25,0,0,0,0,0,0,0,0,-0.05,-0.25,0,0,0,0,0,0,0,0,-0.05,-0.25,0
409,1,52,1,24,6,2,3,4,2,2,4,4,2,2,2,5,4,2,2,2,4,3,2,4,4,2,4,2,7,1,2,3,4,1,2,3,13,46,1,9,6,5,10,5,1,3,1,2,3,5,3,1,6,0,0,0,0,0,0,0,0.15,-0.05,-0.25,0,0,0,0,0,0,0,0.15,-0.05,-0.25,0,0,0,0,0,0,0,0.15,-0.05,-0.25,0
410,2,39,1,7,1,2,8,3,4,4,4,4,4,4,4,4,4,4,4,4,4,4,5,4,4,5,5,4,5,3,2,4,2,7,2,3,5,45,5,2,2,7,7,5,4,7,5,5,3,6,5,4,2,0,0,0,0,0,0,0,0,-0.05,-0.25,0,0,0,0,0,0,0,0,-0.05,-0.25,0,0,0,0,0,0,0,0,-0.05,-0.25,0
411,2,47,1,3,2,2,9,2,5,2,2,4,4,4,2,3,4,3,2,4,3,3,3,4,4,1,3,4,5,5,7,5,3,6,2,3,6,43,3,7,6,5,8,2,3,1,1,3,3,2,2,2,2,0,0,0,0,0,0,0,0,0,-0.25,0,0,0,0,0,0,0,0,-0.05,-0.25,0,0,0,0,0,0,0,0,0,-0.25,0
412,2,57,2,1,2,4,6,5,5,4,5,5,5,4,5,5,5,3,5,5,5,3,5,4,5,5,4,4,2,3,2,4,7,3,2,3,13,50,1,7,7,5,6,1,1,2,1,2,2,2,2,1,2,0,0,0,0,0,0,0,0,-0.05,-0.25,0,0,0,0,0,0,0,0,-0.05,-0.25,0,0,0,0,0,0,0,0,-0.05,-0.25,0
413,1,22,1,8,3,4,8,3,2,2,3,5,2,2,4,3,5,3,5,5,5,4,3,5,3,4,5,3,2,2,1,3,2,4,2,3,3,50,2,6,4,4,6,2,1,2,1,1,3,3,2,2,4,0,0,0,0,0,0,0,0,-0.05,-0.25,0,0,0,0,0,0,0,0,-0.05,-0.25,0,0,0,0,0,0,0,0,-0.05,-0.25,0
414,1,24,1,13,6,6,3,2,1,1,1,2,2,2,2,4,2,2,2,2,2,2,2,1,4,2,2,5,5,5,6,5,5,7,2,3,2,35,4,6,11,3,3,1,1,1,1,1,1,1,1,1,1,0,0,0,0,0,0,0,0,0,-0.25,0,0,0,0,0,0,0,0,0,-0.45,0,0,0,0,0,0,0,0,0,-0.45,0
415,1,35,1,7,2,3,5,4,2,4,4,4,5,3,3,2,2,3,4,4,4,3,3,4,3,4,2,4,3,5,3,4,2,5,2,3,13,50,1,14,5,3,4,2,1,2,1,1,2,2,1,2,1,0,0,0,0,0,0,0,0,-0.05,-0.25,0,0,0,0,0,0,0,0,-0.05,-0.25,0,0,0,0,0,0,0,0,-0.05,-0.25,0
416,1,39,2,10,4,6,7,2,5,2,2,2,5,1,2,2,5,4,5,4,5,4,4,4,5,5,4,6,2,2,7,4,3,3,2,3,7,35,6,4,9,2,4,2,1,2,1,1,2,1,1,1,2,0,0,0,0,0,0,0,0,-0.05,-0.25,0,0,0,0,0,0,0,0,-0.05,-0.25,0,0,0,0,0,0,0,0,-0.05,-0.25,0
417,1,35,1,6,1,1,1,5,1,4,4,5,4,4,4,5,1,1,2,3,5,1,2,2,4,2,4,3,2,3,3,4,2,6,2,3,12,32,1,6,11,7,5,4,2,2,2,2,3,3,1,4,3,0,0,0,0,0,0,0,0,-0.05,-0.25,0,0,0,0,0,0,0,0,-0.05,-0.25,0,0,0,0,0,0,0,0,-0.05,-0.25,0
418,1,19,1,10,5,5,5,4,4,2,2,2,4,3,4,2,3,4,4,3,3,4,4,4,2,3,3,2,5,2,2,3,2,5,2,3,2,26,4,8,5,5,7,2,2,2,2,2,4,3,3,3,3,0,0,0,0,0,0,0,0,-0.05,-0.25,0,0,0,0,0,0,0,0,-0.05,-0.25,0,0,0,0,0,0,0,0,-0.05,-0.25,0
419,2,27,2,2,1,1,5,3,2,1,4,3,3,3,4,3,3,1,4,2,4,2,5,3,4,4,5,6,4,3,5,4,4,4,2,3,13,45,5,7,20,7,8,2,3,4,1,1,4,4,1,1,4,0,0,0,0,0,0,0,0,-0.05,-0.25,0,0,0,0,0,0,0,0,-0.05,-0.25,0,0,0,0,0,0,0,0,-0.05,-0.25,0
420,1,28,1,10,2,2,4,2,2,2,3,3,2,4,2,4,2,2,3,2,3,1,3,3,3,2,2,3,7,3,5,7,6,4,2,3,1,20,3,8,6,6,8,3,5,7,4,5,3,6,6,5,4,0,0,0,0,0,0,0,0,-0.05,-0.25,0,0,0,0,0,0,0,0,-0.05,-0.25,0,0,0,0,0,0,0,0,-0.05,-0.25,0
421,1,52,1,30,2,3,9,5,5,2,5,5,5,5,4,5,5,5,2,2,5,5,4,4,5,2,5,4,3,4,6,5,3,3,2,3,4,45,2,8,7,4,8,3,5,5,4,2,6,5,5,2,2,0,0,0,0,0,0,0,0,-0.05,-0.25,0,0,0,0,0,0,0,0,-0.05,-0.25,0,0,0,0,0,0,0.35,0,-0.05,-0.25,0
422,2,24,1,6,4,4,4,2,4,4,4,4,4,4,4,4,5,5,4,2,2,4,4,4,4,5,2,7,6,4,5,4,6,4,2,3,8,34,2,2,16,2,4,3,1,3,1,1,3,5,1,3,4,0,0,0,0,0,0,0,0,-0.05,-0.25,0,0,0,0,0,0,0,0,0,-0.25,0,0,0,0,0,0,0,0,-0.05,-0.25,0
423,2,21,2,30,1,2,5,4,4,2,3,3,4,3,2,3,3,3,4,4,4,3,3,4,4,2,4,5,3,5,4,5,4,6,2,3,4,21,1,7,5,7,9,4,4,6,2,4,3,5,2,4,7,0,0,0,0,0,0,0,0,-0.05,-0.25,0,0,0,0,0,0,0,0,-0.05,-0.25,0,0,0,0,0,0,0,0,-0.05,-0.25,0
424,1,52,1,18,3,3,9,5,5,5,3,5,5,4,4,4,5,5,5,2,5,5,4,2,5,5,2,5,3,4,5,5,4,5,2,3,9,68,1,5,4,5,11,1,1,1,1,1,1,4,1,1,1,0,0,0,0,0,0,0,0,-0.05,-0.25,0,0,0,0,0,0,0,0,-0.05,-0.25,0,0,0,0,0,0,0,0,-0.05,-0.25,0
425,2,29,2,3,2,2,9,4,4,4,4,4,4,4,4,4,4,4,4,4,4,4,4,4,4,4,4,3,2,3,3,3,4,4,2,3,13,45,1,14,8,4,6,3,3,4,3,2,3,4,3,3,4,0,0,0,0,0,0.55,0.35,0.15,-0.05,-0.25,0,0,0,0,0,0,0,0.15,-0.05,-0.25,0,0,0,0,0,0,0.35,0.15,-0.05,-0.25,0
426,2,44,1,14,5,5,9,2,2,4,4,2,2,4,4,2,4,2,4,2,4,3,2,4,4,4,2,7,6,6,4,6,4,7,2,3,8,39,1,7,11,6,8,1,1,2,1,1,1,1,2,1,2,0,0,0,0,0,0,0,0,0,-0.45,0,0,0,0,0,0,0,0,0,-0.45,0,0,0,0,0,0,0,0,0,-0.45,0
427,1,23,1,10,5,5,7,3,3,4,4,3,1,3,2,3,2,3,4,2,4,4,2,2,5,4,4,6,2,4,4,3,5,6,2,3,4,25,3,3,5,4,4,6,4,4,5,3,3,6,5,3,5,0,0,0,0,0,0,0,0,-0.05,-0.25,0,0,0,0,0,0,0,0,-0.05,-0.25,0,0,0,0,0,0,0,0,-0.05,-0.25,0
428,1,41,1,19,4,5,4,2,2,2,2,4,2,2,4,4,4,2,4,4,4,2,4,4,4,4,5,5,4,4,3,4,3,5,2,3,11,39,1,9,5,8,9,5,5,6,5,5,5,5,5,4,4,0,0,0,0,0,0,0,0,-0.05,-0.25,0,0,0,0,0,0,0,0.15,-0.05,-0.45,0,0,0,0,0,0,0,0,-0.05,-0.25,0
429,2,35,2,9,5,3,6,2,5,4,4,3,5,2,4,2,5,4,4,2,5,5,4,4,4,4,4,6,7,3,4,7,4,7,2,3,13,34,1,8,6,9,9,1,4,1,1,1,3,1,1,1,3,0,0,0,0,0,0,0,0,0,-0.25,0,0,0,0,0,0,0,0,-0.05,-0.45,0,0,0,0,0,0,0,0,0,-0.45,0
430,2,37,1,5,2,3,5,2,1,4,4,5,2,4,4,2,2,2,4,2,2,2,4,2,3,4,2,5,3,4,4,3,4,5,2,3,13,57,1,8,13,7,9,5,5,5,4,3,5,5,4,5,5,0,0,0,0,0,0.55,0.35,0.15,-0.05,-0.25,0,0,0,0,0.75,0.55,0.35,0.15,-0.05,-0.25,0,0,0,0,0,0.55,0.35,0.15,-0.05,-0.25,0
