ResponseID,Control_1,Control_2_1,Control_2_2,NeedforStructure_1,NeedforStructure_2,NeedforStructure_3,NeedforStructure_4,NeedforStructure_5,NeedforStructure_6,NeedforStructure_7,NeedforStructure_8,NeedforStructure_9,NeedforStructure_10,NeedforStructure_11,NeedforStructure_12,Att_Part1,Att_Part2,PolOrientation,RepDem,Dem_General_Q1,Dem_General_Q2,Dem_General_Q4,Dem_General_Q5,Dem_General_Q6,Dem_1_Q1,Dem_1_Q2,Dem_1_Q4,Dem_1_Q5,Dem_1_Q6,Dem_3_Q1,Dem_3_Q2,Dem_3_Q4,Dem_3_Q5,Dem_3_Q6,Dem_Age,Dem_Gender,Dem_Citizen,Dem_Ethnic,Dem_Race,Dem_MidEast,Dem_US,Dem_YearsInUS,Dem_News,Att_Q1,Att_Q2,Att_Q3,Att_Q4,Att_Q5,Rep_General_Q1,Rep_General_Q2,Rep_General_Q4,Rep_General_Q5,Rep_General_Q6,Rep_2_Q1,Rep_2_Q2,Rep_2_Q4,Rep_2_Q5,Rep_2_Q6,Rep_3_Q1,Rep_3_Q2,Rep_3_Q4,Rep_3_Q5,Rep_3_Q6,NeedforStructure,ScenarioGenScore,ScenarioSpecificScore,PolIdentStrength
R_0TD6pAiGMdqpdNn,6,5,2,7,7,1,6,1,7,2,7,7,6,2,7, ,YES,2,1, , , , , , , , , , , , , , , ,55,1,1,2,6,2,1,55,6,1,1,1,1,2,5,7,4,5,5,7,2,4,6,6,6,2,3,5,5,6.66666666666667,-.516609473978735,.484661525030106,6
R_1BRAvISSeQAjZpC,6,6,2,6,4,5,4,5,4,6,4,5,5,4,5, ,yes,1,1, , , , , , , , , , , , , , , ,55,1,1,2,6,2,1,55,6,1,1,1,1,2,7,1,1,6,6,7,1,1,6,6,7,1,1,6,6,4.08333333333333,1.13455391627564,1.07232863334359,7
R_1DIRuhk6BBLqd3W,6,7,5,7,5,7,6,5,7,5,7,6,5,7,6, ,yes,2,1, , , , , , , , , , , , , , , ,23,2,1,2,6,1,1,23,6,1,1,1,1,2,5,6,6,5,3,6,6,5,1,2,6,6,4,3,3,4.75,-.943873489429048,-1.11215051690139,6
R_1DLUi6MQvPjuyW7,5,5,3,5,5,3,5,3,5,5,3,5,5,3,5, ,yes,2,1, , , , , , , , , , , , , , , ,44,1,1,2,6,2,1,44,4,1,1,1,1,2,3,5,4,3,3,4,5,5,3,3,5,3,3,4,4,4.66666666666667,-1.24404875852342,-.682603428823417,6
R_1DorbSjoLJJjSea,5,7,6,5,7,6,7,7,6,5,7,5,6,5,7, ,yes,1,1, , , , , , , , , , , , , , , ,30,1,1,1,5,1,1,30,7,1,1,1,1,1,7,6,7,1,2,6,5,7,2,3,6,7,5,2,4,4.91666666666667,-1.52425859144776,-1.11878916459098,7
R_1DqkQFDBLGvIs7S,4,5,3,5,7,1,7,1,7,2,6,6,4,2,7, ,yes,3,1, , , , , , , , , , , , , , , ,50,2,1,2,6,2,1,50,4,1,1,1,1,2,6,7,1,4,5,7,2,2,4,5,5,4,3,4,5,6.25,-.163546409463927,.119243950871723,5
R_1DTEwkRo85rfdtL,5,5,4,5,5,3,5,4,4,5,5,5,4,4,3, ,yes,2,1, , , , , , , , , , , , , , , ,29,1,1,1,6,2,1,29,4,1,1,1,1,2,4,3,4,2,3,5,4,3,4,3,4,3,4,3,2,4.33333333333333,-1.01904646220527,-.710878850769155,6
R_1DXSlIKvYJ6ceHb,5,4,5,5,6,5,6,5,6,5,6,5,6,5,6,5,good,6,1, , , , , , , , , , , , , , , ,30,2,1,2,6,2,1,30,5,1,2,1,2,1,4,4,5,2,5,5,4,5,3,5,5,4,5,1,4,4.83333333333333, , ,2
R_1gAUGmsa3vbcbFX,5,5,4,7,7,2,7,1,7,1,5,7,7,1,6, ,yes,1,1, , , , , , , , , , , , , , , ,62,2,1,2,6,2,1,62 years,4,1,1,1,1,2,7,3,4,5,5,5,2,3,6,6,7,1,3,6,6,6.66666666666667,.251835272953681,.650114549918458,7
R_1gh94tB5VwZ63Ty,3,4,5,5,6,7,3,6,6,6,2,4,2,5,6, ,yes,3,1, , , , , , , , , , , , , , , ,42,2,1,2,6,2,2,42,3,1,1,1,1,2,6,3,3,5,5,6,3,3,5,4,6,2,5,5,5,3.5,.205599100817468,.0624225158600894,5
R_1GNUq4VCQ1Pv3nq,7,7,1,5,6,7,5,6,4,4,5,1,3,7,5, ,yes,3,1, , , , , , , , , , , , , , , ,31,1,1,1,6,2,1,31,5,1,1,1,1,2,3,5,3,3,3,5,5,3,3,3,3,7,3,3,3,3.5,-1.12753701614176,-.980535013577431,5
R_1hDU8mEMpYaWKY0,6,6,7,7,6,7,7,6,5,5,6,5,7,7,6, ,yes,2,1, , , , , , , , , , , , , , , ,23,1,1,2,5,2,1,23,6,1,1,1,1,2,4,5,6,4,5,5,6,5,3,4,4,3,4,2,5,4.66666666666667,-.850126491459661,-.767724914094563,6
R_1jj0knDCUHbBYMw,6,6,1,2,2,4,6,2,4,3,2,2,6,2,2, ,Yes,3,1, , , , , , , , , , , , , , , ,44,1,1,2,6,2,1,44,7,1,1,1,1,2,6,3,3,5,5,7,1,1,6,6,5,2,2,5,5,3.91666666666667,.205599100817468,.691024880133928,5
R_1JJjkAiDmMw1eYM,7,7,4,5,5,7,6,6,5,5,2,1,5,5,4, ,yes,2,1, , , , , , , , , , , , , , , ,28,1,1,2,6,2,1,28,6,1,1,1,1,2,7,1,2,6,6,5,3,3,2,3,3,5,4,4,3,3.5,1.01804217389397,-.834261083514564,6
R_1jK4OgRh41cX1sL,3,3,6,6,7,3,6,2,6,6,3,6,2,3,6, ,yes,2,1, , , , , , , , , , , , , , , ,67,1,1,2,6,2,1,47,5,1,1,1,1,2,5,3,2,5,5,3,5,5,3,3,5,3,2,5,5,5,.159362928681256,-.555634468008837,6
R_1JXgsb3yWKYQF7S,5,4,3,7,6,5,4,4,4,4,4,4,3,3,5, ,yes,1,1, , , , , , , , , , , , , , , ,23,1,2,2,2,2,2,10,7,1,1,2,1,2,7,7,7,1,1,7,5,5,3,3,3,3,4,6,6,4.41666666666667, , ,7
R_1LRkDZZ63kmuJWd,5,5,2,5,5,5,5,4,4,3,5,5,6,3,5, ,yes,3,1, , , , , , , , , , , , , , , ,30,1,1,2,6,2,1,30,4,1,1,1,1,2,5,5,3,5,5,5,3,3,5,5,4,5,4,4,4,4.75,-.17862327264874,-.305743609090302,5
R_1ocEWkdteOOOToC,6,6,5,6,6,7,6,5,6,7,6,5,6,7,6,6, ,6,1, , , , , , , , , , , , , , , ,30,1,1,1,5,1,1,8,4,1,2,1,1,1,5,6,5,5,5,5,5,6,3,1,5,5,6,4,4,4.41666666666667, , ,2
R_1OK3cOarCwv0fwC,5,5,2,3,2,6,5,5,6,3,3,2,4,5,2, ,yes,3,1, , , , , , , , , , , , , , , ,31,2,1,2,6,2,1,31,5,1,1,1,1,2,5,3,1,4,4,5,3,1,4,4,7,1,7,5,5,3.33333333333333,-.0358342861657132,.0226305050470771,5
R_1Os1POdwnavjL6X,6,6,2,6,5,6,5,5,5,6,6,5,5,5,5, ,yes,1,1, , , , , , , , , , , , , , , ,29,1,1,1,6,2,1,29,7,1,1,1,1,2,5,3,3,2,3,2,3,3,4,4,2,1,1,1,1,4.33333333333333,-.739786805305729,-.878278078811341,7
R_1OYQZSk1yvngbOB,4,5,4,5,4,5,5,4,6,3,5,5,5,4,4, ,yes,3,1, , , , , , , , , , , , , , , ,61,1,1,2,6,2,1,61,4,1,1,1,1,2,5,3,3,5,4,4,3,3,5,4,5,2,2,5,5,4.58333333333333,-.109637693780983,.0163039830837736,5
R_1P2k4kj9cTfj3LD,7,7,1,4,6,2,7,2,7,2,4,4,6,4,2, ,yes,1,1, , , , , , , , , , , , , , , ,51,1,1,2,6,2,1,51,7,1,1,1,1,2,7,1,1,6,6,7,1,1,6,6,7,1,1,6,6,5.16666666666667,1.13455391627564,1.07232863334359,7
R_1PXES7ZMPYCiznl,6,6,2,6,6,3,6,3,6,3,3,6,6,2,6, ,yes,1,1, , , , , , , , , , , , , , , ,32,1,1,2,6,2,1,32,7,1,1,1,1,2,7,2,2,5,5,7,2,2,5,5,1,1,1,6,6,5.5,.595595987191173,.429154698469473,7
R_1rp5k28xRecGi5Y,5,5,2,5,5,4,3,3,3,4,2,5,3,4,5, ,yes,2,1, , , , , , , , , , , , , , , ,35,1,1,2,6,2,1,35,5,1,1,1,1,2,7,3,1,6,6,7,2,1,6,5,7,2,1,6,5,4,.913079457327303,.814369834264612,6
R_1SKMw1V3r1M6UiR,4,4,4,3,3,6,2,5,3,5,2,2,4,3,4, ,yes,4,1, , , , , , , , , , , , , , , ,33,1,1,2,6,2,1,33,2,1,1,1,1,2,4,4,4,5,5,4,4,4,5,4,4,4,4,3,3,3,-.347145700074112,-.661339343358772,4
R_20StpJTCpsQk3ns,5,4,5,5,3,5,5,5,3,3,3,6,7,6,6, ,yes,2,1, , , , , , , , , , , , , , , ,23,1,1,2,2,2,1,23,4,1,1,1,1,2,5,4,5,4,4,4,7,6,3,4,5,5,6,2,5,4.25,-.612618485166532,-1.10122872903559,6
R_22Q59IYEPYdxmwr,6,6,2,7,7,2,6,2,6,7,7,7,6,2,6, ,yes,2,1, , , , , , , , , , , , , , , ,31,1,1,2,6,2,1,31,6,1,1,1,1,2,6,3,1,5,5,6,1,1,6,6,7,1,1,6,6,5.91666666666667,.438622585580795,.996992372044422,6
R_22qROIge0CwkBN0,5,5,6,4,6,5,6,5,6,5,6,5,7,6,6,5, ,5,1, , , , , , , , , , , , , , , ,30,1,1,1,5,1,1,10,2,1,2,2,1,1,6,5,6,1,1,6,5,6,2,1,6,6,5,2,1,4.75, , ,3
R_22XNMedF29RAPOh,3,3,5,6,5,5,6,2,6,3,5,7,5,2,5, ,Yes,3,1, , , , , , , , , , , , , , , ,45,2,1,2,6,2,1,45,6,1,1,1,1,2,6,2,2,4,4,6,3,2,4,5,6,1,1,5,5,5.41666666666667,.121139115444665,.397039956936979,5
R_231aQ3XMoRwIoc3,6,6,2,6,6,3,7,2,7,1,5,6,6,3,6, ,yes,1,1, , , , , , , , , , , , , , , ,64,2,1,2,6,2,1,64,6,1,1,1,1,2,7,1,1,6,6,6,1,1,6,6,7,1,1,6,6,6,1.13455391627564,.996992372044422,7
R_23457cJzQ3BWjgZ,7,7,1,5,7,2,7,1,7,7,7,7,7,1,6, ,yes,2,1, , , , , , , , , , , , , , , ,33,2,1,2,6,2,1,33,5,1,1,1,1,2,7,7,1,6,4,7,7,1,6,6,7,3,1,6,4,6.16666666666667,.165152779269485,.513680974246896,6
R_25FzgiKo7I91UMk,5,3,6,5,7,2,7,2,6,5,7,6,7,1,6, ,yes,2,1, , , , , , , , , , , , , , , ,41,1,1,2,6,2,1,41,6,1,1,1,1,2,5,4,2,3,3,6,5,2,5,4,6,2,1,6,5,6.08333333333333,-.574792215250175,.310844232048457,6
R_26bfwOXNBYym3K8,5,7,7,7,7,2,7,2,7,2,7,7,7,1,7, ,yes,2,1, , , , , , , , , , , , , , , ,40,1,1,2,6,2,1,40,7,1,1,1,1,2,7,1,1,6,6,7,1,1,6,6,7,1,1,6,6,6.75,1.13455391627564,1.07232863334359,6
R_26lQOA05bprxwaj,5,5,3,6,6,4,6,1,7,1,7,7,7,1,7, ,yes,1,1, , , , , , , , , , , , , , , ,53,2,1,2,6,2,1,53,7,1,1,1,1,2,7,2,1,6,6,7,1,1,6,6,7,1,1,6,6,6.5,1.02381668680147,1.07232863334359,7
R_27cY85UZ4hgPOaK,6,6,6,6,6,7,6,6,6,7,6,6,6,7,6,6, ,2,1, , , , , , , , , , , , , , , ,28,1,1,1,6,1,1,28,6,1,1,1,1,2,6,6,6,2,2,7,7,6,2,1,6,6,7,2,3,4.41666666666667, , ,6
R_2ASykzjboixNb45,6,6,2,6,6,1,6,1,6,1,4,6,4,4,5, ,yes,2,1, , , , , , , , , , , , , , , ,58,2,1,2,6,2,1,58,7,1,1,1,1,2,7,5,1,6,6,7,6,1,6,6,7,6,1,6,6,5.66666666666667,.69160499837897,.556232484404584,6
R_2BndL0Kb9GBuzZy,6,6,5,5,6,6,7,6,6,5,6,6,7,7,7, ,yes,2,1, , , , , , , , , , , , , , , ,31,2,1,2,6,2,1,31,3,1,1,1,2,2,6,5,6,2,3,4,6,5,4,4,6,7,5,3,2,4.83333333333333,-1.14804857688118,-1.05378990591108,6
R_2COfSCikzL3x5NM,5,7,1,6,7,4,6,2,6,2,7,7,4,2,7, ,yes,1,1, , , , , , , , , , , , , , , ,60,1,1,2,6,2,1,60,1,1,1,1,1,2,7,7,1,6,6,7,7,1,6,6,7,7,1,6,6,6,.470130539430638,.453013254616782,7
R_2CTemNEJmMotOWW,5,6,2,7,6,3,6,3,6,5,3,7,6,2,7, ,yes,3,1, , , , , , , , , , , , , , , ,41,1,1,2,6,2,1,41,6,1,1,1,1,2,6,3,2,5,5,6,2,1,6,6,5,3,3,4,4,5.58333333333333,.322110843199132,.310164166933211,5
R_2CVuO68mG4i8AnV,4,6,3,2,4,3,5,4,4,5,4,6,5,4,5, ,YES,4,1, , , , , , , , , , , , , , , ,29,1,1,2,6,2,1,29,5,1,1,1,1,2,5,7,6,4,4,6,5,6,5,4,5,6,5,2,2,4.25,-1.06134191597069,-.913394055079664,4
R_2dEojD801JGWERI,6,4,5,4,6,5,7,6,4,5,7,6,3,4,6,5, ,5,1, , , , , , , , , , , , , , , ,28,2,1,1,6,1,1,10,2,1,2,1,2,2,5,4,6,3,2,4,5,6,3,4,4,5,4,3,2,4.58333333333333, , ,3
R_2E76MewT0VSIkc6,7,7,1,7,7,5,7,3,7,3,7,7,7,2,7, ,yes,1,1, , , , , , , , , , , , , , , ,27,2,1,2,6,2,1,27,6,1,1,1,1,2,7,1,1,6,6,7,1,1,6,6,7,1,1,6,6,6.25,1.13455391627564,1.07232863334359,7
R_2QAH7Jr4r9eryA9,6,5,3,5,5,3,6,3,6,2,5,6,5,2,5, ,yes,2,1, , , , , , , , , , , , , , , ,48,1,1,2,6,2,1,48,6,1,1,1,1,2,5,4,3,5,5,6,3,2,5,5,6,2,2,5,5,5.41666666666667,-.0678860431745732,.365423941973284,6
R_2QhTt5w1zN8pR6H,5,5,3,6,7,5,7,1,7,7,7,6,7,5,6, ,yes,2,1, , , , , , , , , , , , , , , ,45,1,1,2,6,2,1,45,6,1,1,1,2,2,7,1,1,6,6,7,1,1,6,6,7,1,1,6,6,5.58333333333333,1.13455391627564,1.07232863334359,6
R_2QPwglLHMOCaa3W,6,5,2,6,6,5,6,4,6,2,5,6,6,5,6, ,yes,2,1, , , , , , , , , , , , , , , ,39,1,1,2,6,2,1,39,6,1,1,1,1,2,5,4,2,5,5,6,4,2,5,5,6,2,2,5,5,5.25,.04862569920709,.314351260599586,6
R_2rMX3neCxqIqeq9,4,5,5,6,6,4,6,3,6,3,6,7,6,3,6, ,Yes,1,1, , , , , , , , , , , , , , , ,53,1,1,2,6,2,1,53,6,1,1,1,1,2,7,4,1,6,6,7,1,1,6,6,6,5,5,4,4,5.66666666666667,.802342227853137,.28371935001016,7
R_2TBGCycgOkdcQgz,6,6,7,6,7,5,6,6,5,7,7,6,4,6,7, ,yes,1,1, , , , , , , , , , , , , , , ,30,1,1,1,5,1,1,30,7,1,1,1,1,1,7,5,7,1,1,6,5,7,1,1,5,7,7,3,2,4.66666666666667,-1.56601024205417,-1.60785215108129,7
R_2TH9eNITrh3YY8Z,6,6,2,5,5,4,6,5,6,3,6,5,6,3,6, ,yes,3,1, , , , , , , , , , , , , , , ,54,1,1,2,6,2,1,54,5,1,1,1,1,2,7,1,1,6,6,7,1,1,6,6,7,1,1,6,6,5.16666666666667,1.13455391627564,1.07232863334359,5
R_2WDaHmeb0rVF5mN,7,7,1,5,2,6,3,3,2,6,1,2,3,7,3, ,yes,1,1, , , , , , , , , , , , , , , ,33,1,1,2,6,2,1,33,7,1,1,1,1,2,6,5,1,5,6,5,4,1,4,5,7,1,1,6,6,2.58333333333333,.369637006713039,.534610013336698,7
R_2Wwo6IaND7p3K6L,6,6,6,4,4,5,5,4,6,5,4,6,6,6,6,6,YES,6,1, , , , , , , , , , , , , , , ,31,1,1,2,6,1,1,31,6,1,1,1,1,2,6,6,6,2,2,6,6,6,2,2,6,6,6,2,2,4.41666666666667,-1.41127468643592,-1.34816631823697,2
R_2xKxOcvnmUXMqCs,5,7,2,7,6,2,7,1,7,7,6,6,7,1,6, ,Yes,2,1, , , , , , , , , , , , , , , ,29,2,1,2,6,2,1,29,5,1,1,1,2,2,7,7,2,6,6,7,1,1,6,6,7,1,1,6,6,6.08333333333333,.353618797048975,1.07232863334359,6
R_2XpO4qkUu7VmXJq,6,6,6,4,4,4,4,4,4,4,4,4,4,4,4, , ,4,1, , , , , , , , , , , , , , , ,25,1,1,1,6,1,1,15,3,1,1,1,1,1,6,6,6,3,3,6,6,6,4,5,6,6,6,3,3,4, , ,4
R_2ZDGXoUXUu4Sddt,6,5,2,6,6,2,6,2,6,6,7,6,6,2,6, ,yes,1,1, , , , , , , , , , , , , , , ,30,1,1,2,6,2,1,30,4,1,1,1,1,2,5,6,6,5,4,6,6,6,5,5,5,5,6,5,5,5.75,-.791384609348472,-.448597497637222,7
R_2zZaHSc6k8eByDS,4,5,3,5,5,3,5,2,5,3,5,3,5,3,5, ,yes,1,1, , , , , , , , , , , , , , , ,31,1,1,2,6,2,1,31,6,1,1,1,1,2,7,3,2,5,5,6,3,2,5,5,6,3,2,5,5,4.91666666666667,.484858757717007,.313277393559181,7
R_3DjA9Amu6CvXUce,5,5,3,3,5,6,5,3,5,3,3,3,5,6,3, ,yes,3,1, , , , , , , , , , , , , , , ,52,2,1,2,6,2,1,52,6,1,1,1,1,2,6,2,2,5,5,5,2,3,5,4,5,2,2,5,4,3.83333333333333,.432848072673298,.0687536887434905,5
R_3dLc5Q9VE2m6FG3,6,6,6,3,3,5,2,5,2,6,3,3,3,5,3, ,YES,3,1, , , , , , , , , , , , , , , ,54,2,1,2,6,2,1,54,5,1,1,1,1,2,4,5,3,3,3,3,5,4,3,4,5,3,3,4,4,2.75,-.96478910162388,-.622918245172316,5
R_3DtiNGS6x5wpMrW,6,6,2,2,2,6,4,6,3,5,2,2,3,2,2, ,yes,1,1, , , , , , , , , , , , , , , ,34,1,1,2,6,2,1,34,7,1,1,1,1,2,7,2,2,5,5,6,2,2,5,5,6,2,2,5,5,2.75,.595595987191173,.416496623346982,7
R_3fUgRiQNovXpsnc,6,6,2,5,6,2,7,2,7,2,6,7,7,2,6, ,yes,2,1, , , , , , , , , , , , , , , ,41,1,1,2,6,2,1,41,6,1,1,1,1,2,7,2,1,5,6,6,3,1,5,5,7,1,1,6,6,6.25,.864596609653413,.737542816514281,6
R_3fV4BNgo2Yb9Vva,6,6,2,5,5,2,7,2,7,1,6,6,5,2,5, ,yes,3,1, , , , , , , , , , , , , , , ,33,1,1,2,6,2,1,33,2,1,1,1,1,2,5,6,2,4,3,5,3,2,4,4,5,4,2,4,4,5.91666666666667,-.637046597050452,-.18124749533718,5
R_3fVmUJ22tp7ST0s,5,5,2,6,6,3,6,1,6,6,1,5,5,5,2, ,yes,2,1, , , , , , , , , , , , , , , ,43,1,1,2,6,2,1,43,4,1,1,1,1,2,3,5,5,3,3,5,2,2,4,4,5,3,3,4,4,4.5,-1.36056050090508,-.134021592603687,6
R_3HS9U7tEGrQzt0R,5,6,2,6,7,1,7,1,7,1,6,7,6,1,7, ,yes,2,1, , , , , , , , , , , , , , , ,45,1,1,2,6,2,1,45,7,1,1,1,1,2,3,7,2,3,1,5,6,2,3,2,5,7,2,3,2,6.75,-1.53747749286958,-.949260841833946,6
R_3iPeu34WNMSJ3Fh,5,5,3,4,3,5,4,5,4,5,4,3,3,5,5, ,yes,3,1, , , , , , , , , , , , , , , ,51,1,1,2,6,2,1,51,3,1,1,1,1,2,6,6,1,6,6,7,4,1,6,6,7,4,1,6,6,3.5,.418119854386929,.762670943980186,5
R_3j8KTvkEhcbafsv,7,6,7,6,7,6,7,6,7,6,7,6,7,6,7,6, ,7,1, , , , , , , , , , , , , , , ,30,1,1,1,5,1,1,4,5,1,1,1,1,1,6,6,7,1,2,6,6,7,1,2,6,6,7,1,2,5.16666666666667, , ,1
R_3JDGWgyYbJiVQdn,7,7,1,5,5,6,7,5,7,2,4,3,4,3,5, ,Yes,1,1, , , , , , , , , , , , , , , ,51,1,1,2,6,2,1,51,7,1,1,1,1,2,7,7,1,6,6,7,7,1,6,6,7,7,1,6,6,4.66666666666667,.470130539430638,.453013254616782,7
R_3JKmZeLa6ZKZhXf,5,5,5,5,6,6,5,5,6,5,6,5,6,6,5,5,yes,6,1, , , , , , , , , , , , , , , ,30,1,1,3,6,2,1,30,5,1,1,1,1,2,4,4,5,3,3,5,4,5,3,4,5,5,4,2,5,4.5,-1.08707535691304,-.706446656834467,2
R_3kMo272JyBFr9ZV,6,5,3,7,7,5,7,1,7,1,7,7,7,1,7, ,yes,2,1, , , , , , , , , , , , , , , ,54,2,1,2,6,2,1,54,5,1,1,1,1,2,7,2,1,6,5,5,3,2,5,5,6,2,2,5,5,6.66666666666667,.871327806720893,.290087680674116,6
R_3luI01ygLqm7342,5,5,3,5,6,3,5,2,5,3,2,5,5,2,5, ,yes,5,1, , , , , , , , , , , , , , , ,38,1,1,1,6,2,1,38,4,1,1,1,1,2,4,6,3,3,3,3,3,6,3,3,5,4,5,4,4,5,-1.07552633109805,-.874168642570149,3
R_3lum39u4geGVIL0,7,7,6,6,7,6,7,6,6,7,6,6,7,7,6,7, ,7,1, , , , , , , , , , , , , , , ,30,1,1,1,5,1,1,30,6,2,2,1,1,1,7,7,6,1,1,7,7,6,1,1,7,6,7,6,6,4.75, , ,1
R_3PdweGM24XESYgI,6,5,2,6,6,2,6,2,6,6,5,6,6,2,6, ,yes,6,1, , , , , , , , , , , , , , , ,37,2,1,2,6,2,1,37,4,1,1,1,1,2,5,5,5,5,5,5,2,3,5,5,4,2,2,5,5,5.58333333333333,-.411646757412066,.160067266693762,2
R_3pfM4mEpKab3qgn,5,5,7,6,7,5,6,5,6,5,7,5,7,6,5, ,YES,6,1, , , , , , , , , , , , , , , ,30,1,1,1,5,1,1,30,5,1,1,2,1,1,5,7,5,5,2,7,6,5,5,6,5,5,4,6,4,5,-1.09058785660213,-.127859716246028,2
R_3PgFwSqqzkR0m2h,5,6,2,5,6,2,7,1,7,1,4,2,7,3,6, ,yes,1,1, , , , , , , , , , , , , , , ,71,2,1,2,6,2,1,71,5,1,1,1,1,2,5,5,3,4,4,5,5,3,4,4,5,5,3,4,4,5.75,-.490332229877372,-.445773846225229,7
R_3PY8Uf2o3Hrwn88,6,7,1,5,5,4,6,2,5,2,5,5,6,5,2, ,yes,1,1, , , , , , , , , , , , , , , ,38,1,1,2,6,2,1,38,6,1,1,1,1,2,6,5,1,5,5,6,3,1,5,5,7,1,1,6,5,4.83333333333333,.217148126632462,.663583579501131,7
R_3qfBDHk1VRSZhGX,6,6,2,5,5,3,5,3,5,5,3,6,5,3,5, ,yes,1,1, , , , , , , , , , , , , , , ,33,1,1,2,6,2,1,33,5,1,1,1,1,2,6,5,3,5,5,5,3,2,5,5,5,6,3,4,4,4.75,-.0158753581308641,-.18422972643695,7
R_3qQeD04Hc19zQlG,4,3,3,3,3,2,3,3,2,3,3,2,2,2,3, ,yes,3,1, , , , , , , , , , , , , , , ,26,1,1,3,6,2,1,26,5,2,2,2,2,2,3,3,3,3,1,3,3,3,3,1,3,3,3,3,1,3.58333333333333,-1.21104031735458,-1.12995511835431,5
R_4PBrDf3yvS50wzn,6,6,2,3,3,7,5,6,3,6,1,6,5,7,2, ,yes,4,1, , , , , , , , , , , , , , , ,35,2,1,2,6,1,1,35,7,1,1,1,1,2,4,6,7,2,4,4,4,7,4,4,7,3,7,5,5,2.83333333333333,-1.54830449769218,-.533518210487438,4
R_6xLSC1E7rNd9qCt,6,6,3,3,5,3,5,3,5,5,7,3,5,6,6, ,yes,3,1, , , , , , , , , , , , , , , ,39,2,1,2,6,2,1,39,6,1,1,1,1,2,6,2,1,5,5,5,2,2,4,5,6,5,2,4,5,4.5,.549359815054961,.0358441982544984,5
R_7VXzRfSQLKf9tdv,7,7,1,7,5,5,6,5,6,2,1,4,7,3,5, ,yes,3,1, , , , , , , , , , , , , , , ,49,1,1,2,6,2,1,49,7,1,1,1,1,2,7,1,1,5,6,7,1,1,5,5,7,1,1,6,6,4.83333333333333,.975333839127579,.915024440560845,5
R_9SqZAUpMhzQJNkd,4,5,5,4,5,4,4,5,4,4,5,4,4,5,5, ,yes,1,1, , , , , , , , , , , , , , , ,25,2,1,1,6,2,1,25,5,1,1,1,1,2,5,4,3,4,4,4,4,4,4,4,6,2,2,5,5,4.08333333333333,-.379595000403206,-.102107680125976,7
R_ahKsikzW2HlMYz7,6,6,7,6,6,6,6,6,6,7,7,6,6,6,6, ,yes,1,1, , , , , , , , , , , , , , , ,31,1,1,2,6,2,1,31,3,1,2,1,1,1,6,6,7,2,2,6,6,7,2,2,6,5,6,3,2,4.66666666666667,-1.52778642881758,-1.27790822444882,7
R_DeMyWqd2HckoSnT,7,6,3,5,5,3,6,3,6,3,3,5,2,6,5, ,yes,3,1, , , , , , , , , , , , , , , ,38,2,1,2,6,2,1,38,5,1,1,1,1,2,7,1,2,6,6,6,3,1,5,5,5,3,1,5,5,4.5,1.01804217389397,.360085841944824,5
R_DkFpQDXwb3CIV8J,6,6,2,3,3,6,3,5,3,5,2,3,2,5,3, ,yes,2,1, , , , , , , , , , , , , , , ,37,2,1,2,6,2,1,37,5,1,1,1,1,2,6,2,1,5,5,6,2,1,5,5,6,2,1,5,5,2.75,.549359815054961,.526731063073531,6
R_DkIl07g9V9kmV5n,6,6,3,6,6,4,7,2,5,4,5,6,7,1,4, ,yes,1,1, , , , , , , , , , , , , , , ,29,1,1,2,6,2,1,29,7,1,1,1,1,2,6,5,1,4,3,2,7,2,3,3,2,6,1,3,2,5.58333333333333,-.247049710676747,-1.22770007338143,7
R_DMoVbDMaFoXRHLb,5,5,3,5,3,4,5,4,5,4,3,4,4,5,4, ,yes,3,1, , , , , , , , , , , , , , , ,27,2,1,2,6,2,1,27,5,1,1,1,1,2,5,4,2,4,4,5,3,2,4,4,5,2,3,4,4,4,-.263083258021543,-.132947725563282,5
R_e3xl6p2rNS7UVMJ,7,7,1,5,5,5,6,6,5,4,3,6,6,5,3, ,yes,1,1, , , , , , , , , , , , , , , ,59,1,1,2,6,2,1,59,7,1,1,1,1,2,7,1,1,6,6,7,1,1,6,6,7,1,1,6,6,4.25,1.13455391627564,1.07232863334359,7
R_OBjiYsK3nhyAkRr,5,6,3,3,5,5,4,5,3,5,3,5,5,6,2, ,yes,4,1, , , , , , , , , , , , , , , ,49,1,1,2,6,2,1,44,6,1,1,1,1,2,6,3,3,6,6,7,1,2,6,6,7,1,3,6,6,3.41666666666667,.517308058046101,.906100866562733,4
R_PBVzY6ahM9BPMeB,6,7,3,6,5,2,6,3,5,3,6,7,6,2,5, ,yes,2,1, , , , , , , , , , , , , , , ,47,2,1,2,6,2,1,47,5,1,1,1,1,2,7,2,2,5,6,4,5,3,2,2,7,1,1,5,5,5.66666666666667,.74808486727175,-.241981767583607,6
R_QidTwwddY3Hy2LT,7,7,1,5,5,4,6,4,6,2,4,7,4,2,5, ,yes,3,1, , , , , , , , , , , , , , , ,31,1,1,1,7,2,1,31,2,1,1,1,1,2,7,1,1,6,6,7,1,1,6,6,7,1,1,6,6,5.16666666666667,1.13455391627564,1.07232863334359,5
R_r7SdYZCq1GafGiR,5,6,3,7,7,2,6,1,6,2,7,7,6,1,7, ,yes,1,1, , , , , , , , , , , , , , , ,40,1,1,2,6,2,1,22,5,1,1,1,1,2,5,3,1,5,6,6,1,1,6,6,7,1,1,6,6,6.58333333333333,.428363551143496,.996992372044422,7
R_RDKQMK1P6iT2tIB,7,7,1,5,5,4,7,4,6,2,4,6,6,4,6, ,yes,2,1, , , , , , , , , , , , , , , ,27,2,1,2,6,2,1,27,4,1,1,1,1,2,7,4,4,3,4,7,5,5,4,4,4,4,4,4,4,5.25,-.329830990897174,-.470856318952485,6
R_SGJohqF1YniNj7H,6,7,1,6,6,6,6,2,6,2,6,4,6,4,5, ,yes,1,1, , , , , , , , , , , , , , , ,52,2,1,2,6,2,1,52,4,1,1,1,1,2,7,1,1,6,6,7,1,1,6,6,7,1,1,6,6,5.25,1.13455391627564,1.07232863334359,7
R_sqj2ddGjnPP8p8Z,6,6,2,5,5,4,5,4,5,3,5,5,5,4,3, ,yes,2,1, , , , , , , , , , , , , , , ,46,1,1,2,6,2,1,46,4,1,1,1,1,2,7,5,1,5,6,7,3,1,5,6,7,4,1,4,6,4.58333333333333,.532384921230914,.592514448756588,6
R_V5cKVVNTfXIlCs9,6,6,2,7,7,1,7,1,7,1,6,7,7,1,7, ,yes,2,1, , , , , , , , , , , , , , , ,36,2,1,2,6,2,1,36,5,1,1,1,1,2,6,4,2,5,5,6,2,1,6,5,5,3,3,4,4,6.91666666666667,.211373613724965,.229383834655183,6
R_wUgGh0IRpXb24ud,6,6,2,6,7,3,7,3,6,3,6,7,7,2,7, ,yes,2,1, , , , , , , , , , , , , , , ,31,1,1,2,6,2,1,31,7,1,1,1,1,2,7,3,1,6,6,6,3,2,5,5,7,3,1,6,6,6.16666666666667,.913079457327303,.579008607013834,6
R_Xnx15SKOHllnt0R,6,7,2,4,3,6,5,7,6,6,6,3,3,5,4, ,Yes,1,1, , , , , , , , , , , , , , , ,34,2,1,2,6,2,1,34,7,1,1,1,1,2,6,5,5,1,1,6,6,7,3,3,7,6,7,1,3,3.5,-1.49573467180872,-1.23606399487301,7
R_XpPbVEHDBtQ2aop,4,5,2,6,7,2,6,1,7,1,7,7,7,1,7, ,yes,1,1, , , , , , , , , , , , , , , ,40,2,1,2,6,2,1,40,4,1,1,1,1,2,7,1,1,6,6,7,1,1,6,6,7,1,1,6,6,6.75,1.13455391627564,1.07232863334359,7
R_yIOHCvV8GgOmnkZ,5,5,2,6,6,2,6,1,5,5,5,6,6,2,6, ,yes,3,1, , , , , , , , , , , , , , , ,33,2,1,2,6,2,1,33,2,1,1,1,1,2,5,5,3,5,4,5,2,2,5,4,5,2,2,5,5,5.66666666666667,-.331112152729316,.19695403842888,5
R_yWmAhYwt8c4wQyl,7,7,1,5,5,4,6,3,6,1,3,5,6,3,5, ,yes,3,1, , , , , , , , , , , , , , , ,40,2,1,2,6,2,1,40,5,1,1,1,1,2,7,7,1,6,6,7,7,1,6,6,7,7,1,6,6,5.16666666666667,.470130539430638,.453013254616782,5
R_11iNGVv71qFOn4R,4,3,4,4,4,3,5,3,4,4,2,5,4,3,3, ,yes,6,2,6,3,3,5,5,6,2,1,5,6,4,5,4,4,4,44,2,1,2,5,2,1,44,6,1,2,1,1,2, , , , , , , , , , , , , , , ,4.16666666666667,.205599100817468,.00992789120507384,6
R_11ZK0YEZkxYiQ3p,5,5,3,4,4,4,4,5,5,3,4,4,5,5,4, ,yes,7,2,7,5,1,5,5,6,3,1,6,6,6,2,1,6,6,55,2,1,2,6,2,1,55,7,1,1,1,1,2, , , , , , , , , , , , , , , ,4.08333333333333,.379896041150338,.779274469542017,7
R_120k880ZrhWqn93,5,6,2,6,6,4,6,2,6,2,4,4,5,5,3, ,yes,6,2,7,2,1,6,6,7,1,1,6,6,2,1,7,2,2,65,2,1,2,6,2,1,65,7,1,1,1,1,2, , , , , , , , , , , , , , , ,4.91666666666667,1.02381668680147,-.166008865924546,6
R_125Og4vRoTL87gV,6,6,2,4,3,5,4,5,5,3,3,6,4,3,3, ,yes,6,2,6,4,1,5,5,7,1,1,6,6,5,5,4,3,3,47,1,1,2,6,2,1,47,6,1,1,1,1,2, , , , , , , , , , , , , , , ,4,.327885356106629,.129974790664123,6
R_1BY4ONwEaWhh6HH,6,6,3,6,6,3,7,3,6,6,5,5,6,3,6, ,yes,3,2,6,4,3,5,4,3,7,5,3,3,5,2,3,4,3,34,2,1,2,3,2,1,31,7,1,1,1,1,2, , , , , , , , , , , , , , , ,5.33333333333333,-.0576270087372742,-.881897741469028,3
R_1daSCIhudTmwL2X,5,5,2,6,6,5,5,2,6,4,6,6,6,3,6, ,yes,6,2,7,3,1,6,6,7,5,1,6,6,7,4,2,6,6,37,2,1,2,5,2,1,37,6,1,1,1,1,2, , , , , , , , , , , , , , , ,5.41666666666667,.913079457327303,.655604935552179,6
R_1DBdH9zfQLc7sRn,5,7,3,6,5,7,5,4,6,3,5,5,2,6,5, ,yes,6,2,5,3,3,5,3,7,3,4,6,6,7,3,2,5,4,39,2,1,2,6,2,1,39,4,1,1,1,1,2, , , , , , , , , , , , , , , ,4.25,-.26212657386156,.426902376624369,6
R_1Dx2bk6A9XVBML2,6,7,2,3,3,6,4,2,4,4,4,5,3,4,4, ,yes,6,2,4,5,4,2,4,4,3,4,2,3,3,4,4,4,3,30,2,1,2,6,2,1,30,4,1,1,1,1,2, , , , , , , , , , , , , , , ,3.83333333333333,-1.08803204107302,-.911691909071869,6
R_1dy8aONS0M8oWol,6,6,2,5,5,2,6,2,6,2,6,6,6,2,6, ,yes,5,2,5,3,2,4,4,7,1,1,6,6,4,4,4,3,3,33,1,1,2,6,2,1,33,7,1,1,1,1,2, , , , , , , , , , , , , , , ,5.83333333333333,-.152346028547376,.118695347737321,5
R_1f7PqCHPhHWClLw,7,6,1,6,7,6,7,6,7,6,7,6,7,6,7, ,yes,5,2,5,4,5,5,5,6,6,6,3,4,6,6,6,5,4,24,1,1,2,6,2,1,24,4,1,1,1,1,2, , , , , , , , , , , , , , , ,5.16666666666667,-.3009095279379,-.745105345011031,5
R_1H6jVVhVFWphYHf,5,5,4,5,4,3,4,5,4,3,4,3,4,5,6, ,yes,4,2,4,5,4,3,5,5,4,5,3,4,4,4,4,4,5,34,2,1,2,2,2,1,34,5,1,1,1,1,2, , , , , , , , , , , , , , , ,4.16666666666667,-.776323083844391,-.57302078366869,4
R_1hNpF26st007mnU,7,7,7,4,6,4,5,5,6,5,3,6,7,4,5, ,yes,6,2,7,4,1,5,5,7,2,1,6,6,4,4,7,4,3,39,1,1,2,6,2,1,39,7,1,1,1,1,2, , , , , , , , , , , , , , , ,4.66666666666667,.490633270624504,-.0280046567530136,6
R_1HqO0E47WNuPy13,7,7,1,5,6,7,6,6,1,5,5,2,6,4,4, ,Yes,7,2,5,4,5,5,4,5,3,3,5,5,5,5,5,5,5,24,1,1,2,6,2,1,24,6,1,1,1,1,2, , , , , , , , , , , , , , , ,3.75,-.453398408018476,-.151999049744265,7
R_1hWJa8Up1bjrcvY,5,4,5,7,1,6,7,6,3,4,3,4,5,6,6, ,yes,5,2,5,4,5,2,3,5,5,6,4,4,6,5,5,5,4,27,1,1,2,6,2,1,28,5,1,1,1,1,2, , , , , , , , , , , , , , , ,3.83333333333333,-1.08354751954322,-.584705188963372,5
R_1hYx4KaqbOuxbj4,5,5,3,6,6,2,6,2,6,2,6,6,6,2,6, ,yes,6,2,6,5,1,5,4,5,3,1,5,5,4,4,1,4,4,31,2,1,2,5,2,1,31,5,1,1,1,1,2, , , , , , , , , , , , , , , ,6,.0646592465518858,.0228651458312084,6
R_1I6NXFPmfb8lYrK,7,6,1,3,5,3,5,3,5,5,6,7,7,4,5, ,yes,7,2,6,2,1,5,5,7,2,1,6,6,5,4,3,4,4,40,2,1,2,6,2,1,40,7,1,1,1,1,2, , , , , , , , , , , , , , , ,5,.549359815054961,.333353879818276,7
R_1j9g5H9Kw9jcndW,5,4,3,6,5,2,6,4,7,7,4,5,5,3,5, ,yes,6,2,4,5,4,4,4,5,3,5,5,5,4,3,4,2,3,33,1,1,2,2,2,1,33,2,1,1,1,1,2, , , , , , , , , , , , , , , ,4.91666666666667,-.769591886776911,-.528597290712305,6
R_1jVZgzMHalfmD53,5,4,3,4,5,4,5,5,5,4,6,6,6,4,6, ,Yes,7,2,5,5,2,5,5,7,4,2,5,5,7,3,2,5,6,45,2,2,2,5,2,1,45,7,1,2,1,2,2, , , , , , , , , , , , , , , ,4.83333333333333, , ,7
R_1K3VrcJz7SMyaTf,5,6,2,5,6,4,3,3,4,6,4,5,2,1,5, ,yes,6,2,6,4,1,5,5,7,1,1,6,6,3,4,3,4,4,21,2,1,2,6,2,1,21,5,1,1,1,1,2, , , , , , , , , , , , , , , ,4.33333333333333,.327885356106629,.257574578510163,6
R_1Kpcfq79k9D4fyQ,3,3,5,5,5,5,5,4,5,3,5,4,6,3,5, ,yes,7,2,7,2,2,6,6,7,1,1,6,6,7,1,2,6,6,56,2,1,2,6,2,1,56,7,1,1,1,1,2, , , , , , , , , , , , , , , ,4.75,.907304944419806,1.01633530628928,7
R_1KxNjh1gvyvCKl4,7,7,1,7,6,7,6,1,3,5,1,5,2,2,5, ,yes,7,2,7,6,1,5,2,7,1,7,5,4,4,1,4,3,4,41,2,1,2,6,2,1,38,5,1,1,1,1,2, , , , , , , , , , , , , , , ,4.33333333333333,-.188307828565558,-.214436971101437,7
R_1LATIjVVvWT8yDO,4,3,5,7,7,2,6,1,6,3,7,5,7,3,7, ,yes,7,2,7,5,1,5,6,7,3,1,6,6,7,2,1,6,6,25,2,1,2,6,2,1,25,7,1,1,1,1,2, , , , , , , , , , , , , , , ,6.25,.532384921230914,.918036722182091,7
R_1lgUUTRaOk3A0Wn,5,5,2,6,7,2,7,1,7,1,6,7,7,1,6, ,yes,7,2,7,3,1,5,6,7,7,1,6,6,4,6,4,3,3,45,2,1,2,6,2,1,45,6,1,1,1,1,2, , , , , , , , , , , , , , , ,6.66666666666667,.753859380179247,-.292033837333075,7
R_1Lu2dXrKOtaD3rz,5,5,4,4,6,6,4,3,5,4,3,5,3,5,6, ,yes,5,2,4,4,2,4,4,6,2,4,5,5,3,3,5,3,2,37,2,1,3,6,2,2,37,2,1,1,1,1,2, , , , , , , , , , , , , , , ,4.16666666666667,-.425831172539418,-.468973132729272,5
R_1NDfUEw2ySeZ7pn,6,7,1,5,5,3,4,3,6,6,4,6,6,3,5, ,yes,7,2,5,2,1,5,5,7,1,1,6,6,6,2,2,4,4,36,2,1,2,6,2,1,36,6,1,1,1,1,2, , , , , , , , , , , , , , , ,4.83333333333333,.386611900537086,.608138976415395,7
R_1OCWQlMqD7cT3ks,5,3,5,5,5,5,4,3,5,3,6,5,3,5,3, ,Yes,6,2,5,4,5,5,5,6,5,2,5,5,5,5,5,5,5,34,1,1,2,6,2,1,34,7,1,1,1,1,2, , , , , , , , , , , , , , , ,4.33333333333333,-.3009095279379,-.124567038520253,6
R_1oup5VDzhwL2F1b,6,6,5,6,5,6,5,6,5,6,5,6,5,6,5,6, ,5,2,6,6,5,2,2,5,6,5,2,3,6,5,6,3,4,30,1,1,1,6,1,1,30,2,1,2,1,2,1, , , , , , , , , , , , , , , ,4.16666666666667, , ,5
R_1ovF22EnWPoM2Xw,5,6,2,6,5,5,6,7,4,5,6,6,6,3,5, ,yes,6,2,3,4,2,4,4,5,3,2,5,5,4,5,3,3,3,30,1,1,2,6,2,1,30,5,1,1,1,1,2, , , , , , , , , , , , , , , ,4.66666666666667,-.588579087057294,-.341821064423191,6
R_1Q5vG8xMb2UEaAe,5,5,3,5,5,4,4,5,3,5,3,4,3,3,4, ,yes,7,2,7,1,1,6,6,7,1,1,6,6,7,1,2,5,5,42,2,1,2,6,2,1,42,7,1,1,1,1,2, , , , , , , , , , , , , , , ,3.83333333333333,1.13455391627564,.870023411229843,7
R_1QlW1CJO8Ln1yhS,6,7,2,4,5,6,4,7,5,2,2,4,4,6,3, ,yes,6,2,4,6,4,5,5,7,1,1,6,6,6,2,1,6,5,34,1,1,2,2,2,1,34,7,1,1,1,1,2, , , , , , , , , , , , , , , ,3.5,-.568620159022444,.882796856575432,6
R_1QsF8vzGIcq6V5N,6,6,2,6,6,2,6,2,6,2,6,6,6,2,2, ,yes,7,2,6,5,5,2,2,5,6,6,5,5,6,5,6,3,3,29,1,1,2,2,2,1,29,4,1,1,1,1,2, , , , , , , , , , , , , , , ,5.66666666666667,-1.18402571458009,-.753131557714363,7
R_1rxj3NFwzczfnEC,5,5,2,4,4,4,5,4,5,3,3,4,5,4,4, ,yes,7,2,6,2,3,5,5,7,1,2,6,6,6,2,2,6,6,58,2,1,2,5,2,1,58,6,1,1,1,1,2, , , , , , , , , , , , , , , ,4.25,.316336330291635,.846521653862033,7
R_217GpEsvXaOyFDt,5,5,3,3,3,5,5,5,5,5,3,3,5,5,3, ,yes,6,2,6,4,2,5,5,6,4,1,5,5,5,4,3,4,4,28,2,1,2,6,2,1,28,6,1,1,1,1,2, , , , , , , , , , , , , , , ,3.5,.211373613724965,-.00143193701103349,6
R_21h3k6keYFJdh49,7,6,1,1,1,7,2,6,1,1,3,1,1,7,1, ,yes,6,2,7,4,1,5,5,7,2,1,6,6,3,6,4,3,3,57,1,1,2,6,2,1,55,7,1,1,1,1,2, , , , , , , , , , , , , , , ,1.83333333333333,.490633270624504,-.100096421805489,6
R_21HXYmKtQd3jUGX,7,7,1,2,1,2,6,6,6,6,4,4,6,4,4, ,yes,6,2,6,4,2,5,5,6,2,2,6,6,7,2,2,5,5,24,1,1,2,5,2,1,24,7,1,1,1,1,2, , , , , , , , , , , , , , , ,3.91666666666667,.211373613724965,.637226807470633,6
R_22ttYfZI5QJV18k,6,6,4,6,6,4,5,5,4,6,1,2,3,6,5, ,yes,5,2,7,4,1,5,3,7,2,1,6,5,7,7,5,4,5,32,2,1,2,5,2,1,30,5,1,1,1,1,2, , , , , , , , , , , , , , , ,3.58333333333333,.185655510463351,.184958467884282,5
R_22Vost0U66aCpjt,7,7,1,5,5,2,7,2,7,1,5,5,7,5,5, ,yes,3,2,7,5,1,5,5,6,6,1,5,5,7,1,1,6,6,39,2,1,2,6,2,1,39,5,1,1,1,1,2, , , , , , , , , , , , , , , ,5.66666666666667,.379896041150338,.584324772393186,3
R_23VsHA7KOoMcgpM,5,6,2,7,7,2,7,2,7,2,7,6,6,2,7, ,yes,6,2,7,2,1,6,6,7,2,1,6,6,1,3,2,2,3,67,2,1,2,8,2,1,67,7,1,1,1,1,2, , , , , , , , , , , , , , , ,6.5,1.02381668680147,-.0308747631826639,6
R_24AxbV2xb3si98U,5,5,3,5,5,2,5,2,5,3,5,5,5,5,5, ,yes,6,2,6,3,2,5,5,7,1,1,6,6,3,5,5,2,2,41,1,1,2,6,2,1,41,7,1,1,1,1,2, , , , , , , , , , , , , , , ,5,.322110843199132,-.199182414131436,6
R_25FtfsafYpNQzGu,5,5,3,5,5,3,6,2,6,3,2,6,3,4,5, ,yes,7,2,5,3,2,5,5,7,1,2,6,6,5,3,2,4,5,21,2,1,2,6,2,1,21,6,1,1,1,1,2, , , , , , , , , , , , , , , ,4.83333333333333,.159362928681256,.512284561001295,7
R_25sBm5DRt5GSRJT,6,6,5,6,6,5,5,6,5,6,6,6,5,6,5, ,yes,5,2,5,6,5,3,4,4,6,5,4,5,6,5,5,3,3,37,1,1,2,5,2,1,37,5,1,1,1,1,2, , , , , , , , , , , , , , , ,4.41666666666667,-.993313021262921,-.794757239791699,5
R_265pCL4i7NSL4QY,5,6,2,2,1,6,7,7,6,6,2,2,6,2,2, ,yes,7,2,4,3,4,3,3,7,7,7,6,6,1,1,1,2,2,32,2,1,2,5,2,1,32,6,1,1,1,1,2, , , , , , , , , , , , , , , ,3.25,-.859826385057211,-.525357659215233,7
R_27fIUoJA4gWyieM,4,3,5,5,5,6,5,5,6,3,3,3,7,5,5, ,yes,5,2,6,2,4,5,5,6,2,3,5,5,5,3,3,5,5,61,2,1,2,6,2,1,61,5,1,1,1,2,2, , , , , , , , , , , , , , , ,4.33333333333333,.199824587909972,.190689643865424,5
R_27ImG16beX5hqgU,4,5,3,5,5,6,5,2,5,5,5,6,3,5,5, ,yes,7,2,7,4,1,6,6,7,1,1,6,6,6,2,1,5,5,54,1,1,2,6,2,1,54,6,1,1,1,1,2, , , , , , , , , , , , , , , ,4.41666666666667,.802342227853137,.810444198529143,7
R_27pV8xeZdiFZt36,6,4,1,7,7,1,6,1,7,1,7,7,7,7,7, ,yes,7,2,7,1,6,6,6,7,7,7,6,6,7,7,7,6,6,24,2,1,2,2,2,1,24,1,1,1,1,1,2, , , , , , , , , , , , , , , ,6.41666666666667,.55199520436732,-.208393383742512,7
R_28TbNfsCv7Fvvcl,6,5,2,5,5,6,6,2,6,3,5,6,5,5,3, ,yes,7,2,6,3,2,5,6,7,1,1,6,6,6,2,2,5,5,47,1,1,2,6,2,1,47,6,1,1,1,1,2, , , , , , , , , , , , , , , ,4.75,.474599723279708,.754450871474834,7
R_2b2JabvmCxaF26w,5,5,3,5,5,4,5,2,5,4,5,5,4,5,3, ,yes,6,2,6,2,2,6,6,7,1,1,6,6,6,2,3,5,5,66,2,1,2,6,2,1,66,7,1,1,1,1,2, , , , , , , , , , , , , , , ,4.5,.744557029901931,.698457544420525,6
R_2Bma7ZRnuohBG0D,4,4,4,3,3,7,3,5,4,5,3,3,3,5,3, ,yes,5,2,4,4,3,4,4,3,5,3,3,3,3,4,2,4,4,43,1,1,1,6,2,1,43,5,1,1,1,1,2, , , , , , , , , , , , , , , ,2.91666666666667,-.542342914921081,-.772462668819709,5
R_2bOYBuQWmL2QddI,5,5,3,2,2,5,5,3,4,5,3,5,3,4,5, ,yes,6,2,6,6,4,5,5,4,5,4,5,5,4,4,5,4,4,37,2,1,2,6,2,1,37,5,1,1,1,1,2, , , , , , , , , , , , , , , ,3.66666666666667,-.243124329986694,-.541313124449312,6
R_2BxHTjh4I97DIxy,5,5,1,6,6,4,6,1,6,1,6,4,5,3,6, ,yes,6,2,5,5,3,5,5,5,4,3,5,5,6,4,3,5,5,60,2,1,2,6,2,1,60,5,1,1,1,1,2, , , , , , , , , , , , , , , ,5.66666666666667,-.17862327264874,.0244874627456624,6
R_2c7KggptNkWqiAq,3,4,5,5,6,3,7,2,7,2,6,6,7,1,6, ,yes,5,2,6,5,2,5,4,6,4,1,5,5,5,6,1,4,4,36,2,1,2,6,2,1,36,2,1,1,1,1,2, , , , , , , , , , , , , , , ,6.16666666666667,-.0518524958297773,.00626162026937753,5
R_2CerJ9Veex2rhkA,4,3,5,6,6,2,6,2,6,2,6,7,6,2,6, ,yes,7,2,5,3,4,4,4,5,3,3,4,4,4,4,4,4,4,36,2,1,2,6,2,1,36,3,1,1,1,2,2, , , , , , , , , , , , , , , ,6.08333333333333,-.385369513310703,-.410901253458943,7
R_2cnpm2llDhC4Ndq,5,7,3,7,7,5,6,6,5,6,5,7,6,6,7, ,yes,7,2,5,7,1,5,5,7,3,1,6,6,7,4,7,6,6,31,2,1,1,7,2,1,31,7,1,1,1,1,2, , , , , , , , , , , , , , , ,4.91666666666667,-.167074246833746,.477783663028033,7
R_2CUPVcGipVxRAfd,6,6,2,6,5,5,5,5,4,5,3,5,5,3,5, ,yes,5,2,6,7,1,5,5,7,7,1,5,5,7,7,1,5,5,35,1,1,2,6,2,1,35,5,1,1,1,1,2, , , , , , , , , , , , , , , ,4.33333333333333,-.00432633231587031,.149397166774598,5
R_2cwRysh2viJQipZ,7,7,1,1,1,7,3,7,3,3,1,2,4,7,1, ,yes,4,2,2,5,1,3,3,7,7,1,6,6,1,7,7,1,1,48,1,1,2,6,2,1,48,5,1,1,1,1,2, , , , , , , , , , , , , , , ,2,-1.0572614458963,-.995062131051699,4
R_2e9XHKYkGTBZELF,7,7,1,6,6,7,6,7,6,6,6,3,6,6,6, ,yes,6,2,7,7,1,6,6,7,1,1,6,6,3,5,5,3,2,24,1,1,1,6,2,1,24,4,1,1,1,1,2, , , , , , , , , , , , , , , ,4.25,.470130539430638,-.126829756085146,6
R_2P7fQOsPJG3eKht,4,4,5,7,7,3,7,2,7,1,2,7,7,2,7, ,yes,6,2,6,1,2,6,6,6,1,2,6,6,6,1,1,6,6,37,2,1,2,6,2,1,37,3,1,1,1,1,2, , , , , , , , , , , , , , , ,6.25,.855294259376097,.879325268031276,6
R_2PbwL0hmFv7sEXD,5,3,6,6,6,3,6,2,6,2,6,6,5,6,5, ,yes,6,2,6,3,1,5,5,7,1,1,6,6,4,5,2,3,4,28,1,1,2,6,2,1,28,6,1,1,1,1,2, , , , , , , , , , , , , , , ,5.41666666666667,.438622585580795,.252494690444984,6
R_2pKRKLP7I5RXspr,2,2,7,7,7,1,5,1,5,1,5,7,6,1,7, ,yes,6,2,6,2,1,5,6,7,1,1,6,6,3,5,5,2,3,36,1,1,2,6,2,1,36,7,1,1,1,1,2, , , , , , , , , , , , , , , ,6.41666666666667,.701848695135537,-.125223177118286,6
R_2PqbmvWOuFAuQBE,5,6,6,6,4,5,3,4,3,3,4,3,2,5,4, ,yes,6,2,5,6,2,4,4,6,6,6,4,4,4,3,3,3,4,32,1,1,2,5,2,1,32,3,1,1,1,1,2, , , , , , , , , , , , , , , ,3.66666666666667,-.484557716969875,-.61571915687547,6
R_2pWSIlRQcvQlHcN,1,1,7,7,7,1,7,1,7,7,6,7,7,1,7, ,yes,7,2,7,1,1,6,6,7,1,1,6,6,7,1,1,6,6,29,1,1,2,2,2,1,29,7,1,1,1,1,2, , , , , , , , , , , , , , , ,6.41666666666667,1.13455391627564,1.07232863334359,7
R_2QAMvjpmxm848P2,7,7,1,5,6,4,5,4,5,6,5,4,4,5,5, ,yes,3,2,5,5,5,3,3,4,5,4,2,4,4,5,5,3,3,22,2,1,2,6,2,1,22,2,1,1,1,1,2, , , , , , , , , , , , , , , ,4.33333333333333,-1.03506467186933,-1.05012348171503,3
R_2qg8SxkMkKk9XGB,4,2,4,6,6,6,5,4,4,4,4,7,4,4,4, ,yes,7,2,2,3,3,6,6,5,4,4,4,4,7,3,4,1,1,51,2,1,2,5,2,1,51,4,1,1,1,2,2, , , , , , , , , , , , , , , ,4.5,-.133683600025401,-.712726210246379,7
R_2QLrW9FFAuepbbO,4,4,5,5,7,3,4,7,2,7,2,6,5,7,4, ,yes,5,2,4,5,5,2,3,5,4,7,4,3,5,5,5,3,4,24,1,1,2,6,2,1,27,4,1,1,1,1,2, , , , , , , , , , , , , , , ,3.58333333333333,-1.35703266353526,-.876785259973428,5
R_2QYSXHDxoxcmW1g,3,1,5,7,6,2,6,1,5,6,1,6,6,1,5, ,yes,7,2,6,1,1,6,5,6,1,1,6,6,5,4,6,2,2,26,2,1,2,6,2,1,26,4,1,1,1,1,2, , , , , , , , , , , , , , , ,5.33333333333333,.819317121677184,-.151513471388998,7
R_2QzDjWxj3CotkOy,4,4,4,5,5,2,6,3,6,2,4,6,6,3,5, ,yes,5,2,3,5,5,2,2,5,5,4,3,3,3,5,4,3,3,33,2,1,2,6,2,1,33,5,1,1,1,1,2, , , , , , , , , , , , , , , ,5.41666666666667,-1.67226945813371,-.986476356475773,5
R_2ru3SA3KDifv716,7,7,1,7,7,1,7,1,7,1,7,7,7,1,7, ,Yes,6,2,7,7,1,5,5,1,1,1,1,1,7,7,1,6,6,29,1,1,2,6,2,1,29,5,1,1,1,2,2, , , , , , , , , , , , , , , ,7,.158421582202005,-.479089188849761,6
R_2SCuPFIbDip96ek,5,5,3,5,5,3,6,2,6,1,5,5,5,5,3, ,yes,7,2,6,4,1,5,5,5,4,1,5,5,5,3,1,4,4,53,2,1,2,6,2,1,53,6,1,1,1,2,2, , , , , , , , , , , , , , , ,5.08333333333333,.327885356106629,.0873650042125189,7
R_2SHvvyHqVK6mVEk,5,5,3,5,5,4,5,4,5,3,5,5,5,4,5, ,yes,6,2,4,3,5,3,3,6,3,4,4,4,5,3,5,4,4,22,2,1,2,3,2,1,20,5,1,1,1,1,2, , , , , , , , , , , , , , , ,4.75,-.976338127438874,-.330226892131316,6
R_2SirWOFMxg9si23,7,7,1,7,7,4,7,4,7,1,7,4,7,1,7, ,yes,7,2,7,7,1,6,6,7,4,1,6,6,7,1,1,6,6,27,2,1,1,6,2,1,27,2,1,1,1,1,2, , , , , , , , , , , , , , , ,6.25,.470130539430638,.919110589222496,7
R_2SizZog00vJ11BU,5,5,3,6,6,4,5,5,4,5,3,5,5,4,5, ,yes,6,2,6,3,3,5,5,6,4,4,4,4,4,4,4,4,4,37,2,1,2,2,2,1,37,3,1,1,1,1,2, , , , , , , , , , , , , , , ,4.41666666666667,.205599100817468,-.440878786205714,6
R_2SquiqjCMlEw2tr,7,7,1,5,3,5,3,4,4,4,3,2,2,6,4, ,yes,6,2,7,1,1,6,6,7,1,1,6,6,1,1,7,1,1,32,1,1,2,6,2,1,32,6,1,1,1,1,2, , , , , , , , , , , , , , , ,3.25,1.13455391627564,-.375746752324891,6
R_2tbdBKRYHm0WP5L,2,1,7,7,7,1,7,1,7,1,7,7,7,1,7, ,yes,6,2,7,1,1,6,6,7,1,1,6,6,6,1,1,6,6,35,2,1,2,3,2,1,35,6,1,1,1,2,2, , , , , , , , , , , , , , , ,7,1.13455391627564,1.00890264200268,6
R_2Todo4x6JYTj6Y3,4,4,2,6,7,3,6,3,6,2,7,7,6,2,6, ,yes,5,2,6,5,1,5,4,7,4,2,5,5,4,5,2,3,3,36,2,1,2,6,2,1,36,5,1,1,1,1,2, , , , , , , , , , , , , , , ,6.08333333333333,.0646592465518858,-.186227896144245,5
R_2toov9MaPoByrXy,4,5,2,5,5,3,5,3,5,5,5,5,5,3,3, ,yes,7,2,7,7,3,6,6,7,4,5,6,6,6,3,5,3,4,23,2,1,2,6,2,1,23,7,1,1,1,1,2, , , , , , , , , , , , , , , ,4.66666666666667,.237107054667311,-.0545227060179806,7
R_2TTLS74q7yM8lgp,5,6,4,4,6,6,5,4,6,5,6,6,4,4,5, ,yes,5,2,5,6,6,3,4,6,4,5,2,3,6,4,3,2,4,26,2,1,2,6,2,1,26,3,1,1,1,1,2, , , , , , , , , , , , , , , ,4.58333333333333,-1.10982476364458,-.690807958521876,5
R_2tyZDTwq1Kek5Pl,6,6,2,7,7,1,7,1,7,1,3,7,7,2,7, ,yes,7,2,7,3,1,6,6,7,1,1,6,6,4,5,3,4,4,41,2,1,2,6,2,1,41,7,1,1,1,1,2, , , , , , , , , , , , , , , ,6.58333333333333,.913079457327303,.268854021436966,7
R_2uQe9UHzawl0CZh,4,3,4,2,1,6,1,6,2,1,1,2,5,6,3, ,yes,6,2,6,3,1,5,5,7,2,1,6,6,5,5,3,4,4,24,1,1,2,6,2,1,24,5,1,1,1,1,2, , , , , , , , , , , , , , , ,2.5,.438622585580795,.281207331404173,6
R_2uWffIplUJodUJy,5,6,2,5,6,4,5,6,5,1,4,7,4,3,5, ,yes,7,2,7,5,1,6,4,7,1,1,6,6,2,7,7,2,3,28,2,1,2,6,2,1,28,7,1,1,1,1,2, , , , , , , , , , , , , , , ,4.91666666666667,.386627238217818,-.404928919396015,7
R_2VaQGqRRlNbswzj,3,4,4,5,5,5,4,3,5,4,5,2,7,3,5, ,yes,7,2,6,3,1,5,4,6,2,1,5,6,3,4,4,3,3,23,2,1,2,6,2,1,23,7,1,1,1,1,2, , , , , , , , , , , , , , , ,4.58333333333333,.286133705500218,-.147663446781168,7
R_2VdyR1QdVrtTQRl,5,5,2,2,2,6,6,6,3,6,3,3,5,5,3, ,yes,5,2,5,2,6,4,4,3,2,4,4,4,3,5,6,3,2,27,1,1,2,5,2,1,27,5,1,1,1,1,2, , , , , , , , , , , , , , , ,3,-.507655768599863,-1.01257253329204,5
R_2vk8OOabG68JgUj,6,6,2,1,1,7,1,7,1,1,1,1,1,7,1, ,yes,7,2,7,1,1,6,6,7,1,1,6,6,4,5,5,3,2,61,1,1,1,7,2,1,0,7,1,1,1,1,2, , , , , , , , , , , , , , , ,1.5,1.13455391627564,-.0634037647442403,7
R_2VkWpCWDFZkVy0r,6,6,2,6,6,2,6,2,6,6,7,7,6,2,6, ,yes,5,2,6,2,6,5,5,7,2,2,6,6,5,3,4,3,3,31,2,1,2,2,2,1,25,6,1,1,1,1,2, , , , , , , , , , , , , , , ,5.83333333333333,-.0331988968533549,.128954093446391,5
R_2wgnqUn2FUkG9V8,6,7,1,3,6,1,7,6,7,5,1,6,7,1,1, ,yes,7,2,7,6,7,2,1,7,7,1,6,6,7,1,1,6,6,40,2,1,2,6,2,1,40,7,1,1,1,1,2, , , , , , , , , , , , , , , ,4.75,-1.51752739438028,.765892545101401,7
R_2WHcRcmtJ8IvGB4,6,7,1,5,6,3,6,2,6,2,6,7,4,2,6, ,yes,7,2,4,6,2,3,1,1,7,1,3,1,4,4,1,4,5,27,1,1,2,6,2,1,27,5,1,1,1,1,2, , , , , , , , , , , , , , , ,5.75,-1.26399234887754,-.884980437968653,7
R_2wNOfx1Gvktx6PZ,5,5,2,6,6,5,7,3,6,3,5,5,6,3,5, ,yes,5,2,6,3,2,4,4,7,1,1,5,5,5,1,2,4,5,41,1,1,2,6,2,1,41,5,1,1,1,1,2, , , , , , , , , , , , , , , ,5.33333333333333,.010401885970499,.513514577718997,5
R_2wS11jhs8nAcGJo,3,2,6,6,6,4,5,3,5,4,3,5,6,3,6, ,yes,7,2,7,1,1,6,6,7,1,1,6,6,7,1,1,6,6,23,2,1,2,6,2,1,23,5,1,1,1,1,2, , , , , , , , , , , , , , , ,5,1.13455391627564,1.07232863334359,7
R_2WTgRoWtEbQkmH3,5,5,3,6,6,2,7,2,7,1,5,6,5,3,7, ,yes,6,2,5,3,1,4,4,7,1,1,6,6,7,2,1,4,4,29,1,1,2,6,2,1,29,7,1,1,1,1,2, , , , , , , , , , , , , , , ,6.08333333333333,-.0358342861657132,.727558294810609,6
R_2WTsCq94e1XLp9W,5,7,3,5,6,2,7,1,7,2,6,6,6,1,7, ,yes,5,2,5,3,5,2,2,3,5,4,3,2,4,3,7,4,4,32,1,1,1,6,1,1,32,4,1,1,1,1,2, , , , , , , , , , , , , , , ,6.33333333333333,-1.12529917014963,-1.07187820928651,5
R_2Xh5BADXM6EVJYb,3,3,6,6,6,3,6,2,5,4,4,6,4,3,6, ,yes,7,2,5,4,2,5,4,7,5,1,6,6,7,2,3,4,4,32,2,1,2,6,2,1,32,4,1,1,1,1,2, , , , , , , , , , , , , , , ,5.25,-.103863180873486,.411280915207199,7
R_2Y5tFwyvpbn03H5,5,5,3,2,2,5,6,3,6,2,3,3,6,6,5, ,yes,6,2,5,3,3,4,4,5,3,3,4,4,5,3,3,4,4,61,2,1,2,6,2,1,61,5,1,1,1,1,2, , , , , , , , , , , , , , , ,4.08333333333333,-.26885777092904,-.239335386649626,6
R_2Ycdx7LtE6zBUwB,5,5,3,5,5,6,5,5,5,4,2,4,3,5,5, ,yes,7,2,7,1,1,6,6,7,1,1,6,6,6,2,1,5,5,36,1,1,2,6,2,1,36,6,1,1,1,1,2, , , , , , , , , , , , , , , ,3.83333333333333,1.13455391627564,.810444198529143,7
R_2Yn9DnOVrXOjCNQ,3,3,5,6,6,5,6,5,6,4,4,6,7,3,6, ,yes,7,2,5,3,1,6,6,7,2,1,6,6,5,2,1,5,5,29,2,1,2,6,2,1,29,4,1,1,1,1,2, , , , , , , , , , , , , , , ,5.16666666666667,.587583628291552,.695945525814539,7
R_2YRjTuJqeiRL8XZ,5,5,2,5,6,4,6,6,7,2,4,7,7,2,6, ,Yes,5,2,7,3,4,4,4,7,1,3,6,6,5,6,6,5,5,39,1,1,2,6,2,1,39,6,1,1,1,1,2, , , , , , , , , , , , , , , ,5.5,-.059873684274952,.1499831529158,5
R_2zTs7Qndb0CkvAf,7,7,1,7,7,5,7,1,7,1,7,7,7,2,7, ,yes,4,2,7,3,1,5,5,4,5,3,2,3,1,7,5,1,2,32,1,1,2,6,2,1,32,7,1,1,1,1,2, , , , , , , , , , , , , , , ,6.58333333333333,.60137050009867,-1.58989832527747,4
R_2zU4ybbfoshoKwo,6,6,2,6,6,2,6,2,6,2,4,6,6,2,6, ,yes,6,2,5,6,3,4,4,5,4,2,4,4,3,6,5,3,3,55,2,1,2,6,2,1,55,6,1,1,1,1,2, , , , , , , , , , , , , , , ,5.83333333333333,-.601069459351538,-.777757132443261,6
R_30l673VTJ7byUOO,5,5,4,5,4,5,5,3,5,5,4,5,5,5,5, ,Yes,7,2,1,3,6,5,4,7,1,1,6,6,4,5,3,4,3,50,1,1,2,6,2,1,49,7,1,1,1,1,2, , , , , , , , , , , , , , , ,4.33333333333333,-1.11016457899747,.194894784423816,7
R_3200epzZOR2cVSr,4,4,4,7,7,3,7,1,7,4,7,7,7,7,7, ,yes,7,2,7,7,7,6,6,7,7,7,6,6,3,4,4,4,4,37,1,1,2,6,1,1,37,4,1,1,1,1,2, , , , , , , , , , , , , , , ,6.08333333333333,-.228939914859341,-.430301512819778,7
R_33cXt6GOJpHGju2,4,4,4,2,2,5,4,6,4,4,2,2,4,4,2, ,yes,5,2,6,2,3,5,5,7,1,1,6,6,4,4,4,3,3,28,1,1,2,2,2,1,28,5,1,1,1,1,2, , , , , , , , , , , , , , , ,2.91666666666667,.316336330291635,.118695347737321,5
R_3D89LC9Ymx7xocH,7,7,1,2,3,5,3,5,2,6,3,2,4,6,2, ,yes,6,2,5,6,3,3,3,5,3,2,4,4,2,6,4,3,3,51,1,1,2,6,2,1,51,7,1,1,1,1,2, , , , , , , , , , , , , , , ,2.58333333333333,-.912778416580171,-.73411711535616,6
R_3F3ws01ynmKZZyr,7,6,2,6,6,3,7,2,7,3,3,6,7,2,6, ,yes,6,2,3,4,2,3,4,5,3,2,4,4,4,5,2,4,4,46,2,1,2,6,2,1,46,4,1,1,1,1,2, , , , , , , , , , , , , , , ,5.83333333333333,-.74779916420535,-.296820035092189,6
R_3fCTJOXTRqzMsth,6,6,2,5,6,4,6,3,6,2,4,7,6,3,5, ,yes,6,2,5,5,2,4,5,7,5,1,5,5,2,6,2,3,4,25,2,1,2,8,2,1,25,6,1,1,1,1,2, , , , , , , , , , , , , , , ,5.41666666666667,-.221331607415133,-.288098758928468,6
R_3flCzZFlZXVrtMn,7,7,1,6,7,1,6,1,7,1,6,7,6,1,6, ,yes,7,2,6,6,6,6,3,7,7,1,6,6,7,7,1,6,6,38,2,1,2,6,2,1,38,7,1,1,1,1,2, , , , , , , , , , , , , , , ,6.58333333333333,-.621905497763117,.453013254616782,7
R_3fO7fpnXWTjM0bs,7,7,1,7,7,2,7,1,7,1,1,6,6,5,3, ,yes,4,2,5,7,2,5,5,6,2,2,5,5,5,2,2,5,5,35,2,1,2,6,2,1,35,6,1,1,1,1,2, , , , , , , , , , , , , , , ,5.58333333333333,-.283585989215409,.353070632006076,4
R_3FXSnaZMg3kd57m,6,2,6,6,6,6,6,3,6,6,6,6,6,3,6, ,yes,5,2,7,1,1,6,5,7,1,2,6,6,7,1,1,6,4,33,1,1,2,5,2,1,33,7,1,1,1,1,2, , , , , , , , , , , , , , , ,5.16666666666667,.982065036195059,.870169046645051,5
R_3GdFJ7SDURlrD5x,5,6,2,5,5,6,4,5,3,4,3,4,5,3,5, ,yes,6,2,7,4,2,6,5,7,3,4,6,6,4,4,4,4,4,34,2,1,2,6,2,1,34,2,1,1,1,1,2, , , , , , , , , , , , , , , ,4,.533341605390897,.000138542032641964,6
R_3Gkd3GUy1oWEXG7,5,5,3,3,3,5,4,6,3,6,3,5,3,5,3, ,yes,6,2,6,3,2,5,5,6,2,2,5,5,3,5,5,3,3,28,1,1,1,5,2,1,28,4,1,1,1,1,2, , , , , , , , , , , , , , , ,3.08333333333333,.322110843199132,-.390824767199848,6
R_3h9B6e0VL0GoS4y,4,3,5,6,6,6,4,4,6,4,4,4,5,5,5, ,yes,6,2,7,7,1,6,6,7,7,1,6,6,5,7,4,4,2,34,1,1,2,5,2,1,34,5,1,1,1,1,2, , , , , , , , , , , , , , , ,4.41666666666667,.470130539430638,-.282360973373132,6
R_3hAWhxp62zh6T6J,6,6,5,6,5,5,6,4,5,5,4,5,5,5,4, ,yes,5,2,3,4,5,3,3,5,4,5,3,3,4,3,5,2,3,40,1,1,2,5,2,1,40,4,1,1,1,1,2, , , , , , , , , , , , , , , ,4.41666666666667,-1.24982327143092,-.950271684705802,5
R_3hGtCX2et2iBNyG,5,6,3,6,7,3,6,2,7,3,5,7,6,6,5, ,yes,7,2,5,6,2,6,6,6,2,1,6,6,3,5,4,3,2,31,2,1,2,6,2,1,31,6,1,1,1,1,2, , , , , , , , , , , , , , , ,5.58333333333333,.13886019748739,-.197245371703704,7
R_3HNU9XhSx44ISCQ,6,6,2,5,7,3,6,4,5,3,5,7,6,3,6, ,yes,6,2,6,6,5,5,5,7,1,3,6,6,4,6,4,3,4,28,1,1,2,2,2,1,28,7,1,1,1,1,2, , , , , , , , , , , , , , , ,5.5,-.359636072368357,-.0201207374222169,6
R_3I3OhPvyTuyqAHy,7,7,1,4,4,4,5,4,3,6,4,4,5,4,4, ,yes,5,2,7,4,1,5,5,7,2,1,5,5,6,2,1,5,5,37,1,1,2,2,2,1,37,6,1,1,1,1,2, , , , , , , , , , , , , , , ,3.91666666666667,.490633270624504,.602067324372699,5
R_3iVhxGQZupL1vS4,4,2,5,3,2,6,2,5,1,7,2,1,5,6,2, ,yes,7,2,6,5,3,5,5,7,2,2,6,6,5,3,3,5,5,54,1,1,2,6,2,1,54,7,1,1,1,1,2, , , , , , , , , , , , , , , ,2.16666666666667,-.0158753581308641,.477571210619578,7
R_3J2ikE4glnsVj5e,4,3,4,3,4,4,4,4,3,3,4,4,3,4,4, ,yes,6,2,4,3,4,4,3,5,3,4,4,5,5,4,3,4,3,28,2,1,2,6,2,1,28,4,1,1,1,1,2, , , , , , , , , , , , , , , ,3.83333333333333,-.700606307909155,-.338901952471091,6
R_3j8nVqYKVw9C9sP,3,4,4,5,6,4,5,4,6,3,5,5,6,5,6, ,yes,6,2,5,5,3,4,4,5,5,3,4,4,4,5,3,4,4,22,1,1,2,8,2,1,22,5,1,1,1,1,2, , , , , , , , , , , , , , , ,5,-.490332229877372,-.509199837566135,6
R_3jVWhpPKIYxohzg,4,5,3,3,3,5,5,5,5,2,2,2,5,2,3, ,Yes,7,2,7,2,1,6,6,7,1,1,6,6,2,6,4,2,3,43,2,1,1,6,2,1,38,7,1,1,1,2,2, , , , , , , , , , , , , , , ,3.83333333333333,1.02381668680147,-.184802389818986,7
R_3kha9NhK0aeh60r,5,5,2,5,5,6,5,3,5,3,3,5,3,3,5, ,yes,5,2,5,3,3,4,4,7,1,1,6,6,5,3,3,4,4,31,2,1,2,6,2,1,31,3,1,1,1,1,2, , , , , , , , , , , , , , , ,4.41666666666667,-.26885777092904,.436573109606077,5
R_3kLYeYBrV1Gw2sX,4,5,4,6,6,5,5,5,4,4,6,6,6,3,6, ,yes,6,2,7,1,1,6,6,7,1,1,6,6,7,2,1,6,6,32,2,1,2,6,2,1,32,5,1,1,1,1,2, , , , , , , , , , , , , , , ,5,1.13455391627564,1.02018208492949,6
R_3koaDKHPRJcbMCh,7,7,1,1,1,1,7,1,7,7,1,7,7,7,1, ,yes,7,2,7,7,1,6,6,7,1,1,6,6,7,1,1,6,6,29,2,1,2,6,2,1,29,6,1,1,1,1,2, , , , , , , , , , , , , , , ,4,.470130539430638,1.07232863334359,7
R_3KW9AMhZE7qUX9J,7,6,2,7,7,4,7,1,6,6,7,6,7,3,7, ,yes,4,2,4,4,5,3,3,4,5,5,3,3,5,2,2,5,5,64,1,1,2,6,2,1,64,7,1,1,1,1,2, , , , , , , , , , , , , , , ,6,-1.08707535691304,-.428151658295566,4
R_3KYDvf60LUTB9Lw,3,6,5,7,7,1,6,1,6,2,6,7,7,1,7, ,yes,6,2,6,5,2,5,2,5,6,1,6,5,3,5,3,4,4,34,2,1,2,6,2,1,34,5,1,1,1,1,2, , , , , , , , , , , , , , , ,6.66666666666667,-.35683025599093,-.281388231648796,6
R_3lKZB62OCs47ne8,4,5,3,7,7,2,6,1,6,2,7,6,7,1,7, ,Yes,7,2,5,5,3,3,3,5,3,3,4,4,5,3,3,4,4,38,2,1,2,6,2,1,38,5,1,1,1,2,2, , , , , , , , , , , , , , , ,6.58333333333333,-.802041187106005,-.239335386649626,7
R_3Mhh6XjXcyDAm0h,4,5,3,5,4,3,6,4,6,2,4,5,6,4,4, ,yes,6,2,7,2,1,5,5,6,2,1,6,6,6,2,2,4,5,33,1,1,2,3,2,1,33,7,1,1,1,1,2, , , , , , , , , , , , , , , ,4.91666666666667,.712107729572837,.555689270755678,6
R_3Mzp8W7n51n95GP,5,5,3,6,6,3,5,2,5,3,5,6,4,3,6, ,yes,6,2,5,3,2,4,5,6,2,1,5,5,3,6,2,2,2,55,1,1,2,6,2,1,55,5,1,1,1,1,2, , , , , , , , , , , , , , , ,5.33333333333333,.000142851533199995,-.367062116838224,6
R_3negYErDlOeqRhI,5,6,3,6,6,2,5,2,5,3,6,7,3,2,6, ,yes,6,2,5,3,1,6,6,5,4,1,5,6,3,6,4,2,3,51,1,1,2,6,2,1,51,7,1,1,1,1,2, , , , , , , , , , , , , , , ,5.58333333333333,.587583628291552,-.501790825702228,6
R_3OifSBNVaTXK5tj,5,6,3,1,1,1,6,2,5,6,2,6,6,2,2, ,yes,5,2,6,4,5,3,4,5,5,6,2,3,5,5,5,2,4,34,2,1,3,5,2,1,34,4,1,1,1,1,2, , , , , , , , , , , , , , , ,4.16666666666667,-.609090647796713,-1.09901720773061,5
R_3oZ9vGsUUpftLlT,4,7,1,7,7,1,7,1,7,7,7,7,7,7,7, ,yes,3,2,4,6,1,5,5,7,1,1,6,6,4,4,4,4,4,39,2,1,2,6,2,1,39,4,1,1,1,1,2, , , , , , , , , , , , , , , ,6,-.219084931877455,.26500724279676,3
R_3PczADnuJ0bQIeF,5,5,3,3,2,4,5,5,5,2,4,6,4,3,4, ,yes,6,2,5,5,2,4,5,6,3,1,5,5,4,4,3,4,4,53,2,1,2,6,2,1,53,5,1,2,1,1,2, , , , , , , , , , , , , , , ,4.25,-.221331607415133,-.0137852469782409,6
R_3PvtREveANjPu1d,5,6,3,6,6,3,6,2,6,2,6,6,6,2,6, ,yes,7,2,5,5,1,5,4,7,1,7,6,6,5,3,2,4,4,56,1,1,2,6,2,1,56,6,1,1,1,1,2, , , , , , , , , , , , , , , ,5.91666666666667,-.0980886679659896,.167119760626943,7
R_3q9Ilb06awNrWN7,5,7,4,5,7,1,7,1,6,1,6,7,5,1,7, ,yes,7,2,7,7,1,6,6,7,7,1,6,6,7,7,1,6,6,29,2,1,1,6,2,1,29,3,1,1,1,1,2, , , , , , , , , , , , , , , ,6.5,.470130539430638,.453013254616782,7
R_3QRHaj2E9KdcwCY,7,7,1,4,4,6,6,4,4,4,3,3,7,4,4, ,yes,5,2,7,1,4,5,6,7,1,1,6,6,7,1,1,6,6,28,1,1,2,6,2,1,28,1,1,1,1,1,2, , , , , , , , , , , , , , , ,4.08333333333333,.62579861198259,1.07232863334359,5
R_3qVYi9dYeK4UovO,5,5,3,6,6,4,6,3,6,3,5,7,6,3,5, ,yes,7,2,5,5,3,5,4,6,5,3,6,5,4,4,5,2,2,27,2,1,2,6,2,1,27,6,1,1,1,1,2, , , , , , , , , , , , , , , ,5.5,-.331112152729316,-.552499418792897,7
R_3s1j7SBH8Do8eLb,5,6,2,3,2,5,6,5,6,3,2,6,7,5,4, ,yes,6,2,6,7,5,3,2,6,4,3,4,4,6,3,2,5,5,22,1,1,1,6,2,1,22,6,1,1,1,1,2, , , , , , , , , , , , , , , ,4.16666666666667,-1.24628009638037,.050659406730497,6
R_3syKYkIVdnFTFwU,7,6,1,3,4,4,6,5,6,1,1,2,6,1,2, ,yes,7,2,6,2,3,5,5,7,2,1,6,6,2,5,4,3,2,25,1,1,2,2,2,1,25,7,1,1,1,1,2, , , , , , , , , , , , , , , ,4.25,.316336330291635,-.185335101745441,7
R_3Uj3o9gch8YyHNH,7,7,1,5,5,4,5,2,5,3,5,5,6,3,5, ,yes,7,2,7,2,1,5,5,7,1,1,6,6,4,1,1,4,5,66,2,1,2,6,2,1,66,4,1,1,1,1,2, , , , , , , , , , , , , , , ,5.08333333333333,.712107729572837,.663386106215145,7
R_3WTxkZEZEDpXCqB,6,5,3,5,5,3,3,2,3,5,6,5,5,3,5, ,yes,5,2,6,5,3,4,4,5,5,2,4,4,4,4,3,3,3,35,1,1,2,6,2,1,35,3,1,1,1,1,2, , , , , , , , , , , , , , , ,4.66666666666667,-.327584315359497,-.54912407153923,5
R_40mC7KR4VtLc2hb,6,6,2,5,5,3,4,2,4,4,6,5,5,6,6, ,yes,7,2,7,6,1,5,6,7,5,1,5,5,6,7,2,5,5,58,1,1,1,1,2,1,58,3,1,1,1,1,2, , , , , , , , , , , , , , , ,4.75,.421647691756748,.13212321112678,7
R_4Yki2z9B9dUbnvX,5,5,2,6,7,4,6,2,7,2,5,6,7,2,5, ,yes,7,2,6,6,2,5,5,7,2,1,6,6,4,4,2,3,3,34,2,1,2,6,2,1,34,7,1,1,1,1,2, , , , , , , , , , , , , , , ,5.91666666666667,-.0101008452233672,.17960932047224,7
R_56Il2XOIXPXDzJn,6,5,6,5,3,4,7,3,6,2,7,6,3,5,7, ,yes,6,2,3,5,3,5,2,6,2,5,2,5,7,2,3,6,5,26,1,1,2,3,2,1,26,6,1,1,1,1,2, , , , , , , , , , , , , , , ,5.16666666666667,-.96158574192622,.103987026148997,6
R_6mVeTkcRBBq6jex,5,7,1,6,6,2,5,5,4,3,2,2,6,2,2, ,yes,4,2,6,1,1,5,5,5,2,1,5,5,4,4,4,3,3,29,1,1,2,6,2,2,29,4,1,1,1,1,2, , , , , , , , , , , , , , , ,4.41666666666667,.660097044529127,-.240354049017458,4
R_6rl0aF4e0mF6omd,5,6,1,7,6,2,6,1,6,2,5,6,7,1,7, ,yes,7,2,6,2,4,5,5,7,1,2,6,6,6,1,3,5,5,44,2,1,2,6,2,1,44,6,1,1,1,1,2, , , , , , , , , , , , , , , ,6.33333333333333,.199824587909972,.696362980162388,7
R_8phwwcnBKGkSefT,5,5,6,5,6,4,6,5,4,5,5,4,4,5,6, ,yes,5,2,5,4,5,3,4,5,4,5,3,4,5,4,4,3,4,25,1,1,2,6,2,1,25,5,1,1,1,1,2, , , , , , , , , , , , , , , ,4.41666666666667,-.771838562314588,-.655906687387224,5
R_9mXtbMyCuFmyXQJ,5,4,2,5,4,4,5,5,6,5,4,3,5,5,5, ,yes,6,2,3,3,3,2,2,2,4,3,4,4,3,4,3,3,4,22,1,1,2,6,2,1,22,3,1,1,1,1,2, , , , , , , , , , , , , , , ,4.16666666666667,-1.21777151442206,-.767768041063032,6
R_AdN0LrVfScQsTYt,5,6,2,5,6,4,5,2,5,2,1,5,4,4,5, ,yes,7,2,4,6,1,5,5,7,7,1,6,6,4,5,4,4,3,30,1,1,2,6,2,1,30,3,1,1,1,1,2, , , , , , , , , , , , , , , ,4.66666666666667,-.219084931877455,-.167534630872682,7
R_ANYVtPE8S1ty4Ol,6,6,2,2,2,6,6,5,5,4,2,4,5,4,2, ,yes,5,2,6,3,2,6,5,7,2,1,6,6,5,3,1,5,5,38,1,1,2,6,2,1,38,5,1,1,1,1,2, , , , , , , , , , , , , , , ,3.41666666666667,.481330920347188,.643798977400435,5
R_Ap755HZDmsEeBC9,6,6,2,6,6,5,5,4,5,3,4,3,3,5,3, ,Yes,7,2,6,3,2,5,5,7,2,1,6,6,6,2,4,4,3,39,2,1,2,6,2,1,39,6,1,1,1,2,2, , , , , , , , , , , , , , , ,4.16666666666667,.322110843199132,.37112040391993,7
R_bkf5eb6mnlcqLrb,5,5,3,6,6,3,6,2,6,3,6,6,5,5,7, ,yes,6,2,6,4,2,6,6,7,1,1,6,6,6,3,5,4,4,35,1,1,2,6,2,1,35,6,1,1,1,1,2, , , , , , , , , , , , , , , ,5.58333333333333,.523082570953598,.388012446838366,6
R_bxgt3GcBOGjnC6t,5,6,2,5,5,6,3,3,3,6,5,3,4,2,5, ,yes,7,2,7,1,1,6,6,7,1,1,6,6,5,4,2,4,4,65,2,1,2,6,2,1,65,7,1,1,1,1,2, , , , , , , , , , , , , , , ,4,1.13455391627564,.440419888246283,7
R_BYaqk34aYxspopr,4,5,2,6,6,6,6,4,4,4,4,5,5,5,5, ,Yes,6,2,5,4,4,4,3,7,7,7,5,3,6,6,6,4,2,42,2,1,2,6,2,1,42,7,1,1,1,1,2, , , , , , , , , , , , , , , ,4.5,-.648595622865445,-.923086621098985,6
R_cvdk3r8AgB0aOqZ,6,5,3,6,3,4,6,5,4,3,5,6,4,3,6, ,yes,6,2,6,5,4,2,3,5,3,5,2,3,6,6,4,4,2,24,1,1,2,6,2,1,24,3,1,1,1,1,2, , , , , , , , , , , , , , , ,4.75,-.915025092117849,-.87857112026358,6
R_d1gMXNXphIL3QHf,7,7,1,5,6,2,7,1,7,7,7,7,7,2,7, ,yes,7,2,6,7,7,6,6,7,3,3,6,6,7,1,2,6,5,26,1,1,2,6,2,1,26,5,1,1,1,1,2, , , , , , , , , , , , , , , ,6.08333333333333,-.391687829377217,.731748481184255,7
R_e34jZR4FcfeEFix,5,4,3,5,3,4,5,6,4,5,6,5,4,4,4, ,yes,2,2,4,3,4,3,4,3,3,2,2,3,4,5,4,4,3,27,2,1,2,5,2,1,27,4,1,1,1,1,2, , , , , , , , , , , , , , , ,4.08333333333333,-.707337504976634,-.867266502099753,2
R_eQYtqVO5n8MTYkh,5,5,2,6,7,2,7,1,7,2,4,7,7,3,5, ,yes,6,2,5,5,2,4,4,5,3,2,5,5,4,5,6,2,2,35,2,1,1,6,2,1,35,6,1,1,1,1,2, , , , , , , , , , , , , , , ,6.16666666666667,-.373820487495709,-.656112940645556,6
R_eV53lsoNRWSeva9,7,7,1,7,7,1,7,7,7,2,7,7,6,7,7, ,yes,7,2,7,1,1,6,6,7,1,1,6,6,7,1,1,6,6,34,2,1,2,6,2,1,34,5,1,1,1,1,2, , , , , , , , , , , , , , , ,5.83333333333333,1.13455391627564,1.07232863334359,7
R_O1NRCe2MTtBusXD,5,5,3,7,7,2,7,1,7,2,2,7,7,1,7, ,Yes,7,2,6,2,1,6,6,7,1,1,6,6,7,1,1,6,6,29,1,1,2,6,2,1,29,7,1,1,1,1,2, , , , , , , , , , , , , , , ,6.41666666666667,.861068772283594,1.07232863334359,7
R_OoKFJtoXl6VL09r,6,7,1,3,3,7,7,2,6,2,3,5,7,3,3, ,yes,5,2,7,2,2,6,6,7,1,1,6,6,5,3,3,4,4,26,1,1,2,3,2,1,24,6,1,1,1,1,2, , , , , , , , , , , , , , , ,4.58333333333333,.907304944419806,.436573109606077,5
R_OQg2zNBOCgbyr7z,5,6,3,6,6,2,7,3,6,2,5,7,7,2,5, ,yes,6,2,6,2,2,5,5,3,5,6,2,2,5,4,3,4,4,25,1,1,2,5,2,1,25,4,1,1,1,1,2, , , , , , , , , , , , , , , ,6,.432848072673298,-1.02163154399167,6
R_pxWSaBJyKVe3mN3,5,6,2,7,7,1,7,1,7,1,7,6,7,2,7, ,yes,7,2,7,7,1,6,6,7,1,1,6,6,1,7,7,1,1,52,2,1,2,6,2,1,52,7,1,1,1,1,2, , , , , , , , , , , , , , , ,6.83333333333333,.470130539430638,-.68862604280951,7
R_QoyREWBKFhNSXcd,3,3,4,6,5,5,6,5,6,5,4,7,6,2,6, ,yes,5,2,4,4,4,4,4,5,7,3,5,5,4,7,3,4,4,31,2,1,2,6,2,1,31,6,1,1,1,1,2, , , , , , , , , , , , , , , ,5.08333333333333,-.658854657302745,-.558334104358992,5
R_qw28iEDa9ghK2yZ,6,6,3,6,6,4,5,4,5,5,4,6,5,4,5, ,yes,4,2,5,4,3,4,4,4,4,3,3,4,5,4,3,4,4,53,2,2,2,2,2,2,13,4,1,1,1,1,2, , , , , , , , , , , , , , , ,4.75, , ,4
R_r8B8JF4jI4CMIo1,4,4,4,6,6,3,5,2,4,4,5,6,4,3,6, ,yes,6,2,5,4,3,4,4,5,4,3,4,4,5,4,2,4,4,30,1,1,2,6,2,1,30,5,1,1,1,1,2, , , , , , , , , , , , , , , ,5.16666666666667,-.379595000403206,-.286561289383119,6
R_RDGKTVYk6PMenCx,5,5,6,7,6,5,5,5,6,6,4,5,6,4,6, ,yes,7,2,7,4,2,5,5,7,3,2,5,5,5,4,4,4,3,29,1,1,1,1,2,1,29,6,1,1,1,1,2, , , , , , , , , , , , , , , ,4.75,.374121528242841,-.0592166710778658,7
R_rlKUdM43lGYhj1v,5,4,3,5,3,5,6,5,4,6,5,5,3,5,4, ,yes,6,2,4,5,3,4,3,5,3,4,5,5,5,3,4,2,3,24,1,1,1,1,2,1,24,1,1,1,1,1,2, , , , , , , , , , , , , , , ,3.83333333333333,-.805569024475824,-.410930186699159,6
R_SMHgkdRv3F8HBLz,5,5,5,3,4,4,4,4,4,4,4,6,6,6,6, ,yes,6,2,5,4,5,2,2,5,3,3,3,3,5,3,5,2,3,22,2,1,2,6,2,1,22,6,1,1,1,1,2, , , , , , , , , , , , , , , ,4.25,-1.2360363996238,-.727290786646717,6
R_SN7HTqK8MEBXG5b,5,5,3,6,6,5,6,2,5,4,4,4,7,3,5, ,yes,6,2,5,3,4,6,6,7,1,4,6,6,7,1,4,6,6,54,2,1,2,6,2,2,19,6,1,1,1,1,2, , , , , , , , , , , , , , , ,5.08333333333333,.238048401146563,.741625314163943,6
R_T2gitgHUSiyw63L,6,7,1,6,6,2,6,2,6,6,5,6,6,2,6, ,yes,6,2,6,6,4,6,6,7,4,4,6,6,7,7,4,1,1,38,1,1,2,2,2,1,20,6,1,1,1,1,2, , , , , , , , , , , , , , , ,5.58333333333333,.0685846272419391,-.456031495738966,6
R_TbcqOw1DrXDadpv,7,7,1,3,5,6,7,4,6,7,1,7,6,1,5, ,yes,7,2,6,5,5,3,3,6,5,5,2,2,5,4,5,3,3,33,1,1,2,6,2,1,33,5,1,1,1,1,2, , , , , , , , , , , , , , , ,4.5,-.872316757351456,-.999680196589985,7
R_tPV073cNCnnGO5z,3,3,5,6,6,2,6,1,7,1,6,6,6,2,6, ,yes,6,2,6,1,1,6,6,4,4,1,6,6,7,1,1,6,6,73,2,1,2,6,2,1,73,7,1,1,1,1,2, , , , , , , , , , , , , , , ,6.25,.97180600175776,.693101805324992,6
R_TuuR5vznZhd3wDn,5,5,2,3,2,6,4,6,3,6,1,5,2,6,3, ,yes,5,2,5,4,2,5,5,2,2,1,1,2,3,5,4,3,2,26,1,1,2,6,2,1,26,6,1,1,1,1,2, , , , , , , , , , , , , , , ,2.58333333333333,.04862569920709,-1.20433104853607,5
R_Ub7Rm7p6NsHoBgZ,4,7,1,1,6,6,6,6,6,1,5,6,7,3,6, ,yes,5,2,7,1,7,1,1,7,1,1,6,6,7,1,1,6,6,29,1,1,1,6,2,1,29,7,1,1,1,1,2, , , , , , , , , , , , , , , ,4.91666666666667,-1.12306132415751,1.07232863334359,5
R_vHuYbTIiYLS7t2F,5,4,3,6,6,5,6,5,5,6,5,6,5,2,5, ,yes,6,2,6,6,4,5,5,6,3,4,5,5,6,6,6,5,5,31,1,1,2,2,2,1,18,6,1,1,1,1,2, , , , , , , , , , , , , , , ,4.83333333333333,-.243124329986694,-.175617785244844,6
R_Wp1Qoo3ibQQGvId,4,7,5,7,7,5,6,2,6,6,7,7,7,1,6, ,yes,4,2,5,1,1,6,4,7,5,6,5,4,3,5,3,2,3,28,2,1,2,5,2,1,28,6,1,1,1,1,2, , , , , , , , , , , , , , , ,5.91666666666667,.504080327078732,-.726817336926438,4
R_WqiCEe8pU7caZup,3,5,4,7,7,3,7,2,7,5,7,7,7,2,7, ,yes,6,2,7,4,1,5,5,6,4,1,5,5,4,5,5,3,3,35,1,1,2,6,2,1,35,5,1,1,1,1,2, , , , , , , , , , , , , , , ,6.33333333333333,.490633270624504,-.375303025934099,6
R_Wv8Rz9UChBCh8Ix,7,7,2,6,6,7,4,4,6,2,1,6,1,2,7, ,Yes,7,2,7,2,1,6,5,7,1,1,6,6,3,6,1,4,2,23,1,1,1,8,2,1,18,7,1,1,1,1,2, , , , , , , , , , , , , , , ,4.5,.871327806720893,.117349661764275,7
R_x5H135Ouqn2xRwl,4,3,3,5,5,3,3,5,3,3,3,6,3,5,4, ,yes,4,2,4,4,4,3,4,1,3,3,3,4,3,4,4,3,4,26,1,1,1,6,2,1,26,4,1,1,1,1,2, , , , , , , , , , , , , , , ,4,-.818074734450801,-.924548808547528,4
R_Xwb48LeOlo44dEt,5,5,3,7,7,1,7,1,7,7,7,7,7,1,7, ,yes,5,2,7,2,1,6,6,7,1,1,6,6,4,5,4,4,4,26,2,1,1,6,2,1,26,7,1,1,1,1,2, , , , , , , , , , , , , , , ,6.5,1.02381668680147,.212860694382657,5
R_XXTAiNtgwU6Wdrj,4,6,5,7,7,4,6,1,7,1,1,7,7,5,7, ,yes,5,2,4,5,5,3,2,6,1,7,6,6,6,6,7,5,4,65,2,1,2,5,2,1,65,6,1,1,1,1,2, , , , , , , , , , , , , , , ,5.83333333333333,-1.35030146646778,-.208844131798882,5
R_yKHYHQPw871Aoc9,5,4,4,5,5,7,3,5,3,6,3,4,7,3,5, ,yes,6,2,7,2,1,6,6,7,1,1,6,6,7,1,1,6,6,44,1,1,2,6,2,1,44,4,1,1,1,1,2, , , , , , , , , , , , , , , ,3.83333333333333,1.02381668680147,1.07232863334359,6
R_yQiXt8QInRnATtf,7,7,1,6,7,2,6,1,6,6,7,6,6,4,7, ,yes,7,2,7,7,1,6,6,7,7,1,6,6,7,7,1,6,6,34,1,1,2,6,2,1,34,7,1,1,1,1,2, , , , , , , , , , , , , , , ,5.83333333333333,.470130539430638,.453013254616782,7
R_Z36PEv6oeqoCbYt,6,7,2,7,7,1,7,1,7,3,6,7,7,1,7, ,yes,7,2,7,5,1,6,5,7,7,1,6,6,3,6,3,4,5,20,6,1,2,6,2,1,20,2,1,1,1,1,2, , , , , , , , , , , , , , , ,6.75,.539116118298394,-.0791953695470835,7
R_z6TezTrRDCYDAbv,4,6,2,3,3,6,6,3,6,4,3,2,5,4,2, ,yes,6,2,3,5,4,3,3,4,4,3,4,4,4,3,3,4,4,30,2,1,2,6,2,1,30,5,1,1,1,1,2, , , , , , , , , , , , , , , ,3.75,-1.24404875852342,-.429170320663398,6
R_z89m24PGkWDY7AZ,7,7,1,5,5,5,5,4,5,5,3,4,6,4,4, ,yes,6,2,6,4,1,6,6,7,1,1,6,6,3,6,4,3,3,32,1,1,1,6,2,1,32,4,1,1,1,1,2, , , , , , , , , , , , , , , ,4.25,.639594313335261,-.049023740431791,6
R_ZKtdPyJnXGviovv,7,7,1,1,1,7,7,5,7,7,1,1,7,7,7, ,yes,1,2,7,7,1,3,2,5,7,7,6,6,7,7,7,5,5,28,2,1,2,2,1,1,28,7,1,1,1,1,2, , , , , , , , , , , , , , , ,3.16666666666667,-.617485212335837,-.505377801400287,1
R_ZytzcWpTPUVPunv,5,5,4,7,7,2,6,1,6,2,5,6,5,2,7, ,yes,5,2,7,3,3,4,5,5,4,3,4,4,6,2,2,5,5,36,2,1,2,6,2,1,36,5,1,1,1,1,2, , , , , , , , , , , , , , , ,6.16666666666667,.209126938187288,.0274696938454322,5
R_126k0USg1bIzpk3,6,6,2,3,3,6,6,5,6,3,2,5,6,3,3, ,yes,6,3,6,5,3,5,4,5,2,3,4,4,6,2,5,5,5,22,1,1,2,6,2,1,20,6,1,1,1,1,2, , , , , , , , , , , , , , , ,4.08333333333333, , , 
R_1C1LwPSBBrx00E2,4,4,4,5,6,4,6,3,6,3,5,5,5,3,5, ,yes,3,3,5,5,4,4,4,4,3,5,3,3,5,4,5,4,4,63,2,1,2,6,2,1,63,4,1,1,1,1,2, , , , , , , , , , , , , , , ,5.16666666666667, , , 
R_1gzJBhj5Il8usnI,2,2,6,6,6,2,6,1,6,6,6,6,5,2,5, ,yes,6,3,7,3,1,6,6,7,1,1,6,6,7,1,1,6,6,60,2,1,2,6,2,1,60,7,1,1,1,1,2, , , , , , , , , , , , , , , ,5.58333333333333, , , 
R_1IKuVsp23YVuZPK,5,6,2,5,6,3,6,2,6,2,7,6,5,1,5, ,yes,4,3,5,5,6,4,4,3,6,4,3,2,5,5,4,3,3,29,1,1,1,6,2,1,29,3,1,1,1,1,2, , , , , , , , , , , , , , , ,5.83333333333333, , , 
R_1LzlCszq1STuVuY,6,6,2,5,3,5,6,5,6,2,3,6,6,3,5, ,yes,6,3, , , , , , , , , , , , , , , ,33,1,1,1,7,2,1,33,5,1,1,1,1,2,4,6,4,3,2,6,5,7,3,1,5,4,5,4,2,4.75, , , 
R_1mWPW56adcnmhdf,5,4,2,6,6,2,6,2,5,2,6,6,5,3,6, ,yes,7,3, , , , , , , , , , , , , , , ,37,2,1,2,6,2,1,37,6,1,1,1,1,2,4,5,4,3,2,3,5,4,2,2,4,5,4,3,3,5.75, , , 
R_1QrykPjeHdiv8F6,5,6,2,6,5,4,4,2,6,6,5,6,5,6,6, ,yes,4,3, , , , , , , , , , , , , , , ,22,1,1,2,6,2,1,22,2,1,1,1,1,2,5,5,5,3,3,5,5,5,3,3,4,4,4,3,3,4.75, , , 
R_1r1z84pJnK73jOR,4,4,4,6,6,3,5,2,6,2,5,5,6,3,6, ,yes,6,3,4,5,2,4,3,4,3,1,4,3,3,6,2,3,3,29,1,1,2,6,2,1,29,5,1,1,1,1,2, , , , , , , , , , , , , , , ,5.58333333333333, , , 
R_22meBZdi8vGc0Ia,5,7,6,7,7,5,6,3,5,3,4,6,6,3,6, ,yes,7,3,3,6,2,3,1,5,2,2,5,6,6,2,6,3,5,53,2,1,2,6,2,1,53,6,1,1,1,2,2, , , , , , , , , , , , , , , ,5.41666666666667, , , 
R_27BafFmCSHAGdAK,6,6,3,4,3,5,4,4,5,4,6,5,5,3,4, ,yes,4,3,6,4,3,5,4,5,4,4,4,4,5,4,4,4,3,38,1,1,2,6,2,1,38,3,1,1,1,1,2, , , , , , , , , , , , , , , ,4.33333333333333, , , 
R_27KlNAVyi8II2eN,6,6,2,5,6,5,3,2,3,6,4,6,5,5,3, ,yes,7,3,7,1,1,6,6,7,1,1,6,6,7,1,1,6,6,29,5,1,2,6,2,1,29,7,1,1,1,1,2, , , , , , , , , , , , , , , ,4.08333333333333, , , 
R_2RP3PHtFQcvfE36,3,3,6,7,7,3,7,2,7,1,7,6,7,2,7, ,yes,2,3,4,4,4,3,4,5,4,4,4,4,4,4,4,4,5,41,1,1,2,6,2,1,41,5,1,1,1,1,2, , , , , , , , , , , , , , , ,6.58333333333333, , , 
R_2rYMVUinLQadp7Z,4,4,5,5,5,5,5,4,4,4,4,4,5,3,5, ,yes,3,3, , , , , , , , , , , , , , , ,45,2,1,2,8,2,1,27,3,1,1,1,1,2,4,5,2,5,4,6,4,2,5,4,5,4,3,5,5,4.41666666666667, , , 
R_2WYBrjiT4d3hCd5,4,4,3,5,3,4,4,2,6,5,5,3,4,4,2, ,yes,4,3, , , , , , , , , , , , , , , ,31,1,1,2,6,2,2,31,4,1,1,1,1,2,4,5,4,4,3,4,5,4,4,2,5,4,5,3,3,4.08333333333333, , , 
R_2yfos43pSEanD41,6,7,1,5,5,6,6,4,4,5,2,6,5,4,5, ,yes,7,3, , , , , , , , , , , , , , , ,36,1,1,1,6,2,1,36,4,1,1,1,1,2,1,5,4,1,1,1,6,5,1,1,2,6,5,1,1,4.25, , , 
R_3isY14KXWxF08Lw,5,5,2,5,3,7,3,7,5,6,1,5,2,7,1, ,yes,6,3, , , , , , , , , , , , , , , ,56,2,1,2,6,2,1,56,5,1,1,1,1,2,1,3,6,1,3,1,7,7,1,1,1,7,7,1,2,2.5, , , 
R_3oWRav5TGUr460n,5,5,3,3,5,3,5,5,5,4,6,4,5,4,4,1,yes,3,3, , , , , , , , , , , , , , , ,31,2,1,2,6,2,1,31,4,1,1,1,1,2,5,5,3,4,5,5,3,5,3,3,5,4,6,3,4,4.41666666666667, , , 
R_3OyPI2CE1iKftex,3,3,5,7,7,1,7,1,7,1,7,7,6,2,7, ,yes,4,3, , , , , , , , , , , , , , , ,35,1,1,2,2,2,1,29,1,1,1,1,1,2,2,7,4,2,1,4,7,4,2,1,2,7,4,2,1,6.83333333333333, , , 
R_8jiKuUM5aPGaxkl,6,5,2,5,5,4,5,3,5,3,5,5,6,3,5, ,yes,3,3, , , , , , , , , , , , , , , ,35,2,1,2,6,2,1,35,4,1,1,1,1,2,6,2,1,5,5,6,2,3,4,4,6,1,2,5,5,5, , , 
R_xheMBKR7w9eBpwB,6,6,6,2,3,7,4,6,5,6,5,5,5,3,6, ,yes,4,3,3,4,5,3,4,5,5,4,3,4,2,2,2,1,1,28,1,1,2,6,2,1,28,5,1,1,1,1,2, , , , , , , , , , , , , , , ,3.75, , , 
